INSERT INTO Member(MID) VALUES (101001);
INSERT INTO Member(MID) VALUES (101002);
INSERT INTO Member(MID) VALUES (101003);
INSERT INTO Member(MID) VALUES (101004);
INSERT INTO Member(MID) VALUES (101005);
INSERT INTO Member(MID) VALUES (101006);
INSERT INTO Member(MID) VALUES (101007);
INSERT INTO Member(MID) VALUES (101008);
INSERT INTO Member(MID) VALUES (101009);
INSERT INTO Member(MID) VALUES (101010);
INSERT INTO Member(MID) VALUES (101011);
INSERT INTO Member(MID) VALUES (101012);
INSERT INTO Member(MID) VALUES (101013);
INSERT INTO Member(MID) VALUES (101014);
INSERT INTO Member(MID) VALUES (101015);
INSERT INTO Member(MID) VALUES (101016);
INSERT INTO Member(MID) VALUES (101017);
INSERT INTO Member(MID) VALUES (101018);
INSERT INTO Member(MID) VALUES (101019);
INSERT INTO Member(MID) VALUES (101020);
INSERT INTO Member(MID) VALUES (101021);
INSERT INTO Member(MID) VALUES (101022);
INSERT INTO Member(MID) VALUES (101023);
INSERT INTO Member(MID) VALUES (101024);
INSERT INTO Member(MID) VALUES (101025);
INSERT INTO Member(MID) VALUES (101026);
INSERT INTO Member(MID) VALUES (101027);
INSERT INTO Member(MID) VALUES (101028);
INSERT INTO Member(MID) VALUES (101029);
INSERT INTO Member(MID) VALUES (101030);
INSERT INTO Member(MID) VALUES (101031);
INSERT INTO Member(MID) VALUES (101032);
INSERT INTO Member(MID) VALUES (101033);
INSERT INTO Member(MID) VALUES (101034);
INSERT INTO Member(MID) VALUES (101035);
INSERT INTO Member(MID) VALUES (101036);
INSERT INTO Member(MID) VALUES (101037);
INSERT INTO Member(MID) VALUES (101038);
INSERT INTO Member(MID) VALUES (101039);
INSERT INTO Member(MID) VALUES (101040);
INSERT INTO Member(MID) VALUES (101041);
INSERT INTO Member(MID) VALUES (101042);
INSERT INTO Member(MID) VALUES (101043);
INSERT INTO Member(MID) VALUES (101044);
INSERT INTO Member(MID) VALUES (101045);
INSERT INTO Member(MID) VALUES (101046);
INSERT INTO Member(MID) VALUES (101047);
INSERT INTO Member(MID) VALUES (101048);
INSERT INTO Member(MID) VALUES (101049);
INSERT INTO Member(MID) VALUES (101050);
INSERT INTO Member(MID) VALUES (101051);
INSERT INTO Member(MID) VALUES (101052);
INSERT INTO Member(MID) VALUES (101053);
INSERT INTO Member(MID) VALUES (101054);
INSERT INTO Member(MID) VALUES (101055);
INSERT INTO Member(MID) VALUES (101056);
INSERT INTO Member(MID) VALUES (101057);
INSERT INTO Member(MID) VALUES (101058);
INSERT INTO Member(MID) VALUES (101059);
INSERT INTO Member(MID) VALUES (101060);
INSERT INTO Member(MID) VALUES (101061);
INSERT INTO Member(MID) VALUES (101062);
INSERT INTO Member(MID) VALUES (101063);
INSERT INTO Member(MID) VALUES (101064);
INSERT INTO Member(MID) VALUES (101065);
INSERT INTO Member(MID) VALUES (101066);
INSERT INTO Member(MID) VALUES (101067);
INSERT INTO Member(MID) VALUES (101068);
INSERT INTO Member(MID) VALUES (101069);
INSERT INTO Member(MID) VALUES (101070);
INSERT INTO Member(MID) VALUES (101071);
INSERT INTO Member(MID) VALUES (101072);
INSERT INTO Member(MID) VALUES (101073);
INSERT INTO Member(MID) VALUES (101074);
INSERT INTO Member(MID) VALUES (101075);
INSERT INTO Member(MID) VALUES (101076);
INSERT INTO Member(MID) VALUES (101077);
INSERT INTO Member(MID) VALUES (101078);
INSERT INTO Member(MID) VALUES (101079);
INSERT INTO Member(MID) VALUES (101080);
INSERT INTO Member(MID) VALUES (101081);
INSERT INTO Member(MID) VALUES (101082);
INSERT INTO Member(MID) VALUES (101083);
INSERT INTO Member(MID) VALUES (101084);
INSERT INTO Member(MID) VALUES (101085);
INSERT INTO Member(MID) VALUES (101086);
INSERT INTO Member(MID) VALUES (101087);
INSERT INTO Member(MID) VALUES (101088);
INSERT INTO Member(MID) VALUES (101089);
INSERT INTO Member(MID) VALUES (101090);
INSERT INTO Member(MID) VALUES (101091);
INSERT INTO Member(MID) VALUES (101092);
INSERT INTO Member(MID) VALUES (101093);
INSERT INTO Member(MID) VALUES (101094);
INSERT INTO Member(MID) VALUES (101095);
INSERT INTO Member(MID) VALUES (101096);
INSERT INTO Member(MID) VALUES (101097);
INSERT INTO Member(MID) VALUES (101098);
INSERT INTO Member(MID) VALUES (101099);
INSERT INTO Member(MID) VALUES (101100);
INSERT INTO Member(MID) VALUES (101101);
INSERT INTO Member(MID) VALUES (101102);
INSERT INTO Member(MID) VALUES (101103);
INSERT INTO Member(MID) VALUES (101104);
INSERT INTO Member(MID) VALUES (101105);
INSERT INTO Member(MID) VALUES (101106);
INSERT INTO Member(MID) VALUES (101107);
INSERT INTO Member(MID) VALUES (101108);
INSERT INTO Member(MID) VALUES (101109);
INSERT INTO Member(MID) VALUES (101110);
INSERT INTO Member(MID) VALUES (101111);
INSERT INTO Member(MID) VALUES (101112);
INSERT INTO Member(MID) VALUES (101113);
INSERT INTO Member(MID) VALUES (101114);
INSERT INTO Member(MID) VALUES (101115);
INSERT INTO Member(MID) VALUES (101116);
INSERT INTO Member(MID) VALUES (101117);
INSERT INTO Member(MID) VALUES (101118);
INSERT INTO Member(MID) VALUES (101119);
INSERT INTO Member(MID) VALUES (101120);
INSERT INTO Member(MID) VALUES (101121);
INSERT INTO Member(MID) VALUES (101122);
INSERT INTO Member(MID) VALUES (101123);
INSERT INTO Member(MID) VALUES (101124);
INSERT INTO Member(MID) VALUES (101125);
INSERT INTO Member(MID) VALUES (101126);
INSERT INTO Member(MID) VALUES (101127);
INSERT INTO Member(MID) VALUES (101128);
INSERT INTO Member(MID) VALUES (101129);
INSERT INTO Member(MID) VALUES (101130);
INSERT INTO Member(MID) VALUES (101131);
INSERT INTO Member(MID) VALUES (101132);
INSERT INTO Member(MID) VALUES (101133);
INSERT INTO Member(MID) VALUES (101134);
INSERT INTO Member(MID) VALUES (101135);
INSERT INTO Member(MID) VALUES (101136);
INSERT INTO Member(MID) VALUES (101137);
INSERT INTO Member(MID) VALUES (101138);
INSERT INTO Member(MID) VALUES (101139);
INSERT INTO Member(MID) VALUES (101140);
INSERT INTO Member(MID) VALUES (101141);
INSERT INTO Member(MID) VALUES (101142);
INSERT INTO Member(MID) VALUES (101143);
INSERT INTO Member(MID) VALUES (101144);
INSERT INTO Member(MID) VALUES (101145);
INSERT INTO Member(MID) VALUES (101146);
INSERT INTO Member(MID) VALUES (101147);
INSERT INTO Member(MID) VALUES (101148);
INSERT INTO Member(MID) VALUES (101149);
INSERT INTO Member(MID) VALUES (101150);
INSERT INTO Member(MID) VALUES (101151);
INSERT INTO Member(MID) VALUES (101152);
INSERT INTO Member(MID) VALUES (101153);
INSERT INTO Member(MID) VALUES (101154);
INSERT INTO Member(MID) VALUES (101155);
INSERT INTO Member(MID) VALUES (101156);
INSERT INTO Member(MID) VALUES (101157);
INSERT INTO Member(MID) VALUES (101158);
INSERT INTO Member(MID) VALUES (101159);
INSERT INTO Member(MID) VALUES (101160);
INSERT INTO Member(MID) VALUES (101161);
INSERT INTO Member(MID) VALUES (101162);
INSERT INTO Member(MID) VALUES (101163);
INSERT INTO Member(MID) VALUES (101164);
INSERT INTO Member(MID) VALUES (101165);
INSERT INTO Member(MID) VALUES (101166);
INSERT INTO Member(MID) VALUES (101167);
INSERT INTO Member(MID) VALUES (101168);
INSERT INTO Member(MID) VALUES (101169);
INSERT INTO Member(MID) VALUES (101170);
INSERT INTO Member(MID) VALUES (101171);
INSERT INTO Member(MID) VALUES (101172);
INSERT INTO Member(MID) VALUES (101173);
INSERT INTO Member(MID) VALUES (101174);
INSERT INTO Member(MID) VALUES (101175);
INSERT INTO Member(MID) VALUES (101176);
INSERT INTO Member(MID) VALUES (101177);
INSERT INTO Member(MID) VALUES (101178);
INSERT INTO Member(MID) VALUES (101179);
INSERT INTO Member(MID) VALUES (101180);
INSERT INTO Member(MID) VALUES (101181);
INSERT INTO Member(MID) VALUES (101182);
INSERT INTO Member(MID) VALUES (101183);
INSERT INTO Member(MID) VALUES (101184);
INSERT INTO Member(MID) VALUES (101185);
INSERT INTO Member(MID) VALUES (101186);
INSERT INTO Member(MID) VALUES (101187);
INSERT INTO Member(MID) VALUES (101188);
INSERT INTO Member(MID) VALUES (101189);
INSERT INTO Member(MID) VALUES (101190);
INSERT INTO Member(MID) VALUES (101191);
INSERT INTO Member(MID) VALUES (101192);
INSERT INTO Member(MID) VALUES (101193);
INSERT INTO Member(MID) VALUES (101194);
INSERT INTO Member(MID) VALUES (101195);
INSERT INTO Member(MID) VALUES (101196);
INSERT INTO Member(MID) VALUES (101197);
INSERT INTO Member(MID) VALUES (101198);
INSERT INTO Member(MID) VALUES (101199);
INSERT INTO Member(MID) VALUES (101200);
INSERT INTO Member(MID) VALUES (101201);
INSERT INTO Member(MID) VALUES (101202);
INSERT INTO Member(MID) VALUES (101203);
INSERT INTO Member(MID) VALUES (101204);
INSERT INTO Member(MID) VALUES (101205);
INSERT INTO Member(MID) VALUES (101206);
INSERT INTO Member(MID) VALUES (101207);
INSERT INTO Member(MID) VALUES (101208);
INSERT INTO Member(MID) VALUES (101209);
INSERT INTO Member(MID) VALUES (101210);
INSERT INTO Member(MID) VALUES (101211);
INSERT INTO Member(MID) VALUES (101212);
INSERT INTO Member(MID) VALUES (101213);
INSERT INTO Member(MID) VALUES (101214);
INSERT INTO Member(MID) VALUES (101215);
INSERT INTO Member(MID) VALUES (101216);
INSERT INTO Member(MID) VALUES (101217);
INSERT INTO Member(MID) VALUES (101218);
INSERT INTO Member(MID) VALUES (101219);
INSERT INTO Member(MID) VALUES (101220);
INSERT INTO Member(MID) VALUES (101221);
INSERT INTO Member(MID) VALUES (101222);
INSERT INTO Member(MID) VALUES (101223);
INSERT INTO Member(MID) VALUES (101224);
INSERT INTO Member(MID) VALUES (101225);
INSERT INTO Member(MID) VALUES (101226);
INSERT INTO Member(MID) VALUES (101227);
INSERT INTO Member(MID) VALUES (101228);
INSERT INTO Member(MID) VALUES (101229);
INSERT INTO Member(MID) VALUES (101230);
INSERT INTO Member(MID) VALUES (101231);
INSERT INTO Member(MID) VALUES (101232);
INSERT INTO Member(MID) VALUES (101233);
INSERT INTO Member(MID) VALUES (101234);
INSERT INTO Member(MID) VALUES (101235);
INSERT INTO Member(MID) VALUES (101236);
INSERT INTO Member(MID) VALUES (101237);
INSERT INTO Member(MID) VALUES (101238);
INSERT INTO Member(MID) VALUES (101239);
INSERT INTO Member(MID) VALUES (101240);
INSERT INTO Member(MID) VALUES (101241);
INSERT INTO Member(MID) VALUES (101242);
INSERT INTO Member(MID) VALUES (101243);
INSERT INTO Member(MID) VALUES (101244);
INSERT INTO Member(MID) VALUES (101245);
INSERT INTO Member(MID) VALUES (101246);
INSERT INTO Member(MID) VALUES (101247);
INSERT INTO Member(MID) VALUES (101248);
INSERT INTO Member(MID) VALUES (101249);
INSERT INTO Member(MID) VALUES (101250);
INSERT INTO Member(MID) VALUES (101251);
INSERT INTO Member(MID) VALUES (101252);
INSERT INTO Member(MID) VALUES (101253);
INSERT INTO Member(MID) VALUES (101254);
INSERT INTO Member(MID) VALUES (101255);
INSERT INTO Member(MID) VALUES (101256);
INSERT INTO Member(MID) VALUES (101257);
INSERT INTO Member(MID) VALUES (101258);
INSERT INTO Member(MID) VALUES (101259);
INSERT INTO Member(MID) VALUES (101260);
INSERT INTO Member(MID) VALUES (101261);
INSERT INTO Member(MID) VALUES (101262);
INSERT INTO Member(MID) VALUES (101263);
INSERT INTO Member(MID) VALUES (101264);
INSERT INTO Member(MID) VALUES (101265);
INSERT INTO Member(MID) VALUES (101266);
INSERT INTO Member(MID) VALUES (101267);
INSERT INTO Member(MID) VALUES (101268);
INSERT INTO Member(MID) VALUES (101269);
INSERT INTO Member(MID) VALUES (101270);
INSERT INTO Member(MID) VALUES (101271);
INSERT INTO Member(MID) VALUES (101272);
INSERT INTO Member(MID) VALUES (101273);
INSERT INTO Member(MID) VALUES (101274);
INSERT INTO Member(MID) VALUES (101275);
INSERT INTO Member(MID) VALUES (101276);
INSERT INTO Member(MID) VALUES (101277);
INSERT INTO Member(MID) VALUES (101278);
INSERT INTO Member(MID) VALUES (101279);
INSERT INTO Member(MID) VALUES (101280);
INSERT INTO Member(MID) VALUES (101281);
INSERT INTO Member(MID) VALUES (101282);
INSERT INTO Member(MID) VALUES (101283);
INSERT INTO Member(MID) VALUES (101284);
INSERT INTO Member(MID) VALUES (101285);
INSERT INTO Member(MID) VALUES (101286);
INSERT INTO Member(MID) VALUES (101287);
INSERT INTO Member(MID) VALUES (101288);
INSERT INTO Member(MID) VALUES (101289);
INSERT INTO Member(MID) VALUES (101290);
INSERT INTO Member(MID) VALUES (101291);
INSERT INTO Member(MID) VALUES (101292);
INSERT INTO Member(MID) VALUES (101293);
INSERT INTO Member(MID) VALUES (101294);
INSERT INTO Member(MID) VALUES (101295);
INSERT INTO Member(MID) VALUES (101296);
INSERT INTO Member(MID) VALUES (101297);
INSERT INTO Member(MID) VALUES (101298);
INSERT INTO Member(MID) VALUES (101299);
INSERT INTO Member(MID) VALUES (101300);
INSERT INTO Member(MID) VALUES (101301);
INSERT INTO Member(MID) VALUES (101302);
INSERT INTO Member(MID) VALUES (101303);
INSERT INTO Member(MID) VALUES (101304);
INSERT INTO Member(MID) VALUES (101305);
INSERT INTO Member(MID) VALUES (101306);
INSERT INTO Member(MID) VALUES (101307);
INSERT INTO Member(MID) VALUES (101308);
INSERT INTO Member(MID) VALUES (101309);
INSERT INTO Member(MID) VALUES (101310);
INSERT INTO Member(MID) VALUES (101311);
INSERT INTO Member(MID) VALUES (101312);
INSERT INTO Member(MID) VALUES (101313);
INSERT INTO Member(MID) VALUES (101314);
INSERT INTO Member(MID) VALUES (101315);
INSERT INTO Member(MID) VALUES (101316);
INSERT INTO Member(MID) VALUES (101317);
INSERT INTO Member(MID) VALUES (101318);
INSERT INTO Member(MID) VALUES (101319);
INSERT INTO Member(MID) VALUES (101320);
INSERT INTO Member(MID) VALUES (101321);
INSERT INTO Member(MID) VALUES (101322);
INSERT INTO Member(MID) VALUES (101323);
INSERT INTO Member(MID) VALUES (101324);
INSERT INTO Member(MID) VALUES (101325);
INSERT INTO Member(MID) VALUES (101326);
INSERT INTO Member(MID) VALUES (101327);
INSERT INTO Member(MID) VALUES (101328);
INSERT INTO Member(MID) VALUES (101329);
INSERT INTO Member(MID) VALUES (101330);
INSERT INTO Member(MID) VALUES (101331);
INSERT INTO Member(MID) VALUES (101332);
INSERT INTO Member(MID) VALUES (101333);
INSERT INTO Member(MID) VALUES (101334);
INSERT INTO Member(MID) VALUES (101335);
INSERT INTO Member(MID) VALUES (101336);
INSERT INTO Member(MID) VALUES (101337);
INSERT INTO Member(MID) VALUES (101338);
INSERT INTO Member(MID) VALUES (101339);
INSERT INTO Member(MID) VALUES (101340);
INSERT INTO Member(MID) VALUES (101341);
INSERT INTO Member(MID) VALUES (101342);
INSERT INTO Member(MID) VALUES (101343);
INSERT INTO Member(MID) VALUES (101344);
INSERT INTO Member(MID) VALUES (101345);
INSERT INTO Member(MID) VALUES (101346);
INSERT INTO Member(MID) VALUES (101347);
INSERT INTO Member(MID) VALUES (101348);
INSERT INTO Member(MID) VALUES (101349);
INSERT INTO Member(MID) VALUES (101350);

INSERT INTO Employee(ID,SSN,FName,MName,LName,BDate,Address,Salary,EmployeeType,MID) VALUES (100002,'235-41-781','Sally','Winfield','Kynson','1962-12-11','2564 Browning Place',2715.76,1,'101002');
INSERT INTO Employee(ID,SSN,FName,MName,LName,BDate,Address,Salary,EmployeeType,MID) VALUES (100001,'191-71-992','Ara','Tomlin','Kienle','1972-01-29','9305 Judy Avenue',8368.65,2,'101001');
INSERT INTO Employee(ID,SSN,FName,MName,LName,BDate,Address,Salary,EmployeeType,MID) VALUES (100003,'880-10-151','Dicky','Evelina','Filyashin','1980-09-19','3 Sloan Pass',6830.83,2,'101003');
INSERT INTO Employee(ID,SSN,FName,MName,LName,BDate,Address,Salary,EmployeeType,MID) VALUES (100004,'203-81-813','Yorker','Orella','Dowbakin','1994-04-10','2 High Crossing Lane',2486.97,2,'101004');
INSERT INTO Employee(ID,SSN,FName,MName,LName,BDate,Address,Salary,EmployeeType,MID) VALUES (100005,'859-01-921','Nichol','Niko','Wason','1984-11-18','4635 Monterey Avenue',3267.71,4,'101005');
INSERT INTO Employee(ID,SSN,FName,MName,LName,BDate,Address,Salary,EmployeeType,MID) VALUES (100006,'212-83-021','Shellysheldon','Jackie','Symcock','1984-05-17','7 Nobel Crossing',9044.75,2,'101006');
INSERT INTO Employee(ID,SSN,FName,MName,LName,BDate,Address,Salary,EmployeeType,MID) VALUES (100007,'162-53-335','Justine','Xenos','Keesman','1995-02-10','8 Amoth Pass',5426.39,2,'101007');
INSERT INTO Employee(ID,SSN,FName,MName,LName,BDate,Address,Salary,EmployeeType,MID) VALUES (100008,'746-38-958','Phillis','Bridget','Tilley','1987-06-28','51 Moland Alley',4207.55,5,'101008');
INSERT INTO Employee(ID,SSN,FName,MName,LName,BDate,Address,Salary,EmployeeType,MID) VALUES (100009,'329-18-452','Hugh','Marylee','Leist','1977-05-07','08 John Wall Avenue',8484.95,1,'101009');
INSERT INTO Employee(ID,SSN,FName,MName,LName,BDate,Address,Salary,EmployeeType,MID) VALUES (100010,'752-92-704','Wilmar','Gratia','Crudgington','1971-03-02','999 Cascade Park',1133.31,1,'101010');
INSERT INTO Employee(ID,SSN,FName,MName,LName,BDate,Address,Salary,EmployeeType,MID) VALUES (100011,'571-03-917','Fulton','Rochell','Sambath','1986-08-07','025 Declaration Point',9371.79,4,'101011');
INSERT INTO Employee(ID,SSN,FName,MName,LName,BDate,Address,Salary,EmployeeType,MID) VALUES (100012,'240-79-110','Irvine','Maud','Yelding','1964-04-13','630 Donald Lane',3084.77,5,'101012');
INSERT INTO Employee(ID,SSN,FName,MName,LName,BDate,Address,Salary,EmployeeType,MID) VALUES (100013,'172-69-090','Melvin','Ricky','Plumtree','1988-04-27','901 Westport Alley',2189.27,3,'101013');
INSERT INTO Employee(ID,SSN,FName,MName,LName,BDate,Address,Salary,EmployeeType,MID) VALUES (100014,'575-27-214','Bobinette','Rosana','Magnay','1979-06-02','9 Armistice Alley',3546.5,1,'101014');
INSERT INTO Employee(ID,SSN,FName,MName,LName,BDate,Address,Salary,EmployeeType,MID) VALUES (100015,'422-52-770','Sandor','Jasen','Witherop','1989-12-05','5167 Lakewood Park',6501.82,5,'101015');
INSERT INTO Employee(ID,SSN,FName,MName,LName,BDate,Address,Salary,EmployeeType,MID) VALUES (100016,'504-29-890','Shell','Valli','Lerwill','1988-11-17','9576 Lake View Road',2916.03,1,'101016');
INSERT INTO Employee(ID,SSN,FName,MName,LName,BDate,Address,Salary,EmployeeType,MID) VALUES (100017,'589-06-112','Morton','Haleigh','Wearn','1965-09-07','046 Homewood Point',3466.66,3,'101017');
INSERT INTO Employee(ID,SSN,FName,MName,LName,BDate,Address,Salary,EmployeeType,MID) VALUES (100018,'103-53-261','Valene','Karyl','Hukin','1997-06-27','9508 Rockefeller Trail',5957.41,3,'101018');
INSERT INTO Employee(ID,SSN,FName,MName,LName,BDate,Address,Salary,EmployeeType,MID) VALUES (100019,'775-46-918','Reba','Amitie','Straffon','1969-11-09','29178 Dakota Crossing',9048.54,4,'101019');
INSERT INTO Employee(ID,SSN,FName,MName,LName,BDate,Address,Salary,EmployeeType,MID) VALUES (100020,'347-09-109','Beret','Caesar','Blacklock','1966-08-24','85736 Buhler Crossing',7247.81,1,'101020');
INSERT INTO Employee(ID,SSN,FName,MName,LName,BDate,Address,Salary,EmployeeType,MID) VALUES (100021,'197-39-726','Prudi','Hale','Fant','1971-06-03','6980 Grover Hill',2114.67,4,'101021');
INSERT INTO Employee(ID,SSN,FName,MName,LName,BDate,Address,Salary,EmployeeType,MID) VALUES (100022,'691-11-412','Leelah','Justus','Grocott','1975-05-30','3 Jenifer Hill',8470.59,1,'101022');
INSERT INTO Employee(ID,SSN,FName,MName,LName,BDate,Address,Salary,EmployeeType,MID) VALUES (100023,'274-35-919','Wiatt','Hewett','Rainbow','1987-04-16','8566 Gulseth Pass',7321.92,4,'101023');
INSERT INTO Employee(ID,SSN,FName,MName,LName,BDate,Address,Salary,EmployeeType,MID) VALUES (100024,'113-56-004','Shannon','Nadya','Keasley','1998-04-02','28 Prairie Rose Place',2300.45,4,'101024');
INSERT INTO Employee(ID,SSN,FName,MName,LName,BDate,Address,Salary,EmployeeType,MID) VALUES (100025,'899-25-744','Barrie','Nickolai','Baumann','1976-08-14','9100 Brickson Park Street',1304.16,2,'101025');
INSERT INTO Employee(ID,SSN,FName,MName,LName,BDate,Address,Salary,EmployeeType,MID) VALUES (100026,'669-18-569','Gwendolyn','Genevieve','Hofton','1967-01-08','0 Walton Court',6562.47,1,'101026');
INSERT INTO Employee(ID,SSN,FName,MName,LName,BDate,Address,Salary,EmployeeType,MID) VALUES (100027,'142-92-673','Pearce','Jere','Coughlan','1982-02-26','69 Westport Pass',7880.77,1,'101027');
INSERT INTO Employee(ID,SSN,FName,MName,LName,BDate,Address,Salary,EmployeeType,MID) VALUES (100028,'230-68-237','Asher','Shermie','Gozard','1987-06-02','6 International Hill',4131.07,4,'101028');
INSERT INTO Employee(ID,SSN,FName,MName,LName,BDate,Address,Salary,EmployeeType,MID) VALUES (100029,'127-57-939','Lynn','Hercule','Cleghorn','1982-08-13','858 Hansons Center',1237.99,4,'101029');
INSERT INTO Employee(ID,SSN,FName,MName,LName,BDate,Address,Salary,EmployeeType,MID) VALUES (100030,'628-45-865','Lesley','Kaile','Welling','1990-10-31','000 Hintze Hill',9616.86,5,'101030');
INSERT INTO Employee(ID,SSN,FName,MName,LName,BDate,Address,Salary,EmployeeType,MID) VALUES (100031,'279-12-628','Maggi','Cobb','Sprigin','1973-03-01','135 Logan Way',8239.05,1,'101031');
INSERT INTO Employee(ID,SSN,FName,MName,LName,BDate,Address,Salary,EmployeeType,MID) VALUES (100032,'896-93-707','Brodie','Faunie','Bentick','2000-05-01','6865 Truax Hill',8851.16,2,'101032');
INSERT INTO Employee(ID,SSN,FName,MName,LName,BDate,Address,Salary,EmployeeType,MID) VALUES (100033,'567-11-151','Flin','Chiquia','Jollie','2000-11-27','7 Bultman Crossing',6940.7,1,'101033');
INSERT INTO Employee(ID,SSN,FName,MName,LName,BDate,Address,Salary,EmployeeType,MID) VALUES (100034,'681-44-116','Modesty','Simeon','Walford','1980-10-01','9 Oneill Alley',9050.88,1,'101034');
INSERT INTO Employee(ID,SSN,FName,MName,LName,BDate,Address,Salary,EmployeeType,MID) VALUES (100035,'344-18-076','Dennie','Carmelle','Haskur','1998-09-03','41 Buell Terrace',1778.95,5,'101035');
INSERT INTO Employee(ID,SSN,FName,MName,LName,BDate,Address,Salary,EmployeeType,MID) VALUES (100036,'606-82-140','Hinda','Clint','Hague','1969-03-15','0657 Center Junction',1264.63,3,'101036');
INSERT INTO Employee(ID,SSN,FName,MName,LName,BDate,Address,Salary,EmployeeType,MID) VALUES (100037,'549-02-173','Chance','Perren','Glowinski','1963-07-01','6825 Union Court',9640.96,3,'101037');
INSERT INTO Employee(ID,SSN,FName,MName,LName,BDate,Address,Salary,EmployeeType,MID) VALUES (100038,'315-07-478','Brent','Selestina','Gridon','1991-08-14','25 Dixon Street',6879.68,5,'101038');
INSERT INTO Employee(ID,SSN,FName,MName,LName,BDate,Address,Salary,EmployeeType,MID) VALUES (100039,'512-50-613','Natal','Giorgia','Suermeier','1984-08-22','830 Melody Pass',6666.06,1,'101039');
INSERT INTO Employee(ID,SSN,FName,MName,LName,BDate,Address,Salary,EmployeeType,MID) VALUES (100040,'374-99-701','Berkly','Genovera','Sketh','1962-12-20','0191 Oneill Drive',8341.02,4,'101040');
INSERT INTO Employee(ID,SSN,FName,MName,LName,BDate,Address,Salary,EmployeeType,MID) VALUES (100041,'133-89-540','Saraann','Rycca','O''Leagham','1991-10-15','3274 Maywood Place',5567.73,2,'101041');
INSERT INTO Employee(ID,SSN,FName,MName,LName,BDate,Address,Salary,EmployeeType,MID) VALUES (100042,'498-42-043','Arlette','Angelina','Baxstare','1972-03-21','7 Hayes Circle',9165.02,5,'101042');
INSERT INTO Employee(ID,SSN,FName,MName,LName,BDate,Address,Salary,EmployeeType,MID) VALUES (100043,'818-24-559','Artemis','Carolus','Rubbert','1996-11-10','18 Hanson Avenue',4386.59,3,'101043');
INSERT INTO Employee(ID,SSN,FName,MName,LName,BDate,Address,Salary,EmployeeType,MID) VALUES (100044,'101-87-240','Lark','Jorgan','Bartomieu','1983-04-05','693 Lukken Lane',7758.85,5,'101044');
INSERT INTO Employee(ID,SSN,FName,MName,LName,BDate,Address,Salary,EmployeeType,MID) VALUES (100045,'345-75-785','Pooh','Corbett','Bluett','1963-02-01','62 Welch Crossing',3534.58,1,'101045');
INSERT INTO Employee(ID,SSN,FName,MName,LName,BDate,Address,Salary,EmployeeType,MID) VALUES (100046,'801-26-916','Ashla','Suzy','Walhedd','1999-01-09','5 Manufacturers Parkway',3098.24,3,'101046');
INSERT INTO Employee(ID,SSN,FName,MName,LName,BDate,Address,Salary,EmployeeType,MID) VALUES (100047,'807-25-489','Portie','Octavius','Sale','1983-03-06','3 Starling Road',2224.15,5,'101047');
INSERT INTO Employee(ID,SSN,FName,MName,LName,BDate,Address,Salary,EmployeeType,MID) VALUES (100048,'566-92-432','Bordy','Zechariah','Penquet','1984-03-27','4 Marcy Point',7651.02,3,'101048');
INSERT INTO Employee(ID,SSN,FName,MName,LName,BDate,Address,Salary,EmployeeType,MID) VALUES (100049,'433-19-754','Jennee','Dar','Phelip','1967-07-09','4726 Briar Crest Circle',1872.85,5,'101049');
INSERT INTO Employee(ID,SSN,FName,MName,LName,BDate,Address,Salary,EmployeeType,MID) VALUES (100050,'808-86-112','Oriana','Marsh','Batchellor','1978-06-10','3020 Shoshone Junction',8338.06,5,'101050');
INSERT INTO Employee(ID,SSN,FName,MName,LName,BDate,Address,Salary,EmployeeType,MID) VALUES (100051,'368-87-088','Jerrie','Kiley','Rothermel','1980-12-06','48557 Village Crossing',3697.85,4,'101051');
INSERT INTO Employee(ID,SSN,FName,MName,LName,BDate,Address,Salary,EmployeeType,MID) VALUES (100052,'234-40-837','Hymie','Abba','Hellwich','1985-10-04','73 Eagle Crest Plaza',5113.92,3,'101052');
INSERT INTO Employee(ID,SSN,FName,MName,LName,BDate,Address,Salary,EmployeeType,MID) VALUES (100053,'562-46-519','Alena','Robbie','Brummell','1985-10-12','28327 La Follette Plaza',5967.85,4,'101053');
INSERT INTO Employee(ID,SSN,FName,MName,LName,BDate,Address,Salary,EmployeeType,MID) VALUES (100054,'682-94-979','Thorsten','Brewster','Scholling','1989-08-20','8924 Buell Terrace',8853.77,2,'101054');
INSERT INTO Employee(ID,SSN,FName,MName,LName,BDate,Address,Salary,EmployeeType,MID) VALUES (100055,'827-74-517','Valerie','Elysia','Lisciandri','1987-03-22','15356 Goodland Terrace',3599.88,4,'101055');
INSERT INTO Employee(ID,SSN,FName,MName,LName,BDate,Address,Salary,EmployeeType,MID) VALUES (100056,'273-97-003','Elizabeth','Norah','Sidney','2000-04-13','0 Hermina Drive',5386.36,1,'101056');
INSERT INTO Employee(ID,SSN,FName,MName,LName,BDate,Address,Salary,EmployeeType,MID) VALUES (100057,'858-60-913','Aurel','Arvie','Burchnall','1984-08-04','7 Stephen Park',4074.95,5,'101057');
INSERT INTO Employee(ID,SSN,FName,MName,LName,BDate,Address,Salary,EmployeeType,MID) VALUES (100058,'135-71-918','Lexine','Tiebout','Emmines','1972-10-09','13965 Nevada Terrace',9671.53,5,'101058');
INSERT INTO Employee(ID,SSN,FName,MName,LName,BDate,Address,Salary,EmployeeType,MID) VALUES (100059,'706-17-666','Frasier','Lurlene','Childe','1982-11-03','38995 Continental Junction',3818.77,4,'101059');
INSERT INTO Employee(ID,SSN,FName,MName,LName,BDate,Address,Salary,EmployeeType,MID) VALUES (100060,'283-76-098','Adela','Ania','Pyrke','1983-03-06','66729 Shasta Trail',8037.5,4,'101060');
INSERT INTO Employee(ID,SSN,FName,MName,LName,BDate,Address,Salary,EmployeeType,MID) VALUES (100061,'280-79-947','Tyson','Gail','Dittson','1963-08-19','414 5th Point',5592.74,4,'101061');
INSERT INTO Employee(ID,SSN,FName,MName,LName,BDate,Address,Salary,EmployeeType,MID) VALUES (100062,'105-23-419','Wilmette','Freddy','Laughlan','1995-08-08','52 Eggendart Terrace',6593.19,1,'101062');
INSERT INTO Employee(ID,SSN,FName,MName,LName,BDate,Address,Salary,EmployeeType,MID) VALUES (100063,'384-71-114','Gusti','Jamill','Carde','1982-12-25','33 Moulton Drive',9108.96,5,'101063');
INSERT INTO Employee(ID,SSN,FName,MName,LName,BDate,Address,Salary,EmployeeType,MID) VALUES (100064,'291-19-106','Vasili','Barnett','Bauser','1964-01-17','8 Cordelia Crossing',6991.96,1,'101064');
INSERT INTO Employee(ID,SSN,FName,MName,LName,BDate,Address,Salary,EmployeeType,MID) VALUES (100065,'611-32-765','Garik','Lauritz','Lynam','1990-08-27','584 Rigney Circle',2422.57,4,'101065');
INSERT INTO Employee(ID,SSN,FName,MName,LName,BDate,Address,Salary,EmployeeType,MID) VALUES (100066,'846-51-507','Stephanie','Joanna','Godsil','1999-08-09','795 Carberry Street',4225.27,3,'101066');
INSERT INTO Employee(ID,SSN,FName,MName,LName,BDate,Address,Salary,EmployeeType,MID) VALUES (100067,'828-52-006','Ario','Ebonee','Atto','1978-06-04','61291 Anhalt Plaza',4828.3,4,'101067');
INSERT INTO Employee(ID,SSN,FName,MName,LName,BDate,Address,Salary,EmployeeType,MID) VALUES (100068,'832-49-031','Joscelin','Arlette','Bazell','1990-04-18','1 Becker Junction',2302.52,5,'101068');
INSERT INTO Employee(ID,SSN,FName,MName,LName,BDate,Address,Salary,EmployeeType,MID) VALUES (100069,'810-68-448','Collette','Adela','Tuppeny','1994-04-03','39980 Prairie Rose Junction',9123.77,5,'101069');
INSERT INTO Employee(ID,SSN,FName,MName,LName,BDate,Address,Salary,EmployeeType,MID) VALUES (100070,'148-47-489','Tildie','Phyllis','Ajean','1989-12-25','96 Carpenter Place',6098.61,5,'101070');
INSERT INTO Employee(ID,SSN,FName,MName,LName,BDate,Address,Salary,EmployeeType,MID) VALUES (100071,'415-35-899','Barret','Stinky','Lahive','1971-04-15','9 Swallow Street',5016.02,3,'101071');
INSERT INTO Employee(ID,SSN,FName,MName,LName,BDate,Address,Salary,EmployeeType,MID) VALUES (100072,'672-74-718','Robbyn','Trina','Scarff','1981-10-02','44 Homewood Point',5990.61,5,'101072');
INSERT INTO Employee(ID,SSN,FName,MName,LName,BDate,Address,Salary,EmployeeType,MID) VALUES (100073,'176-21-128','Corrine','Brynne','Buttwell','1989-01-24','74311 Village Drive',5861.53,1,'101073');
INSERT INTO Employee(ID,SSN,FName,MName,LName,BDate,Address,Salary,EmployeeType,MID) VALUES (100074,'379-69-108','Mel','Marlena','Bartley','1969-06-13','04 Gateway Court',9929.09,1,'101074');
INSERT INTO Employee(ID,SSN,FName,MName,LName,BDate,Address,Salary,EmployeeType,MID) VALUES (100075,'538-74-037','Lannie','Jorgan','Greenig','1979-10-21','73612 Ryan Court',8616.15,2,'101075');
INSERT INTO Employee(ID,SSN,FName,MName,LName,BDate,Address,Salary,EmployeeType,MID) VALUES (100076,'711-41-007','Waylen','Reid','Bianco','1995-03-23','0468 Melody Trail',4131.21,3,'101076');
INSERT INTO Employee(ID,SSN,FName,MName,LName,BDate,Address,Salary,EmployeeType,MID) VALUES (100077,'413-67-432','Willard','Anna-maria','Barrell','2000-12-01','10 Merry Alley',8857.22,3,'101077');
INSERT INTO Employee(ID,SSN,FName,MName,LName,BDate,Address,Salary,EmployeeType,MID) VALUES (100078,'357-78-067','Jason','Alvis','Saffen','1972-08-30','98299 Autumn Leaf Road',9348.77,4,'101078');
INSERT INTO Employee(ID,SSN,FName,MName,LName,BDate,Address,Salary,EmployeeType,MID) VALUES (100079,'556-17-390','Zoe','Tadeas','Gindghill','1977-12-24','18 Toban Way',4386.81,2,'101079');
INSERT INTO Employee(ID,SSN,FName,MName,LName,BDate,Address,Salary,EmployeeType,MID) VALUES (100080,'417-28-412','Jefferey','Cortney','McGinn','1969-08-21','06811 Norway Maple Trail',4305.07,3,'101080');
INSERT INTO Employee(ID,SSN,FName,MName,LName,BDate,Address,Salary,EmployeeType,MID) VALUES (100081,'406-57-831','Reginald','Wyn','Filyakov','1979-01-22','16 Eagle Crest Road',7894.82,1,'101081');
INSERT INTO Employee(ID,SSN,FName,MName,LName,BDate,Address,Salary,EmployeeType,MID) VALUES (100082,'547-07-997','Tedra','Jeanette','Flint','1984-04-07','675 Bonner Point',5939.71,3,'101082');
INSERT INTO Employee(ID,SSN,FName,MName,LName,BDate,Address,Salary,EmployeeType,MID) VALUES (100083,'486-01-420','Em','Bab','Gummary','1983-01-20','78323 Myrtle Avenue',6718.35,4,'101083');
INSERT INTO Employee(ID,SSN,FName,MName,LName,BDate,Address,Salary,EmployeeType,MID) VALUES (100084,'866-78-183','Tammie','Pembroke','Smiz','1963-07-24','6302 Mifflin Circle',4879.47,1,'101084');
INSERT INTO Employee(ID,SSN,FName,MName,LName,BDate,Address,Salary,EmployeeType,MID) VALUES (100085,'415-29-664','Lynde','Enrika','Fylan','1974-07-12','892 Del Sol Center',6665.36,4,'101085');
INSERT INTO Employee(ID,SSN,FName,MName,LName,BDate,Address,Salary,EmployeeType,MID) VALUES (100086,'463-19-510','Morgana','Rosetta','Pitkaithly','1981-01-16','91 Melody Crossing',7053.76,2,'101086');
INSERT INTO Employee(ID,SSN,FName,MName,LName,BDate,Address,Salary,EmployeeType,MID) VALUES (100087,'797-79-805','Jannelle','Gus','Dormon','1972-06-27','51113 Marcy Parkway',1183.07,2,'101087');
INSERT INTO Employee(ID,SSN,FName,MName,LName,BDate,Address,Salary,EmployeeType,MID) VALUES (100088,'334-35-670','Skyler','Orelie','Luck','1976-07-09','1468 La Follette Avenue',8726.22,1,'101088');
INSERT INTO Employee(ID,SSN,FName,MName,LName,BDate,Address,Salary,EmployeeType,MID) VALUES (100089,'189-79-165','Beatrix','Rodge','Biaggioni','1992-08-11','51 Mosinee Place',9865.72,2,'101089');
INSERT INTO Employee(ID,SSN,FName,MName,LName,BDate,Address,Salary,EmployeeType,MID) VALUES (100090,'378-16-677','Osborn','Vassily','Grene','1995-04-17','286 Lighthouse Bay Center',4195.99,3,'101090');
INSERT INTO Employee(ID,SSN,FName,MName,LName,BDate,Address,Salary,EmployeeType,MID) VALUES (100091,'481-70-268','Thomasa','Edmon','Sebborn','1998-01-22','41 Oxford Park',4129.19,5,'101091');
INSERT INTO Employee(ID,SSN,FName,MName,LName,BDate,Address,Salary,EmployeeType,MID) VALUES (100092,'630-22-254','Vaughn','Sarajane','MacKonochie','1978-10-12','03 Delladonna Junction',1366.31,4,'101092');
INSERT INTO Employee(ID,SSN,FName,MName,LName,BDate,Address,Salary,EmployeeType,MID) VALUES (100093,'816-75-309','Bonnie','Haleigh','Brahams','1989-11-06','57076 Little Fleur Hill',7478.52,4,'101093');
INSERT INTO Employee(ID,SSN,FName,MName,LName,BDate,Address,Salary,EmployeeType,MID) VALUES (100094,'801-03-476','Mara','Lorain','Treppas','1965-04-16','0855 Westridge Pass',3246.42,2,'101094');
INSERT INTO Employee(ID,SSN,FName,MName,LName,BDate,Address,Salary,EmployeeType,MID) VALUES (100095,'827-55-193','Rollin','Sylvia','Huggens','1985-01-18','3 Bluestem Trail',1000.3,5,'101095');
INSERT INTO Employee(ID,SSN,FName,MName,LName,BDate,Address,Salary,EmployeeType,MID) VALUES (100096,'168-37-002','Brenden','Ilario','Wasselin','1991-07-01','2 Schiller Plaza',3517.87,1,'101096');
INSERT INTO Employee(ID,SSN,FName,MName,LName,BDate,Address,Salary,EmployeeType,MID) VALUES (100097,'139-29-876','Evelina','Issi','Blower','1963-06-28','117 Beilfuss Street',5320.97,4,'101097');
INSERT INTO Employee(ID,SSN,FName,MName,LName,BDate,Address,Salary,EmployeeType,MID) VALUES (100098,'309-27-183','Ronni','Morrie','Gerrans','1967-09-18','6815 Susan Junction',8688.96,2,'101098');
INSERT INTO Employee(ID,SSN,FName,MName,LName,BDate,Address,Salary,EmployeeType,MID) VALUES (100099,'800-85-362','Thurston','Ware','Yourell','1966-04-02','8 Scoville Point',5640.8,1,'101099');
INSERT INTO Employee(ID,SSN,FName,MName,LName,BDate,Address,Salary,EmployeeType,MID) VALUES (100100,'461-88-710','Michael','Rochester','Whittleton','1970-06-02','279 Miller Hill',5422.31,1,'101100');
INSERT INTO Employee(ID,SSN,FName,MName,LName,BDate,Address,Salary,EmployeeType,MID) VALUES (100101,'159-80-016','Emlyn','Jenifer','Weddell','1985-06-27','1 Bowman Lane',1922.11,4,'101101');
INSERT INTO Employee(ID,SSN,FName,MName,LName,BDate,Address,Salary,EmployeeType,MID) VALUES (100102,'546-08-531','Chrissie','Brew','Cornhill','1990-11-18','21519 Jenifer Avenue',5454.79,3,'101102');
INSERT INTO Employee(ID,SSN,FName,MName,LName,BDate,Address,Salary,EmployeeType,MID) VALUES (100103,'136-61-958','Elston','Steven','Astill','1970-06-14','70 Glendale Point',5541.75,5,'101103');
INSERT INTO Employee(ID,SSN,FName,MName,LName,BDate,Address,Salary,EmployeeType,MID) VALUES (100104,'171-35-165','Tomkin','Loria','Harrild','1975-06-20','4903 Ohio Hill',1499.23,4,'101104');
INSERT INTO Employee(ID,SSN,FName,MName,LName,BDate,Address,Salary,EmployeeType,MID) VALUES (100105,'561-74-942','Emmalyn','Jason','Taye','2000-06-05','6 Crowley Trail',8722.95,5,'101105');
INSERT INTO Employee(ID,SSN,FName,MName,LName,BDate,Address,Salary,EmployeeType,MID) VALUES (100106,'114-24-060','Clark','Adela','Stanley','1973-04-16','8849 Straubel Circle',8869.68,2,'101106');
INSERT INTO Employee(ID,SSN,FName,MName,LName,BDate,Address,Salary,EmployeeType,MID) VALUES (100107,'591-74-599','Clemmie','Randal','Jewell','1980-08-16','38 Daystar Circle',3876.66,2,'101107');
INSERT INTO Employee(ID,SSN,FName,MName,LName,BDate,Address,Salary,EmployeeType,MID) VALUES (100108,'513-69-979','Alva','Shelba','MacGillivray','1977-02-21','753 Manley Alley',3409.25,1,'101108');
INSERT INTO Employee(ID,SSN,FName,MName,LName,BDate,Address,Salary,EmployeeType,MID) VALUES (100109,'779-52-298','Benito','Tiff','Halford','1983-08-04','6814 Sachtjen Terrace',9501.62,4,'101109');
INSERT INTO Employee(ID,SSN,FName,MName,LName,BDate,Address,Salary,EmployeeType,MID) VALUES (100110,'709-12-118','Simmonds','Leta','Dykins','1982-07-20','555 Monument Way',5568.74,3,'101110');
INSERT INTO Employee(ID,SSN,FName,MName,LName,BDate,Address,Salary,EmployeeType,MID) VALUES (100111,'529-42-425','Debby','Julee','Hadgraft','1981-03-26','0698 Tomscot Avenue',5379.73,2,'101111');
INSERT INTO Employee(ID,SSN,FName,MName,LName,BDate,Address,Salary,EmployeeType,MID) VALUES (100112,'813-30-353','Alexander','Graham','Gozzett','1968-03-11','5 Rusk Park',5778.15,3,'101112');
INSERT INTO Employee(ID,SSN,FName,MName,LName,BDate,Address,Salary,EmployeeType,MID) VALUES (100113,'190-91-140','James','Wylie','Vickerstaff','1997-04-28','623 Heath Trail',3476.61,3,'101113');
INSERT INTO Employee(ID,SSN,FName,MName,LName,BDate,Address,Salary,EmployeeType,MID) VALUES (100114,'616-21-731','Lissa','Dorette','Goodyear','1966-10-30','69160 Columbus Place',5164.13,1,'101114');
INSERT INTO Employee(ID,SSN,FName,MName,LName,BDate,Address,Salary,EmployeeType,MID) VALUES (100115,'896-36-594','Fairleigh','Ernest','Bennis','1996-02-12','168 Del Mar Street',8186.85,4,'101115');
INSERT INTO Employee(ID,SSN,FName,MName,LName,BDate,Address,Salary,EmployeeType,MID) VALUES (100116,'594-33-811','Lyndsey','Shadow','Hughson','1989-06-03','16 Amoth Point',7867.68,1,'101116');
INSERT INTO Employee(ID,SSN,FName,MName,LName,BDate,Address,Salary,EmployeeType,MID) VALUES (100117,'715-08-631','Aida','Pearline','Fidele','1980-02-12','1530 Autumn Leaf Road',4886.04,3,'101117');
INSERT INTO Employee(ID,SSN,FName,MName,LName,BDate,Address,Salary,EmployeeType,MID) VALUES (100118,'823-37-509','Marven','Kathryne','Poulgreen','1990-06-26','909 Northfield Park',8132.53,3,'101118');
INSERT INTO Employee(ID,SSN,FName,MName,LName,BDate,Address,Salary,EmployeeType,MID) VALUES (100119,'153-30-251','Lothario','Giacomo','Kabos','1978-04-28','1655 Orin Junction',5647.93,3,'101119');
INSERT INTO Employee(ID,SSN,FName,MName,LName,BDate,Address,Salary,EmployeeType,MID) VALUES (100120,'346-11-253','Igor','Tobin','Mattholie','1993-03-17','46 Elgar Drive',5927.1,2,'101120');
INSERT INTO Employee(ID,SSN,FName,MName,LName,BDate,Address,Salary,EmployeeType,MID) VALUES (100121,'523-34-463','Berkly','Ray','Ravel','1994-08-02','8 Swallow Center',4393.25,4,'101121');
INSERT INTO Employee(ID,SSN,FName,MName,LName,BDate,Address,Salary,EmployeeType,MID) VALUES (100122,'152-86-447','Cchaddie','Meredithe','Palk','1964-04-26','4899 Fieldstone Lane',1383.38,2,'101122');
INSERT INTO Employee(ID,SSN,FName,MName,LName,BDate,Address,Salary,EmployeeType,MID) VALUES (100123,'482-59-572','Kareem','Nickolai','Blenkhorn','1993-01-16','31760 Dottie Terrace',7349.37,4,'101123');
INSERT INTO Employee(ID,SSN,FName,MName,LName,BDate,Address,Salary,EmployeeType,MID) VALUES (100124,'733-86-744','Darcee','Hobard','Stawell','1999-11-10','0006 Nova Center',9624.76,5,'101124');
INSERT INTO Employee(ID,SSN,FName,MName,LName,BDate,Address,Salary,EmployeeType,MID) VALUES (100125,'883-02-625','Odelinda','Simon','Poulney','1974-05-17','9 Dapin Plaza',6696.12,5,'101125');
INSERT INTO Employee(ID,SSN,FName,MName,LName,BDate,Address,Salary,EmployeeType,MID) VALUES (100126,'795-19-998','Ericha','Robinia','Taunton.','1997-04-17','531 Springs Avenue',7780.34,2,'101126');
INSERT INTO Employee(ID,SSN,FName,MName,LName,BDate,Address,Salary,EmployeeType,MID) VALUES (100127,'834-75-989','Emelyne','Terrill','Titmarsh','1984-05-26','2 Harper Avenue',5793.22,3,'101127');
INSERT INTO Employee(ID,SSN,FName,MName,LName,BDate,Address,Salary,EmployeeType,MID) VALUES (100128,'408-99-014','Witty','Margery','Eaglestone','1992-11-02','55 Canary Plaza',5742.24,3,'101128');
INSERT INTO Employee(ID,SSN,FName,MName,LName,BDate,Address,Salary,EmployeeType,MID) VALUES (100129,'487-35-457','Tibold','Maggi','Conradsen','1988-09-24','50594 Dawn Street',6477.72,2,'101129');
INSERT INTO Employee(ID,SSN,FName,MName,LName,BDate,Address,Salary,EmployeeType,MID) VALUES (100130,'856-66-383','Kate','Larina','Sleet','1968-07-26','7 Loeprich Street',8792.14,5,'101130');
INSERT INTO Employee(ID,SSN,FName,MName,LName,BDate,Address,Salary,EmployeeType,MID) VALUES (100131,'316-96-431','Noel','Humfrid','Coldridge','1983-02-14','40644 Old Shore Hill',1296.76,2,'101131');
INSERT INTO Employee(ID,SSN,FName,MName,LName,BDate,Address,Salary,EmployeeType,MID) VALUES (100132,'222-47-769','Dyna','Silvano','Ilyinski','1979-09-12','06 Ohio Center',3884.1,1,'101132');
INSERT INTO Employee(ID,SSN,FName,MName,LName,BDate,Address,Salary,EmployeeType,MID) VALUES (100133,'726-37-122','Granville','Stanislas','Sargeaunt','1963-06-19','64744 Dayton Hill',5532.79,2,'101133');
INSERT INTO Employee(ID,SSN,FName,MName,LName,BDate,Address,Salary,EmployeeType,MID) VALUES (100134,'395-39-440','Ciro','Catriona','McCurt','1984-05-24','08429 Sloan Court',8324.99,4,'101134');
INSERT INTO Employee(ID,SSN,FName,MName,LName,BDate,Address,Salary,EmployeeType,MID) VALUES (100135,'538-96-514','Ole','Jeffy','Champley','1976-10-22','162 Emmet Place',3046.03,5,'101135');
INSERT INTO Employee(ID,SSN,FName,MName,LName,BDate,Address,Salary,EmployeeType,MID) VALUES (100136,'888-51-144','Netty','Kari','Sawdy','1969-08-10','07862 Declaration Court',5958.05,1,'101136');
INSERT INTO Employee(ID,SSN,FName,MName,LName,BDate,Address,Salary,EmployeeType,MID) VALUES (100137,'508-87-062','Kissiah','Willard','Ciobutaro','1973-02-04','528 Haas Circle',6525.02,4,'101137');
INSERT INTO Employee(ID,SSN,FName,MName,LName,BDate,Address,Salary,EmployeeType,MID) VALUES (100138,'460-30-964','Paulo','Harriett','Plimmer','1973-05-24','65208 Knutson Alley',9720.82,4,'101138');
INSERT INTO Employee(ID,SSN,FName,MName,LName,BDate,Address,Salary,EmployeeType,MID) VALUES (100139,'122-22-140','Beau','Esther','Spottiswood','1987-03-31','15 Oakridge Avenue',8842.62,4,'101139');
INSERT INTO Employee(ID,SSN,FName,MName,LName,BDate,Address,Salary,EmployeeType,MID) VALUES (100140,'494-50-628','Luis','Richmound','Dunnaway','1987-06-19','239 Forest Run Parkway',9437.6,2,'101140');
INSERT INTO Employee(ID,SSN,FName,MName,LName,BDate,Address,Salary,EmployeeType,MID) VALUES (100141,'615-92-686','Gibbie','Chandler','Emanuele','1993-10-20','03492 Springs Park',4057.9,1,'101141');
INSERT INTO Employee(ID,SSN,FName,MName,LName,BDate,Address,Salary,EmployeeType,MID) VALUES (100142,'246-26-066','Merrilee','Verina','Prodrick','1967-06-18','72 Nobel Drive',7887.42,4,'101142');
INSERT INTO Employee(ID,SSN,FName,MName,LName,BDate,Address,Salary,EmployeeType,MID) VALUES (100143,'763-32-544','Tally','Lindsay','Sertin','1984-04-14','44 Mallard Street',9525.52,3,'101143');
INSERT INTO Employee(ID,SSN,FName,MName,LName,BDate,Address,Salary,EmployeeType,MID) VALUES (100144,'348-71-540','Marci','Alisun','Bowyer','1976-06-11','8818 Lighthouse Bay Alley',5101.71,4,'101144');
INSERT INTO Employee(ID,SSN,FName,MName,LName,BDate,Address,Salary,EmployeeType,MID) VALUES (100145,'400-64-434','Gill','Abrahan','Scaife','1996-04-05','909 Declaration Crossing',5328.42,1,'101145');
INSERT INTO Employee(ID,SSN,FName,MName,LName,BDate,Address,Salary,EmployeeType,MID) VALUES (100146,'418-58-501','Bendite','Donelle','Birtwistle','1999-07-02','34801 Daystar Street',1325.2,1,'101146');
INSERT INTO Employee(ID,SSN,FName,MName,LName,BDate,Address,Salary,EmployeeType,MID) VALUES (100147,'226-02-237','Carson','Land','Seydlitz','1994-06-29','25564 Dunning Circle',5338.4,2,'101147');
INSERT INTO Employee(ID,SSN,FName,MName,LName,BDate,Address,Salary,EmployeeType,MID) VALUES (100148,'301-71-865','Bertrando','Granger','Fenne','1983-05-11','1 Debra Way',4362.48,3,'101148');
INSERT INTO Employee(ID,SSN,FName,MName,LName,BDate,Address,Salary,EmployeeType,MID) VALUES (100149,'320-08-128','Patin','Wyndham','Brobeck','1962-08-06','6580 Schmedeman Alley',8406.65,1,'101149');
INSERT INTO Employee(ID,SSN,FName,MName,LName,BDate,Address,Salary,EmployeeType,MID) VALUES (100150,'299-35-913','Herta','Shanna','McCabe','1995-11-03','9674 Banding Road',1732.88,2,'101150');
INSERT INTO Employee(ID,SSN,FName,MName,LName,BDate,Address,Salary,EmployeeType,MID) VALUES (100151,'345-09-235','Etan','Shaw','Weatherhead','1971-01-08','01869 Sachs Way',1036.16,4,'101151');
INSERT INTO Employee(ID,SSN,FName,MName,LName,BDate,Address,Salary,EmployeeType,MID) VALUES (100152,'219-79-493','Englebert','Derrik','Matthius','1991-02-23','8399 Macpherson Circle',2381.4,4,'101152');
INSERT INTO Employee(ID,SSN,FName,MName,LName,BDate,Address,Salary,EmployeeType,MID) VALUES (100153,'636-98-826','Normie','Leone','Berkeley','1999-07-02','6 Muir Trail',7899.98,2,'101153');
INSERT INTO Employee(ID,SSN,FName,MName,LName,BDate,Address,Salary,EmployeeType,MID) VALUES (100154,'317-13-322','Ellis','Rosemary','O''Howbane','1992-05-26','6 Cottonwood Crossing',5960.18,3,'101154');
INSERT INTO Employee(ID,SSN,FName,MName,LName,BDate,Address,Salary,EmployeeType,MID) VALUES (100155,'405-82-968','Jolee','Shandeigh','Oehm','1991-06-06','35682 Shasta Crossing',4174.81,3,'101155');
INSERT INTO Employee(ID,SSN,FName,MName,LName,BDate,Address,Salary,EmployeeType,MID) VALUES (100156,'214-48-566','Hedvig','Nicki','Cullinan','1969-04-17','5980 Anniversary Hill',2688.06,5,'101156');
INSERT INTO Employee(ID,SSN,FName,MName,LName,BDate,Address,Salary,EmployeeType,MID) VALUES (100157,'301-46-398','Celeste','Rahal','Fetherby','2000-08-18','5514 Sachtjen Trail',7198.51,4,'101157');
INSERT INTO Employee(ID,SSN,FName,MName,LName,BDate,Address,Salary,EmployeeType,MID) VALUES (100158,'503-22-727','Sari','Gracia','Duffit','1993-11-09','8187 Anniversary Hill',3183.49,1,'101158');
INSERT INTO Employee(ID,SSN,FName,MName,LName,BDate,Address,Salary,EmployeeType,MID) VALUES (100159,'114-04-674','Sinclair','Ax','Illidge','2000-02-09','0 Vera Terrace',9517.32,2,'101159');
INSERT INTO Employee(ID,SSN,FName,MName,LName,BDate,Address,Salary,EmployeeType,MID) VALUES (100160,'362-49-523','Humfried','Koren','Primrose','1983-10-07','16165 Service Place',7762.25,1,'101160');
INSERT INTO Employee(ID,SSN,FName,MName,LName,BDate,Address,Salary,EmployeeType,MID) VALUES (100161,'504-10-496','Vanda','Gawen','Stapley','1964-12-31','6897 Tennessee Lane',7818.65,4,'101161');
INSERT INTO Employee(ID,SSN,FName,MName,LName,BDate,Address,Salary,EmployeeType,MID) VALUES (100162,'165-04-956','Carolynn','Adelina','Bantham','1962-06-23','2073 Sunbrook Lane',9834.98,5,'101162');
INSERT INTO Employee(ID,SSN,FName,MName,LName,BDate,Address,Salary,EmployeeType,MID) VALUES (100163,'774-61-531','Florencia','Shelby','Klemensiewicz','1963-10-13','30 Kings Plaza',4498.9,3,'101163');
INSERT INTO Employee(ID,SSN,FName,MName,LName,BDate,Address,Salary,EmployeeType,MID) VALUES (100164,'770-80-681','Federico','Delilah','Wallentin','1992-12-14','71 Dottie Avenue',1001.4,5,'101164');
INSERT INTO Employee(ID,SSN,FName,MName,LName,BDate,Address,Salary,EmployeeType,MID) VALUES (100165,'152-25-764','Josselyn','Shae','Vassar','1962-08-31','83459 Oak Junction',2842.2,2,'101165');
INSERT INTO Employee(ID,SSN,FName,MName,LName,BDate,Address,Salary,EmployeeType,MID) VALUES (100166,'291-39-970','Eleanore','Welbie','Attyeo','1962-02-24','28960 Eastlawn Terrace',9722.89,1,'101166');
INSERT INTO Employee(ID,SSN,FName,MName,LName,BDate,Address,Salary,EmployeeType,MID) VALUES (100167,'344-68-439','Kiri','Gladi','Kaszper','1972-03-09','037 Springview Center',4638.37,4,'101167');
INSERT INTO Employee(ID,SSN,FName,MName,LName,BDate,Address,Salary,EmployeeType,MID) VALUES (100168,'390-56-852','Marshall','Shem','Scampion','1974-10-23','02 Aberg Street',1565.86,5,'101168');
INSERT INTO Employee(ID,SSN,FName,MName,LName,BDate,Address,Salary,EmployeeType,MID) VALUES (100169,'792-93-923','Paulie','Hubie','Mitchall','1988-07-09','03942 Hintze Crossing',8992.27,2,'101169');
INSERT INTO Employee(ID,SSN,FName,MName,LName,BDate,Address,Salary,EmployeeType,MID) VALUES (100170,'899-90-307','Jarred','Ray','O''Cannovane','1985-09-24','22 Roth Lane',7907.83,1,'101170');
INSERT INTO Employee(ID,SSN,FName,MName,LName,BDate,Address,Salary,EmployeeType,MID) VALUES (100171,'494-80-357','Giovanni','Ava','Dahlbom','1970-02-02','52591 Doe Crossing Circle',7189.43,3,'101171');
INSERT INTO Employee(ID,SSN,FName,MName,LName,BDate,Address,Salary,EmployeeType,MID) VALUES (100172,'504-10-562','Hart','Reggy','Wand','1968-05-29','016 Portage Terrace',6215.63,3,'101172');
INSERT INTO Employee(ID,SSN,FName,MName,LName,BDate,Address,Salary,EmployeeType,MID) VALUES (100173,'890-63-547','Wyn','Manfred','Ferrari','1968-10-26','0 Eastlawn Place',5164.72,3,'101173');
INSERT INTO Employee(ID,SSN,FName,MName,LName,BDate,Address,Salary,EmployeeType,MID) VALUES (100174,'599-04-900','Pace','Michal','Doret','1961-12-27','41 Bunting Plaza',3717.21,1,'101174');
INSERT INTO Employee(ID,SSN,FName,MName,LName,BDate,Address,Salary,EmployeeType,MID) VALUES (100175,'270-71-108','Rosabella','Camile','Fevers','1978-12-19','64418 Russell Circle',3547.13,1,'101175');
INSERT INTO Employee(ID,SSN,FName,MName,LName,BDate,Address,Salary,EmployeeType,MID) VALUES (100176,'511-27-719','Berty','Kettie','Shiell','1985-01-19','13 Hanson Alley',1145.09,1,'101176');
INSERT INTO Employee(ID,SSN,FName,MName,LName,BDate,Address,Salary,EmployeeType,MID) VALUES (100177,'682-75-408','Minnie','York','Firidolfi','1971-01-07','8 Nova Center',5149.38,5,'101177');
INSERT INTO Employee(ID,SSN,FName,MName,LName,BDate,Address,Salary,EmployeeType,MID) VALUES (100178,'744-63-035','Brent','Marmaduke','Winship','1999-03-30','004 Tennyson Hill',1169.04,2,'101178');
INSERT INTO Employee(ID,SSN,FName,MName,LName,BDate,Address,Salary,EmployeeType,MID) VALUES (100179,'675-50-920','Jessamine','Rickey','Dewerson','1984-09-24','43600 Harbort Park',7253.64,3,'101179');
INSERT INTO Employee(ID,SSN,FName,MName,LName,BDate,Address,Salary,EmployeeType,MID) VALUES (100180,'679-59-514','Kipp','Cyndia','Ioan','1968-12-15','63 Stone Corner Place',9264.97,3,'101180');
INSERT INTO Employee(ID,SSN,FName,MName,LName,BDate,Address,Salary,EmployeeType,MID) VALUES (100181,'364-77-776','Maggy','Boothe','Torbett','1976-09-11','5 Crescent Oaks Lane',9880.05,2,'101181');
INSERT INTO Employee(ID,SSN,FName,MName,LName,BDate,Address,Salary,EmployeeType,MID) VALUES (100182,'374-61-651','Jordanna','Karyl','Wrathall','1988-05-16','1 Fairfield Hill',1947.35,5,'101182');
INSERT INTO Employee(ID,SSN,FName,MName,LName,BDate,Address,Salary,EmployeeType,MID) VALUES (100183,'176-80-428','Gabriela','Ogdan','Mathis','1963-10-25','617 Anniversary Avenue',5945.25,4,'101183');
INSERT INTO Employee(ID,SSN,FName,MName,LName,BDate,Address,Salary,EmployeeType,MID) VALUES (100184,'248-34-297','Boniface','Griffy','Attwood','1973-03-09','22 Fisk Lane',9784.71,5,'101184');
INSERT INTO Employee(ID,SSN,FName,MName,LName,BDate,Address,Salary,EmployeeType,MID) VALUES (100185,'218-04-046','Dawn','Zaneta','McMeanma','1976-10-21','6289 Killdeer Circle',4072.24,1,'101185');
INSERT INTO Employee(ID,SSN,FName,MName,LName,BDate,Address,Salary,EmployeeType,MID) VALUES (100186,'535-47-932','Ermin','Trudie','Imos','1994-10-09','375 Hanover Plaza',7089.58,2,'101186');
INSERT INTO Employee(ID,SSN,FName,MName,LName,BDate,Address,Salary,EmployeeType,MID) VALUES (100187,'698-83-575','Violetta','Hale','Futter','1988-01-17','52857 Kings Lane',6111.42,1,'101187');
INSERT INTO Employee(ID,SSN,FName,MName,LName,BDate,Address,Salary,EmployeeType,MID) VALUES (100188,'295-04-898','Yasmeen','Mark','Tarquinio','1967-03-10','431 Ryan Pass',2381.94,1,'101188');
INSERT INTO Employee(ID,SSN,FName,MName,LName,BDate,Address,Salary,EmployeeType,MID) VALUES (100189,'355-55-576','Queenie','Dulcine','Ginnell','1977-03-29','78626 Oneill Park',9081.17,3,'101189');
INSERT INTO Employee(ID,SSN,FName,MName,LName,BDate,Address,Salary,EmployeeType,MID) VALUES (100190,'187-77-501','Leon','Susan','Grog','1970-07-10','71718 Cardinal Trail',2378.66,2,'101190');
INSERT INTO Employee(ID,SSN,FName,MName,LName,BDate,Address,Salary,EmployeeType,MID) VALUES (100191,'109-21-166','Patrice','Julie','Sangar','1963-10-03','6 Northwestern Parkway',3371.7,5,'101191');
INSERT INTO Employee(ID,SSN,FName,MName,LName,BDate,Address,Salary,EmployeeType,MID) VALUES (100192,'124-51-501','Moyna','Janifer','Schoales','1970-05-09','86958 Westerfield Junction',8975.5,5,'101192');
INSERT INTO Employee(ID,SSN,FName,MName,LName,BDate,Address,Salary,EmployeeType,MID) VALUES (100193,'872-52-248','Paulina','Corrianne','Drayn','1997-10-08','54993 Bashford Place',1843.33,2,'101193');
INSERT INTO Employee(ID,SSN,FName,MName,LName,BDate,Address,Salary,EmployeeType,MID) VALUES (100194,'277-51-109','Fairleigh','Pren','Flowers','1972-11-13','81412 Packers Trail',9411.99,5,'101194');
INSERT INTO Employee(ID,SSN,FName,MName,LName,BDate,Address,Salary,EmployeeType,MID) VALUES (100195,'359-06-244','Clemence','Cassandre','Penfold','1963-09-09','1 Buhler Circle',1487.76,2,'101195');
INSERT INTO Employee(ID,SSN,FName,MName,LName,BDate,Address,Salary,EmployeeType,MID) VALUES (100196,'289-99-908','Korney','Goddard','Flade','1967-05-04','89183 Ohio Center',2167.94,1,'101196');
INSERT INTO Employee(ID,SSN,FName,MName,LName,BDate,Address,Salary,EmployeeType,MID) VALUES (100197,'796-88-093','Letisha','Cathlene','Simmon','1977-07-02','75 Village Parkway',9466.6,4,'101197');
INSERT INTO Employee(ID,SSN,FName,MName,LName,BDate,Address,Salary,EmployeeType,MID) VALUES (100198,'388-66-015','Florenza','Ignacius','Ivashinnikov','1996-12-04','92762 Carey Drive',5957.68,3,'101198');
INSERT INTO Employee(ID,SSN,FName,MName,LName,BDate,Address,Salary,EmployeeType,MID) VALUES (100199,'418-49-703','Angy','Ron','Sizeland','1999-01-04','1 Mariners Cove Road',8415.01,3,'101199');
INSERT INTO Employee(ID,SSN,FName,MName,LName,BDate,Address,Salary,EmployeeType,MID) VALUES (100200,'882-08-267','Wallie','Lynett','Didsbury','1994-09-22','08 Arapahoe Way',4037.85,4,'101200');
INSERT INTO Employee(ID,SSN,FName,MName,LName,BDate,Address,Salary,EmployeeType,MID) VALUES (100201,'382-09-645','Mickie','Phip','McGuinley','1982-03-18','5547 Longview Drive',5424.03,2,'101201');
INSERT INTO Employee(ID,SSN,FName,MName,LName,BDate,Address,Salary,EmployeeType,MID) VALUES (100202,'313-24-107','Daffie','Timothy','Crathern','1962-08-16','652 Ramsey Center',3232.69,5,'101202');
INSERT INTO Employee(ID,SSN,FName,MName,LName,BDate,Address,Salary,EmployeeType,MID) VALUES (100203,'774-82-054','Robinetta','Brien','Heild','1993-02-10','91 Harbort Circle',7652.48,1,'101203');
INSERT INTO Employee(ID,SSN,FName,MName,LName,BDate,Address,Salary,EmployeeType,MID) VALUES (100204,'597-96-822','Rockie','Wren','Manolov','1972-06-21','63 Waywood Point',7209.16,4,'101204');
INSERT INTO Employee(ID,SSN,FName,MName,LName,BDate,Address,Salary,EmployeeType,MID) VALUES (100205,'613-42-273','Jonah','Marla','McGee','1963-12-18','781 Becker Junction',3016.02,4,'101205');
INSERT INTO Employee(ID,SSN,FName,MName,LName,BDate,Address,Salary,EmployeeType,MID) VALUES (100206,'877-39-172','Christoper','Dolorita','Luetkemeyers','1973-11-18','64 John Wall Pass',7614.85,4,'101206');
INSERT INTO Employee(ID,SSN,FName,MName,LName,BDate,Address,Salary,EmployeeType,MID) VALUES (100207,'629-88-352','Paola','Garik','Jahnig','1986-06-17','236 Kennedy Plaza',8149.89,4,'101207');
INSERT INTO Employee(ID,SSN,FName,MName,LName,BDate,Address,Salary,EmployeeType,MID) VALUES (100208,'761-86-300','Fayina','Ashien','Tippin','1998-12-26','42 Oneill Terrace',6644.47,5,'101208');
INSERT INTO Employee(ID,SSN,FName,MName,LName,BDate,Address,Salary,EmployeeType,MID) VALUES (100209,'272-18-782','Lin','Brandise','Kield','1986-06-13','1785 Maywood Pass',2736.33,5,'101209');
INSERT INTO Employee(ID,SSN,FName,MName,LName,BDate,Address,Salary,EmployeeType,MID) VALUES (100210,'179-45-444','Kaitlynn','Boothe','Helliar','1969-03-02','42 Esker Pass',8258.68,5,'101210');
INSERT INTO Employee(ID,SSN,FName,MName,LName,BDate,Address,Salary,EmployeeType,MID) VALUES (100211,'420-87-033','Clementine','Doris','Rookeby','1981-04-27','4 Stang Plaza',8941.52,3,'101211');
INSERT INTO Employee(ID,SSN,FName,MName,LName,BDate,Address,Salary,EmployeeType,MID) VALUES (100212,'591-34-510','Haleigh','Stormy','Domenico','1968-01-19','5306 Lawn Trail',7656.72,2,'101212');
INSERT INTO Employee(ID,SSN,FName,MName,LName,BDate,Address,Salary,EmployeeType,MID) VALUES (100213,'427-87-119','Charlotte','Coop','Le land','1997-06-09','472 Dapin Circle',9606.6,4,'101213');
INSERT INTO Employee(ID,SSN,FName,MName,LName,BDate,Address,Salary,EmployeeType,MID) VALUES (100214,'883-81-114','Irma','Shandra','Elan','1988-11-23','591 Norway Maple Way',2131.39,3,'101214');
INSERT INTO Employee(ID,SSN,FName,MName,LName,BDate,Address,Salary,EmployeeType,MID) VALUES (100215,'522-76-135','King','Eugenius','Healeas','1996-05-25','61971 Goodland Point',7691.6,2,'101215');
INSERT INTO Employee(ID,SSN,FName,MName,LName,BDate,Address,Salary,EmployeeType,MID) VALUES (100216,'194-42-331','Rhody','Camila','Brasner','1964-02-06','474 La Follette Lane',9237.52,2,'101216');
INSERT INTO Employee(ID,SSN,FName,MName,LName,BDate,Address,Salary,EmployeeType,MID) VALUES (100217,'850-11-827','Gae','Christos','Muncer','1988-11-25','88125 Helena Place',5536.14,1,'101217');
INSERT INTO Employee(ID,SSN,FName,MName,LName,BDate,Address,Salary,EmployeeType,MID) VALUES (100218,'729-37-582','Timmie','Cathee','Lesly','1969-07-14','73 Pawling Pass',9043.02,4,'101218');
INSERT INTO Employee(ID,SSN,FName,MName,LName,BDate,Address,Salary,EmployeeType,MID) VALUES (100219,'340-24-345','Maribelle','Imogen','Styant','1962-10-20','6 Continental Way',5738.32,3,'101219');
INSERT INTO Employee(ID,SSN,FName,MName,LName,BDate,Address,Salary,EmployeeType,MID) VALUES (100220,'647-08-150','Brietta','Leonid','Macilhench','1988-04-03','5383 Jackson Road',3089.06,4,'101220');
INSERT INTO Employee(ID,SSN,FName,MName,LName,BDate,Address,Salary,EmployeeType,MID) VALUES (100221,'684-73-699','Sven','Margarita','Goldsby','1997-05-10','49 Ludington Way',5510.91,4,'101221');
INSERT INTO Employee(ID,SSN,FName,MName,LName,BDate,Address,Salary,EmployeeType,MID) VALUES (100222,'507-07-186','Worth','Rania','Grieger','1987-01-16','525 Northfield Alley',1702.16,4,'101222');
INSERT INTO Employee(ID,SSN,FName,MName,LName,BDate,Address,Salary,EmployeeType,MID) VALUES (100223,'697-75-166','Erwin','Lionello','Paiton','1965-06-09','0977 Sugar Pass',8525.39,2,'101223');
INSERT INTO Employee(ID,SSN,FName,MName,LName,BDate,Address,Salary,EmployeeType,MID) VALUES (100224,'760-52-700','Fredric','Rolph','Hudspeth','1966-05-28','9070 Grasskamp Park',2401.05,5,'101224');
INSERT INTO Employee(ID,SSN,FName,MName,LName,BDate,Address,Salary,EmployeeType,MID) VALUES (100225,'189-38-821','Alberta','Harriette','Bromige','1961-07-12','83241 Oak Valley Parkway',6479.69,3,'101225');
INSERT INTO Employee(ID,SSN,FName,MName,LName,BDate,Address,Salary,EmployeeType,MID) VALUES (100226,'348-30-046','Ira','Maynard','Rangell','1974-09-23','7265 Leroy Center',5917.76,5,'101226');
INSERT INTO Employee(ID,SSN,FName,MName,LName,BDate,Address,Salary,EmployeeType,MID) VALUES (100227,'557-98-119','Kizzee','Carol','Bullion','1966-07-09','90 Summer Ridge Center',3131.78,2,'101227');
INSERT INTO Employee(ID,SSN,FName,MName,LName,BDate,Address,Salary,EmployeeType,MID) VALUES (100228,'354-65-588','Bryn','Aprilette','Newcome','1982-02-23','315 Northview Plaza',9364.21,4,'101228');
INSERT INTO Employee(ID,SSN,FName,MName,LName,BDate,Address,Salary,EmployeeType,MID) VALUES (100229,'447-15-506','Dorian','Hewet','Chieco','1987-03-26','1 Bunting Alley',5672.03,1,'101229');
INSERT INTO Employee(ID,SSN,FName,MName,LName,BDate,Address,Salary,EmployeeType,MID) VALUES (100230,'569-59-934','Zorine','Wylma','Gilding','1965-05-04','85 Messerschmidt Trail',8947.24,5,'101230');
INSERT INTO Employee(ID,SSN,FName,MName,LName,BDate,Address,Salary,EmployeeType,MID) VALUES (100231,'373-32-369','Chryste','Aldis','Sillars','1972-01-30','9148 Carpenter Park',6629.46,1,'101231');
INSERT INTO Employee(ID,SSN,FName,MName,LName,BDate,Address,Salary,EmployeeType,MID) VALUES (100232,'722-09-715','Anna-diana','Rena','Dollen','1965-05-12','134 La Follette Junction',3727.42,2,'101232');
INSERT INTO Employee(ID,SSN,FName,MName,LName,BDate,Address,Salary,EmployeeType,MID) VALUES (100233,'317-18-958','Gallard','Gael','Delves','1976-12-12','5610 Bonner Parkway',2661.72,3,'101233');
INSERT INTO Employee(ID,SSN,FName,MName,LName,BDate,Address,Salary,EmployeeType,MID) VALUES (100234,'559-81-938','Gusella','Tonnie','Evennett','1963-06-28','65208 American Ash Street',2785.66,5,'101234');
INSERT INTO Employee(ID,SSN,FName,MName,LName,BDate,Address,Salary,EmployeeType,MID) VALUES (100235,'575-27-282','Cathy','Ronny','Cartwright','1970-03-14','3066 Lukken Place',6432.87,3,'101235');
INSERT INTO Employee(ID,SSN,FName,MName,LName,BDate,Address,Salary,EmployeeType,MID) VALUES (100236,'487-66-289','Charline','Gleda','Ellin','1994-08-19','622 Loftsgordon Drive',2999.22,3,'101236');
INSERT INTO Employee(ID,SSN,FName,MName,LName,BDate,Address,Salary,EmployeeType,MID) VALUES (100237,'753-53-675','Valentine','Johna','Lawlan','1980-05-31','53443 Lunder Lane',3278.86,3,'101237');
INSERT INTO Employee(ID,SSN,FName,MName,LName,BDate,Address,Salary,EmployeeType,MID) VALUES (100238,'377-03-128','Patty','Marcellina','Towsie','1970-11-02','582 Dawn Center',2535.64,3,'101238');
INSERT INTO Employee(ID,SSN,FName,MName,LName,BDate,Address,Salary,EmployeeType,MID) VALUES (100239,'237-33-522','Skipton','Urson','Mulderrig','1995-01-18','63 Utah Avenue',9484.51,3,'101239');
INSERT INTO Employee(ID,SSN,FName,MName,LName,BDate,Address,Salary,EmployeeType,MID) VALUES (100240,'614-20-424','Vere','Vincents','Sowerbutts','1980-03-11','181 Chinook Crossing',9707.2,3,'101240');
INSERT INTO Employee(ID,SSN,FName,MName,LName,BDate,Address,Salary,EmployeeType,MID) VALUES (100241,'423-35-753','Cristobal','Tabina','Bushel','1983-10-30','3361 Fisk Place',4673.99,3,'101241');
INSERT INTO Employee(ID,SSN,FName,MName,LName,BDate,Address,Salary,EmployeeType,MID) VALUES (100242,'693-20-517','Gery','Linet','McCombe','1985-11-16','51 Lukken Alley',9641.89,4,'101242');
INSERT INTO Employee(ID,SSN,FName,MName,LName,BDate,Address,Salary,EmployeeType,MID) VALUES (100243,'289-52-183','Rhys','Shara','Lacroux','1994-01-08','54999 Thackeray Trail',6409.41,1,'101243');
INSERT INTO Employee(ID,SSN,FName,MName,LName,BDate,Address,Salary,EmployeeType,MID) VALUES (100244,'315-53-122','Irina','Patten','Chamberlaine','1970-10-26','5920 Fisk Street',5635.08,4,'101244');
INSERT INTO Employee(ID,SSN,FName,MName,LName,BDate,Address,Salary,EmployeeType,MID) VALUES (100245,'177-38-230','Sebastien','Aimil','O''Murtagh','1976-10-29','7295 Nancy Park',3467.05,3,'101245');
INSERT INTO Employee(ID,SSN,FName,MName,LName,BDate,Address,Salary,EmployeeType,MID) VALUES (100246,'645-03-672','Claudetta','Danielle','Coade','1976-07-12','0495 Schlimgen Circle',3167.24,2,'101246');
INSERT INTO Employee(ID,SSN,FName,MName,LName,BDate,Address,Salary,EmployeeType,MID) VALUES (100247,'576-64-755','Ringo','Kenny','Boscott','1965-05-13','142 Clove Hill',9969.23,5,'101247');
INSERT INTO Employee(ID,SSN,FName,MName,LName,BDate,Address,Salary,EmployeeType,MID) VALUES (100248,'718-79-314','Beltran','Christine','Phelips','1982-08-31','8 Independence Street',6810.76,5,'101248');
INSERT INTO Employee(ID,SSN,FName,MName,LName,BDate,Address,Salary,EmployeeType,MID) VALUES (100249,'293-63-695','Rudolph','Cecil','Lacotte','1985-03-01','0 Almo Center',5684.88,1,'101249');
INSERT INTO Employee(ID,SSN,FName,MName,LName,BDate,Address,Salary,EmployeeType,MID) VALUES (100250,'644-97-467','Anson','Lazaro','Beardon','1988-12-26','882 Shoshone Way',1777.35,1,'101250');
INSERT INTO Employee(ID,SSN,FName,MName,LName,BDate,Address,Salary,EmployeeType,MID) VALUES (100251,'437-13-267','Frederique','Jarrod','Swiffan','1997-12-28','600 Declaration Circle',7194.97,3,'101251');
INSERT INTO Employee(ID,SSN,FName,MName,LName,BDate,Address,Salary,EmployeeType,MID) VALUES (100252,'606-90-372','Sheridan','Dora','Gregoretti','1993-04-17','83499 Artisan Center',4983.94,1,'101252');
INSERT INTO Employee(ID,SSN,FName,MName,LName,BDate,Address,Salary,EmployeeType,MID) VALUES (100253,'840-40-913','Vassili','Deeanne','Slide','1991-11-20','7022 Carpenter Point',5562.78,3,'101253');
INSERT INTO Employee(ID,SSN,FName,MName,LName,BDate,Address,Salary,EmployeeType,MID) VALUES (100254,'641-66-950','Clio','Byrann','Glyssanne','1977-09-06','490 Armistice Terrace',6159.22,2,'101254');
INSERT INTO Employee(ID,SSN,FName,MName,LName,BDate,Address,Salary,EmployeeType,MID) VALUES (100255,'297-20-252','Adelbert','Raine','Alred','1971-12-02','532 South Parkway',4558.35,1,'101255');
INSERT INTO Employee(ID,SSN,FName,MName,LName,BDate,Address,Salary,EmployeeType,MID) VALUES (100256,'319-80-375','Sloane','Hebert','McGrayle','1990-01-24','474 Hanson Park',9581.06,1,'101256');
INSERT INTO Employee(ID,SSN,FName,MName,LName,BDate,Address,Salary,EmployeeType,MID) VALUES (100257,'726-39-638','Marguerite','Immanuel','Jupe','1999-12-31','8487 Katie Pass',4694.18,3,'101257');
INSERT INTO Employee(ID,SSN,FName,MName,LName,BDate,Address,Salary,EmployeeType,MID) VALUES (100258,'248-91-111','Willyt','Desiree','Searl','1966-01-23','5182 Little Fleur Circle',2362.69,5,'101258');
INSERT INTO Employee(ID,SSN,FName,MName,LName,BDate,Address,Salary,EmployeeType,MID) VALUES (100259,'321-61-685','Gal','Desmond','Trelease','1997-01-23','627 Washington Junction',3325.2,2,'101259');
INSERT INTO Employee(ID,SSN,FName,MName,LName,BDate,Address,Salary,EmployeeType,MID) VALUES (100260,'655-62-013','Tammie','Marco','Moulsdale','1967-12-04','30 Southridge Trail',4224.11,3,'101260');
INSERT INTO Employee(ID,SSN,FName,MName,LName,BDate,Address,Salary,EmployeeType,MID) VALUES (100261,'771-21-741','Serena','Jerald','Queyeiro','1981-11-20','93573 Garrison Point',2354.85,5,'101261');
INSERT INTO Employee(ID,SSN,FName,MName,LName,BDate,Address,Salary,EmployeeType,MID) VALUES (100262,'357-91-525','Andreana','Jenilee','Alderwick','1970-03-06','4880 Mendota Alley',3349.09,1,'101262');
INSERT INTO Employee(ID,SSN,FName,MName,LName,BDate,Address,Salary,EmployeeType,MID) VALUES (100263,'227-65-895','Mady','Cordell','Fillary','1962-02-09','5513 Linden Circle',6931.71,1,'101263');
INSERT INTO Employee(ID,SSN,FName,MName,LName,BDate,Address,Salary,EmployeeType,MID) VALUES (100264,'295-12-113','Joycelin','Eddy','Cosin','1998-08-29','01 Cordelia Center',7810.08,3,'101264');
INSERT INTO Employee(ID,SSN,FName,MName,LName,BDate,Address,Salary,EmployeeType,MID) VALUES (100265,'710-05-287','Brendis','Almira','Fosdike','1981-10-24','66 Badeau Lane',5711.65,1,'101265');
INSERT INTO Employee(ID,SSN,FName,MName,LName,BDate,Address,Salary,EmployeeType,MID) VALUES (100266,'296-38-773','Patience','Rickie','Anstiss','1971-02-10','50 Anthes Center',9603.46,3,'101266');
INSERT INTO Employee(ID,SSN,FName,MName,LName,BDate,Address,Salary,EmployeeType,MID) VALUES (100267,'181-77-529','Jasun','Ray','Weiss','1978-05-14','407 Mayfield Trail',8972.04,1,'101267');
INSERT INTO Employee(ID,SSN,FName,MName,LName,BDate,Address,Salary,EmployeeType,MID) VALUES (100268,'506-03-142','Alla','Franz','Fear','1999-03-18','50834 Merry Trail',8818.37,4,'101268');
INSERT INTO Employee(ID,SSN,FName,MName,LName,BDate,Address,Salary,EmployeeType,MID) VALUES (100269,'719-31-767','Gerrard','Ferdinande','Tombs','1997-05-13','2 Bunker Hill Circle',2398.33,4,'101269');
INSERT INTO Employee(ID,SSN,FName,MName,LName,BDate,Address,Salary,EmployeeType,MID) VALUES (100270,'877-46-482','Giustina','Jennee','Gildroy','1983-06-19','7585 Dwight Terrace',9642.55,3,'101270');
INSERT INTO Employee(ID,SSN,FName,MName,LName,BDate,Address,Salary,EmployeeType,MID) VALUES (100271,'715-55-459','Kathleen','Ronny','Duddle','1983-11-28','9312 Maple Alley',4191.38,4,'101271');
INSERT INTO Employee(ID,SSN,FName,MName,LName,BDate,Address,Salary,EmployeeType,MID) VALUES (100272,'611-31-649','Anestassia','Lezlie','Cornborough','1967-12-21','61 Dwight Street',7869.54,5,'101272');
INSERT INTO Employee(ID,SSN,FName,MName,LName,BDate,Address,Salary,EmployeeType,MID) VALUES (100273,'547-36-922','Dunstan','Stephi','Bosence','1973-02-21','5 Northport Plaza',5632.7,4,'101273');
INSERT INTO Employee(ID,SSN,FName,MName,LName,BDate,Address,Salary,EmployeeType,MID) VALUES (100274,'714-25-965','Brit','Priscella','MacNeice','1964-12-06','6186 Charing Cross Park',1774.88,5,'101274');
INSERT INTO Employee(ID,SSN,FName,MName,LName,BDate,Address,Salary,EmployeeType,MID) VALUES (100275,'132-94-258','Hiram','Kalie','Tonner','1968-05-14','9056 Dapin Trail',7481.76,2,'101275');
INSERT INTO Employee(ID,SSN,FName,MName,LName,BDate,Address,Salary,EmployeeType,MID) VALUES (100276,'875-37-631','Kassey','Adena','Pardey','1982-05-29','928 Mcguire Center',5036.28,5,'101276');
INSERT INTO Employee(ID,SSN,FName,MName,LName,BDate,Address,Salary,EmployeeType,MID) VALUES (100277,'457-67-009','Evie','Almeta','Gilchrest','1998-12-18','3036 Mcguire Court',8600.34,2,'101277');
INSERT INTO Employee(ID,SSN,FName,MName,LName,BDate,Address,Salary,EmployeeType,MID) VALUES (100278,'190-44-158','Rab','Clementia','Eirwin','1976-08-20','7 Lakeland Avenue',6747.46,2,'101278');
INSERT INTO Employee(ID,SSN,FName,MName,LName,BDate,Address,Salary,EmployeeType,MID) VALUES (100279,'866-27-078','Vasili','Arluene','Lindholm','1965-03-09','810 Debs Pass',7209.03,3,'101279');
INSERT INTO Employee(ID,SSN,FName,MName,LName,BDate,Address,Salary,EmployeeType,MID) VALUES (100280,'657-81-376','Antonia','Elyn','Portchmouth','1985-12-08','6989 Thackeray Avenue',5949.91,2,'101280');
INSERT INTO Employee(ID,SSN,FName,MName,LName,BDate,Address,Salary,EmployeeType,MID) VALUES (100281,'591-18-829','Kaylee','Rich','Enrietto','1973-05-20','4 Moose Trail',2457.68,4,'101281');
INSERT INTO Employee(ID,SSN,FName,MName,LName,BDate,Address,Salary,EmployeeType,MID) VALUES (100282,'393-69-174','Marina','Ferdinande','Hathwood','1985-11-14','675 Dakota Drive',1544.42,3,'101282');
INSERT INTO Employee(ID,SSN,FName,MName,LName,BDate,Address,Salary,EmployeeType,MID) VALUES (100283,'445-05-413','Alwyn','Raphael','Myrkus','1963-04-07','9 Caliangt Center',3937.03,3,'101283');
INSERT INTO Employee(ID,SSN,FName,MName,LName,BDate,Address,Salary,EmployeeType,MID) VALUES (100284,'656-68-889','Robin','Zitella','Winward','1994-05-15','672 Nancy Drive',2167.55,4,'101284');
INSERT INTO Employee(ID,SSN,FName,MName,LName,BDate,Address,Salary,EmployeeType,MID) VALUES (100285,'820-11-261','Ruby','Gale','Willets','1972-07-13','70466 Pepper Wood Parkway',3836.71,5,'101285');
INSERT INTO Employee(ID,SSN,FName,MName,LName,BDate,Address,Salary,EmployeeType,MID) VALUES (100286,'548-19-751','Tiffie','Reyna','Rowesby','1963-07-21','392 Hoffman Trail',1808.83,2,'101286');
INSERT INTO Employee(ID,SSN,FName,MName,LName,BDate,Address,Salary,EmployeeType,MID) VALUES (100287,'540-86-916','Jonathon','Mikael','Amner','1999-09-01','2 Nevada Way',8882.88,1,'101287');
INSERT INTO Employee(ID,SSN,FName,MName,LName,BDate,Address,Salary,EmployeeType,MID) VALUES (100288,'652-31-907','Ingunna','Gipsy','Sarfati','1976-09-23','40750 Cascade Avenue',5389.63,2,'101288');
INSERT INTO Employee(ID,SSN,FName,MName,LName,BDate,Address,Salary,EmployeeType,MID) VALUES (100289,'697-91-764','Kerrin','Avictor','Surgen','1993-02-04','5 Dexter Way',1713.88,2,'101289');
INSERT INTO Employee(ID,SSN,FName,MName,LName,BDate,Address,Salary,EmployeeType,MID) VALUES (100290,'725-58-697','Deane','Ashia','McGowan','1964-02-02','1 Mandrake Place',9295.33,4,'101290');
INSERT INTO Employee(ID,SSN,FName,MName,LName,BDate,Address,Salary,EmployeeType,MID) VALUES (100291,'471-88-684','Carly','Carlina','Shephard','1989-07-08','9 Nelson Trail',3441.57,3,'101291');
INSERT INTO Employee(ID,SSN,FName,MName,LName,BDate,Address,Salary,EmployeeType,MID) VALUES (100292,'783-45-501','Bayard','Vincents','Popley','1993-05-22','1520 John Wall Place',3410.46,3,'101292');
INSERT INTO Employee(ID,SSN,FName,MName,LName,BDate,Address,Salary,EmployeeType,MID) VALUES (100293,'826-76-075','Amber','Shaine','Guille','1966-10-02','104 Fairview Road',3699.08,1,'101293');
INSERT INTO Employee(ID,SSN,FName,MName,LName,BDate,Address,Salary,EmployeeType,MID) VALUES (100294,'401-47-220','Joan','Andrey','Josefowicz','1976-04-22','596 Bultman Junction',7389.62,3,'101294');
INSERT INTO Employee(ID,SSN,FName,MName,LName,BDate,Address,Salary,EmployeeType,MID) VALUES (100295,'823-10-049','Hendrika','Pansy','Dietmar','1998-03-26','00 Dixon Alley',1464.12,1,'101295');
INSERT INTO Employee(ID,SSN,FName,MName,LName,BDate,Address,Salary,EmployeeType,MID) VALUES (100296,'243-33-068','Licha','Goddart','Scare','1978-08-02','460 Novick Terrace',4158.05,3,'101296');
INSERT INTO Employee(ID,SSN,FName,MName,LName,BDate,Address,Salary,EmployeeType,MID) VALUES (100297,'713-82-696','Jake','Finn','Raphael','1994-09-02','08 Talisman Pass',8442.99,5,'101297');
INSERT INTO Employee(ID,SSN,FName,MName,LName,BDate,Address,Salary,EmployeeType,MID) VALUES (100298,'780-03-850','Robbi','Laryssa','Rolland','1997-09-11','19 Waywood Terrace',2202.09,3,'101298');
INSERT INTO Employee(ID,SSN,FName,MName,LName,BDate,Address,Salary,EmployeeType,MID) VALUES (100299,'559-23-199','Eliot','Olga','Bisatt','1982-07-29','41295 Waubesa Avenue',6269.49,4,'101299');
INSERT INTO Employee(ID,SSN,FName,MName,LName,BDate,Address,Salary,EmployeeType,MID) VALUES (100300,'195-85-884','Nichol','Nadine','Pottinger','1984-02-17','73388 Buell Drive',4999.05,5,'101300');
INSERT INTO Analyst(ID) VALUES (100001);
INSERT INTO Analyst(ID) VALUES (100003);
INSERT INTO Analyst(ID) VALUES (100004);
INSERT INTO Analyst(ID) VALUES (100006);
INSERT INTO Analyst(ID) VALUES (100007);
INSERT INTO Analyst(ID) VALUES (100025);
INSERT INTO Analyst(ID) VALUES (100032);
INSERT INTO Analyst(ID) VALUES (100041);
INSERT INTO Analyst(ID) VALUES (100054);
INSERT INTO Analyst(ID) VALUES (100075);
INSERT INTO Analyst(ID) VALUES (100079);
INSERT INTO Analyst(ID) VALUES (100086);
INSERT INTO Analyst(ID) VALUES (100087);
INSERT INTO Analyst(ID) VALUES (100089);
INSERT INTO Analyst(ID) VALUES (100094);
INSERT INTO Analyst(ID) VALUES (100098);
INSERT INTO Analyst(ID) VALUES (100106);
INSERT INTO Analyst(ID) VALUES (100107);
INSERT INTO Analyst(ID) VALUES (100111);
INSERT INTO Analyst(ID) VALUES (100120);
INSERT INTO Analyst(ID) VALUES (100122);
INSERT INTO Analyst(ID) VALUES (100126);
INSERT INTO Analyst(ID) VALUES (100129);
INSERT INTO Analyst(ID) VALUES (100131);
INSERT INTO Analyst(ID) VALUES (100133);
INSERT INTO Analyst(ID) VALUES (100140);
INSERT INTO Analyst(ID) VALUES (100147);
INSERT INTO Analyst(ID) VALUES (100150);
INSERT INTO Analyst(ID) VALUES (100153);
INSERT INTO Analyst(ID) VALUES (100159);
INSERT INTO Analyst(ID) VALUES (100165);
INSERT INTO Analyst(ID) VALUES (100169);
INSERT INTO Analyst(ID) VALUES (100178);
INSERT INTO Analyst(ID) VALUES (100181);
INSERT INTO Analyst(ID) VALUES (100186);
INSERT INTO Analyst(ID) VALUES (100190);
INSERT INTO Analyst(ID) VALUES (100193);
INSERT INTO Analyst(ID) VALUES (100195);
INSERT INTO Analyst(ID) VALUES (100201);
INSERT INTO Analyst(ID) VALUES (100212);
INSERT INTO Analyst(ID) VALUES (100215);
INSERT INTO Analyst(ID) VALUES (100216);
INSERT INTO Analyst(ID) VALUES (100223);
INSERT INTO Analyst(ID) VALUES (100227);
INSERT INTO Analyst(ID) VALUES (100232);
INSERT INTO Analyst(ID) VALUES (100246);
INSERT INTO Analyst(ID) VALUES (100254);
INSERT INTO Analyst(ID) VALUES (100259);
INSERT INTO Analyst(ID) VALUES (100275);
INSERT INTO Analyst(ID) VALUES (100277);
INSERT INTO Analyst(ID) VALUES (100278);
INSERT INTO Analyst(ID) VALUES (100280);
INSERT INTO Analyst(ID) VALUES (100286);
INSERT INTO Analyst(ID) VALUES (100288);
INSERT INTO Analyst(ID) VALUES (100289);

INSERT INTO Manager(ID) VALUES (100013);
INSERT INTO Manager(ID) VALUES (100017);
INSERT INTO Manager(ID) VALUES (100018);
INSERT INTO Manager(ID) VALUES (100036);
INSERT INTO Manager(ID) VALUES (100037);
INSERT INTO Manager(ID) VALUES (100043);
INSERT INTO Manager(ID) VALUES (100046);
INSERT INTO Manager(ID) VALUES (100048);
INSERT INTO Manager(ID) VALUES (100052);
INSERT INTO Manager(ID) VALUES (100066);
INSERT INTO Manager(ID) VALUES (100071);
INSERT INTO Manager(ID) VALUES (100076);
INSERT INTO Manager(ID) VALUES (100077);
INSERT INTO Manager(ID) VALUES (100080);
INSERT INTO Manager(ID) VALUES (100082);
INSERT INTO Manager(ID) VALUES (100090);
INSERT INTO Manager(ID) VALUES (100102);
INSERT INTO Manager(ID) VALUES (100110);
INSERT INTO Manager(ID) VALUES (100112);
INSERT INTO Manager(ID) VALUES (100113);
INSERT INTO Manager(ID) VALUES (100117);
INSERT INTO Manager(ID) VALUES (100118);
INSERT INTO Manager(ID) VALUES (100119);
INSERT INTO Manager(ID) VALUES (100127);
INSERT INTO Manager(ID) VALUES (100128);
INSERT INTO Manager(ID) VALUES (100143);
INSERT INTO Manager(ID) VALUES (100148);
INSERT INTO Manager(ID) VALUES (100154);
INSERT INTO Manager(ID) VALUES (100155);
INSERT INTO Manager(ID) VALUES (100163);
INSERT INTO Manager(ID) VALUES (100171);
INSERT INTO Manager(ID) VALUES (100172);
INSERT INTO Manager(ID) VALUES (100173);
INSERT INTO Manager(ID) VALUES (100179);
INSERT INTO Manager(ID) VALUES (100180);
INSERT INTO Manager(ID) VALUES (100189);
INSERT INTO Manager(ID) VALUES (100198);
INSERT INTO Manager(ID) VALUES (100199);
INSERT INTO Manager(ID) VALUES (100211);
INSERT INTO Manager(ID) VALUES (100214);
INSERT INTO Manager(ID) VALUES (100219);
INSERT INTO Manager(ID) VALUES (100225);
INSERT INTO Manager(ID) VALUES (100233);
INSERT INTO Manager(ID) VALUES (100235);
INSERT INTO Manager(ID) VALUES (100236);
INSERT INTO Manager(ID) VALUES (100237);
INSERT INTO Manager(ID) VALUES (100238);
INSERT INTO Manager(ID) VALUES (100239);
INSERT INTO Manager(ID) VALUES (100240);
INSERT INTO Manager(ID) VALUES (100241);
INSERT INTO Manager(ID) VALUES (100245);
INSERT INTO Manager(ID) VALUES (100251);
INSERT INTO Manager(ID) VALUES (100253);
INSERT INTO Manager(ID) VALUES (100257);
INSERT INTO Manager(ID) VALUES (100260);
INSERT INTO Manager(ID) VALUES (100264);
INSERT INTO Manager(ID) VALUES (100266);
INSERT INTO Manager(ID) VALUES (100270);
INSERT INTO Manager(ID) VALUES (100279);
INSERT INTO Manager(ID) VALUES (100282);
INSERT INTO Manager(ID) VALUES (100283);
INSERT INTO Manager(ID) VALUES (100291);
INSERT INTO Manager(ID) VALUES (100292);
INSERT INTO Manager(ID) VALUES (100294);
INSERT INTO Manager(ID) VALUES (100296);
INSERT INTO Manager(ID) VALUES (100298);

INSERT INTO Worker(ID) VALUES (100005);
INSERT INTO Worker(ID) VALUES (100011);
INSERT INTO Worker(ID) VALUES (100019);
INSERT INTO Worker(ID) VALUES (100021);
INSERT INTO Worker(ID) VALUES (100023);
INSERT INTO Worker(ID) VALUES (100024);
INSERT INTO Worker(ID) VALUES (100028);
INSERT INTO Worker(ID) VALUES (100029);
INSERT INTO Worker(ID) VALUES (100040);
INSERT INTO Worker(ID) VALUES (100051);
INSERT INTO Worker(ID) VALUES (100053);
INSERT INTO Worker(ID) VALUES (100055);
INSERT INTO Worker(ID) VALUES (100059);
INSERT INTO Worker(ID) VALUES (100060);
INSERT INTO Worker(ID) VALUES (100061);
INSERT INTO Worker(ID) VALUES (100065);
INSERT INTO Worker(ID) VALUES (100067);
INSERT INTO Worker(ID) VALUES (100078);
INSERT INTO Worker(ID) VALUES (100083);
INSERT INTO Worker(ID) VALUES (100085);
INSERT INTO Worker(ID) VALUES (100092);
INSERT INTO Worker(ID) VALUES (100093);
INSERT INTO Worker(ID) VALUES (100097);
INSERT INTO Worker(ID) VALUES (100101);
INSERT INTO Worker(ID) VALUES (100104);
INSERT INTO Worker(ID) VALUES (100109);
INSERT INTO Worker(ID) VALUES (100115);
INSERT INTO Worker(ID) VALUES (100121);
INSERT INTO Worker(ID) VALUES (100123);
INSERT INTO Worker(ID) VALUES (100134);
INSERT INTO Worker(ID) VALUES (100137);
INSERT INTO Worker(ID) VALUES (100138);
INSERT INTO Worker(ID) VALUES (100139);
INSERT INTO Worker(ID) VALUES (100142);
INSERT INTO Worker(ID) VALUES (100144);
INSERT INTO Worker(ID) VALUES (100151);
INSERT INTO Worker(ID) VALUES (100152);
INSERT INTO Worker(ID) VALUES (100157);
INSERT INTO Worker(ID) VALUES (100161);
INSERT INTO Worker(ID) VALUES (100167);
INSERT INTO Worker(ID) VALUES (100183);
INSERT INTO Worker(ID) VALUES (100197);
INSERT INTO Worker(ID) VALUES (100200);
INSERT INTO Worker(ID) VALUES (100204);
INSERT INTO Worker(ID) VALUES (100205);
INSERT INTO Worker(ID) VALUES (100206);
INSERT INTO Worker(ID) VALUES (100207);
INSERT INTO Worker(ID) VALUES (100213);
INSERT INTO Worker(ID) VALUES (100218);
INSERT INTO Worker(ID) VALUES (100220);
INSERT INTO Worker(ID) VALUES (100221);
INSERT INTO Worker(ID) VALUES (100222);
INSERT INTO Worker(ID) VALUES (100228);
INSERT INTO Worker(ID) VALUES (100242);
INSERT INTO Worker(ID) VALUES (100244);
INSERT INTO Worker(ID) VALUES (100268);
INSERT INTO Worker(ID) VALUES (100269);
INSERT INTO Worker(ID) VALUES (100271);
INSERT INTO Worker(ID) VALUES (100273);
INSERT INTO Worker(ID) VALUES (100281);
INSERT INTO Worker(ID) VALUES (100284);
INSERT INTO Worker(ID) VALUES (100290);
INSERT INTO Worker(ID) VALUES (100299);

INSERT INTO Designer(ID) VALUES (100008);
INSERT INTO Designer(ID) VALUES (100012);
INSERT INTO Designer(ID) VALUES (100015);
INSERT INTO Designer(ID) VALUES (100030);
INSERT INTO Designer(ID) VALUES (100035);
INSERT INTO Designer(ID) VALUES (100038);
INSERT INTO Designer(ID) VALUES (100042);
INSERT INTO Designer(ID) VALUES (100044);
INSERT INTO Designer(ID) VALUES (100047);
INSERT INTO Designer(ID) VALUES (100049);
INSERT INTO Designer(ID) VALUES (100050);
INSERT INTO Designer(ID) VALUES (100057);
INSERT INTO Designer(ID) VALUES (100058);
INSERT INTO Designer(ID) VALUES (100063);
INSERT INTO Designer(ID) VALUES (100068);
INSERT INTO Designer(ID) VALUES (100069);
INSERT INTO Designer(ID) VALUES (100070);
INSERT INTO Designer(ID) VALUES (100072);
INSERT INTO Designer(ID) VALUES (100091);
INSERT INTO Designer(ID) VALUES (100095);
INSERT INTO Designer(ID) VALUES (100103);
INSERT INTO Designer(ID) VALUES (100105);
INSERT INTO Designer(ID) VALUES (100124);
INSERT INTO Designer(ID) VALUES (100125);
INSERT INTO Designer(ID) VALUES (100130);
INSERT INTO Designer(ID) VALUES (100135);
INSERT INTO Designer(ID) VALUES (100156);
INSERT INTO Designer(ID) VALUES (100162);
INSERT INTO Designer(ID) VALUES (100164);
INSERT INTO Designer(ID) VALUES (100168);
INSERT INTO Designer(ID) VALUES (100177);
INSERT INTO Designer(ID) VALUES (100182);
INSERT INTO Designer(ID) VALUES (100184);
INSERT INTO Designer(ID) VALUES (100191);
INSERT INTO Designer(ID) VALUES (100192);
INSERT INTO Designer(ID) VALUES (100194);
INSERT INTO Designer(ID) VALUES (100202);
INSERT INTO Designer(ID) VALUES (100208);
INSERT INTO Designer(ID) VALUES (100209);
INSERT INTO Designer(ID) VALUES (100210);
INSERT INTO Designer(ID) VALUES (100224);
INSERT INTO Designer(ID) VALUES (100226);
INSERT INTO Designer(ID) VALUES (100230);
INSERT INTO Designer(ID) VALUES (100234);
INSERT INTO Designer(ID) VALUES (100247);
INSERT INTO Designer(ID) VALUES (100248);
INSERT INTO Designer(ID) VALUES (100258);
INSERT INTO Designer(ID) VALUES (100261);
INSERT INTO Designer(ID) VALUES (100272);
INSERT INTO Designer(ID) VALUES (100274);
INSERT INTO Designer(ID) VALUES (100276);
INSERT INTO Designer(ID) VALUES (100285);
INSERT INTO Designer(ID) VALUES (100297);
INSERT INTO Designer(ID) VALUES (100300);

INSERT INTO Supplier(SID,Location,MID) VALUES (105001,'6127 Merchant Lane','101301');
INSERT INTO Supplier(SID,Location,MID) VALUES (105002,'28 Huxley Circle','101302');
INSERT INTO Supplier(SID,Location,MID) VALUES (105003,'2 Tomscot Avenue','101303');
INSERT INTO Supplier(SID,Location,MID) VALUES (105004,'33522 Spaight Court','101304');
INSERT INTO Supplier(SID,Location,MID) VALUES (105005,'96609 Lake View Junction','101305');
INSERT INTO Supplier(SID,Location,MID) VALUES (105006,'38 Lakeland Court','101306');
INSERT INTO Supplier(SID,Location,MID) VALUES (105007,'88 Barby Crossing','101307');
INSERT INTO Supplier(SID,Location,MID) VALUES (105008,'9566 Michigan Junction','101308');
INSERT INTO Supplier(SID,Location,MID) VALUES (105009,'00484 Sugar Park','101309');
INSERT INTO Supplier(SID,Location,MID) VALUES (105010,'674 Amoth Hill','101310');
INSERT INTO Supplier(SID,Location,MID) VALUES (105011,'0193 Scoville Street','101311');
INSERT INTO Supplier(SID,Location,MID) VALUES (105012,'84 Killdeer Pass','101312');
INSERT INTO Supplier(SID,Location,MID) VALUES (105013,'9938 Eagan Road','101313');
INSERT INTO Supplier(SID,Location,MID) VALUES (105014,'869 Fulton Lane','101314');
INSERT INTO Supplier(SID,Location,MID) VALUES (105015,'6141 Vernon Point','101315');
INSERT INTO Supplier(SID,Location,MID) VALUES (105016,'566 Karstens Lane','101316');
INSERT INTO Supplier(SID,Location,MID) VALUES (105017,'1371 Sunnyside Place','101317');
INSERT INTO Supplier(SID,Location,MID) VALUES (105018,'7 East Center','101318');
INSERT INTO Supplier(SID,Location,MID) VALUES (105019,'7 Park Meadow Circle','101319');
INSERT INTO Supplier(SID,Location,MID) VALUES (105020,'51 Lotheville Crossing','101320');
INSERT INTO Supplier(SID,Location,MID) VALUES (105021,'3907 Merrick Terrace','101321');
INSERT INTO Supplier(SID,Location,MID) VALUES (105022,'2 Meadow Valley Point','101322');
INSERT INTO Supplier(SID,Location,MID) VALUES (105023,'706 Bultman Plaza','101323');
INSERT INTO Supplier(SID,Location,MID) VALUES (105024,'70240 Petterle Lane','101324');
INSERT INTO Supplier(SID,Location,MID) VALUES (105025,'49471 Eliot Junction','101325');
INSERT INTO Supplier(SID,Location,MID) VALUES (105026,'94 Schmedeman Drive','101326');
INSERT INTO Supplier(SID,Location,MID) VALUES (105027,'28 Canary Way','101327');
INSERT INTO Supplier(SID,Location,MID) VALUES (105028,'2 Parkside Park','101328');
INSERT INTO Supplier(SID,Location,MID) VALUES (105029,'05030 Express Crossing','101329');
INSERT INTO Supplier(SID,Location,MID) VALUES (105030,'8967 Lake View Plaza','101330');
INSERT INTO Supplier(SID,Location,MID) VALUES (105031,'43 Mcguire Road','101331');
INSERT INTO Supplier(SID,Location,MID) VALUES (105032,'44 Village Green Hill','101332');
INSERT INTO Supplier(SID,Location,MID) VALUES (105033,'463 Tony Center','101333');
INSERT INTO Supplier(SID,Location,MID) VALUES (105034,'4976 Merchant Park','101334');
INSERT INTO Supplier(SID,Location,MID) VALUES (105035,'10789 Brickson Park Court','101335');
INSERT INTO Supplier(SID,Location,MID) VALUES (105036,'912 Columbus Crossing','101336');
INSERT INTO Supplier(SID,Location,MID) VALUES (105037,'0 Katie Center','101337');
INSERT INTO Supplier(SID,Location,MID) VALUES (105038,'452 Warbler Avenue','101338');
INSERT INTO Supplier(SID,Location,MID) VALUES (105039,'23804 Grover Circle','101339');
INSERT INTO Supplier(SID,Location,MID) VALUES (105040,'3654 Montana Center','101340');
INSERT INTO Supplier(SID,Location,MID) VALUES (105041,'1 Monica Park','101341');
INSERT INTO Supplier(SID,Location,MID) VALUES (105042,'11490 Dennis Way','101342');
INSERT INTO Supplier(SID,Location,MID) VALUES (105043,'9 Kings Way','101343');
INSERT INTO Supplier(SID,Location,MID) VALUES (105044,'983 Canary Crossing','101344');
INSERT INTO Supplier(SID,Location,MID) VALUES (105045,'3 Fordem Street','101345');
INSERT INTO Supplier(SID,Location,MID) VALUES (105046,'73952 Delladonna Way','101346');
INSERT INTO Supplier(SID,Location,MID) VALUES (105047,'9 Maywood Lane','101347');
INSERT INTO Supplier(SID,Location,MID) VALUES (105048,'2283 Sage Way','101348');
INSERT INTO Supplier(SID,Location,MID) VALUES (105049,'93 Thompson Way','101349');
INSERT INTO Supplier(SID,Location,MID) VALUES (105050,'20668 Gulseth Way','101350');

INSERT INTO Project(PID,Name,Description,CostEfficiency,Cost,ID,StartDate,Period) VALUES (103001,'Cookley','Muscle Perform Trmt Musculosk Head, Neck w Orthosis','Medium',293506.72,100240,'2021-07-23','Fifth');
INSERT INTO Project(PID,Name,Description,CostEfficiency,Cost,ID,StartDate,Period) VALUES (103002,'Job','Revision of Ext Fix in L Metatarsotars Jt, Extern Approach','Low',21235.96,100059,'2022-08-21','Fifth');
INSERT INTO Project(PID,Name,Description,CostEfficiency,Cost,ID,StartDate,Period) VALUES (103003,'Greenlam','Drainage of L Finger Phalanx Jt, Open Approach, Diagn','Medium',57175.94,100258,'2019-02-10','Sixth');
INSERT INTO Project(PID,Name,Description,CostEfficiency,Cost,ID,StartDate,Period) VALUES (103004,'Stronghold','Transplantation of Right Lung, Zooplastic, Open Approach','High',263476.5,100213,'2022-09-28','Sixth');
INSERT INTO Project(PID,Name,Description,CostEfficiency,Cost,ID,StartDate,Period) VALUES (103005,'Holdlamits','Extirpate matter from L Shoulder Muscle, Perc Endo','Medium',88217.51,100061,'2022-11-08','Fifth');
INSERT INTO Project(PID,Name,Description,CostEfficiency,Cost,ID,StartDate,Period) VALUES (103006,'Fix San','Excision of Left Shoulder Bursa and Ligament, Open Approach','Medium',174543.95,100240,'2021-10-12','Fourth');
INSERT INTO Project(PID,Name,Description,CostEfficiency,Cost,ID,StartDate,Period) VALUES (103007,'Namfixs','Supplement R Up Extrem with Autol Sub, Perc Endo Approach','High',41871.96,100257,'2019-01-22','Fifth');
INSERT INTO Project(PID,Name,Description,CostEfficiency,Cost,ID,StartDate,Period) VALUES (103008,'Wrapsafe','Fluoroscopy Bi Com Carotid w H Osm Contrast, Laser Intraop','High',109131.3,100242,'2022-10-24','Third');
INSERT INTO Project(PID,Name,Description,CostEfficiency,Cost,ID,StartDate,Period) VALUES (103009,'Transcoff','Supplement Lower Artery with Nonaut Sub, Perc Endo Approach','High',285066.99,100014,'2022-09-06','Sixth');
INSERT INTO Project(PID,Name,Description,CostEfficiency,Cost,ID,StartDate,Period) VALUES (103010,'Home Ing','Drainage of Left Main Bronchus, Percutaneous Approach, Diagn','Low',177197.34,100205,'2020-03-24','Sixth');
INSERT INTO Project(PID,Name,Description,CostEfficiency,Cost,ID,StartDate,Period) VALUES (103011,'Greenlan','Excision of Left Foot, Open Approach','Medium',159170.51,100219,'2019-12-29','Third');
INSERT INTO Project(PID,Name,Description,CostEfficiency,Cost,ID,StartDate,Period) VALUES (103012,'Solarbreeze','Supplement Mitral Valve fr L AV Vlv w Synth Sub, Perc Endo','Medium',170777.24,100241,'2019-10-17','First');
INSERT INTO Project(PID,Name,Description,CostEfficiency,Cost,ID,StartDate,Period) VALUES (103013,'Matsoft','Excision of Right Lower Extremity, Perc Approach, Diagn','High',288504.14,100027,'2022-04-13','First');
INSERT INTO Project(PID,Name,Description,CostEfficiency,Cost,ID,StartDate,Period) VALUES (103014,'Sonair','Reposition L Thorax Bursa/Lig, Perc Endo Approach','Low',114680.9,100192,'2021-01-15','Fourth');
INSERT INTO Project(PID,Name,Description,CostEfficiency,Cost,ID,StartDate,Period) VALUES (103015,'It','Bypass 4+ Cor Art from Aorta w Autol Vn, Perc Endo','Medium',21205.55,100137,'2021-05-30','Sixth');
INSERT INTO Project(PID,Name,Description,CostEfficiency,Cost,ID,StartDate,Period) VALUES (103016,'Its','Bypass Cecum to Ascending Colon with Nonaut Sub, Endo','Medium',256100.62,100046,'2022-06-17','Fifth');
INSERT INTO Project(PID,Name,Description,CostEfficiency,Cost,ID,StartDate,Period) VALUES (103017,'Veribeat','Excision of R Abd Bursa/Lig, Perc Approach, Diagn','High',110531.45,100175,'2021-01-18','Fourth');
INSERT INTO Project(PID,Name,Description,CostEfficiency,Cost,ID,StartDate,Period) VALUES (103018,'Overhold','Monitoring of Arterial Pulse, Pulmonary, Open Approach','Medium',94909.99,100291,'2021-10-02','Second');
INSERT INTO Project(PID,Name,Description,CostEfficiency,Cost,ID,StartDate,Period) VALUES (103019,'Lotstrin','Bypass R Kidney Pelvis to Colocutan w Autol Sub, Open','Low',80231.18,100043,'2021-08-30','Second');
INSERT INTO Project(PID,Name,Description,CostEfficiency,Cost,ID,StartDate,Period) VALUES (103020,'Domain','Revise Drain Dev in L Metatarsotars Jt, Perc Endo','Medium',17282.19,100196,'2020-11-14','Fourth');
INSERT INTO Project(PID,Name,Description,CostEfficiency,Cost,ID,StartDate,Period) VALUES (103021,'Daltfresh','Reposition Left Tibia with Int Fix, Perc Endo Approach','Medium',213281.19,100118,'2020-09-14','Third');
INSERT INTO Project(PID,Name,Description,CostEfficiency,Cost,ID,StartDate,Period) VALUES (103022,'Bamity','Insertion of Int Fix into R Sphenoid Bone, Open Approach','Medium',207838.54,100173,'2022-02-11','Sixth');
INSERT INTO Project(PID,Name,Description,CostEfficiency,Cost,ID,StartDate,Period) VALUES (103023,'Transcof','Repair Left Thorax Tendon, Open Approach','High',258239.28,100182,'2021-08-19','Second');
INSERT INTO Project(PID,Name,Description,CostEfficiency,Cost,ID,StartDate,Period) VALUES (103024,'Fixflex','Occlusion of R Foot Vein with Intralum Dev, Perc Approach','Low',24114.18,100190,'2022-02-16','First');
INSERT INTO Project(PID,Name,Description,CostEfficiency,Cost,ID,StartDate,Period) VALUES (103025,'Prodder','Release Left Neck Lymphatic, Percutaneous Approach','Low',218195.32,100211,'2020-10-21','Sixth');
INSERT INTO Project(PID,Name,Description,CostEfficiency,Cost,ID,StartDate,Period) VALUES (103026,'Srapsafe','HDR Brachytherapy of L Breast using Palladium 103','Low',231805.01,100249,'2020-09-22','Fifth');
INSERT INTO Project(PID,Name,Description,CostEfficiency,Cost,ID,StartDate,Period) VALUES (103027,'Cardgard','Removal of Radioact Elem from R Low Extrem, Open Approach','Medium',32217.14,100069,'2022-10-20','Second');
INSERT INTO Project(PID,Name,Description,CostEfficiency,Cost,ID,StartDate,Period) VALUES (103028,'Casdguard','Drainage of Right Basilic Vein, Open Approach, Diagnostic','High',294836.89,100018,'2022-06-14','Third');
INSERT INTO Project(PID,Name,Description,CostEfficiency,Cost,ID,StartDate,Period) VALUES (103029,'Voyatouchs','Revision of Synth Sub in Low Tendon, Extern Approach','Low',164097.86,100028,'2021-12-31','Third');
INSERT INTO Project(PID,Name,Description,CostEfficiency,Cost,ID,StartDate,Period) VALUES (103030,'Fintone','Supplement Small Intest with Nonaut Sub, Perc Endo Approach','Medium',168531.53,100073,'2022-02-13','Second');
INSERT INTO Project(PID,Name,Description,CostEfficiency,Cost,ID,StartDate,Period) VALUES (103031,'Namfix','Excision of Left Kidney, Percutaneous Approach, Diagnostic','Low',251978.09,100243,'2020-03-23','Sixth');
INSERT INTO Project(PID,Name,Description,CostEfficiency,Cost,ID,StartDate,Period) VALUES (103032,'Carsdguard','Ultrasonography of Third Trimester, Single Fetus','High',123753.16,100113,'2021-05-22','Third');
INSERT INTO Project(PID,Name,Description,CostEfficiency,Cost,ID,StartDate,Period) VALUES (103033,'Voyattouch','Occlusion of Stomach, Pylorus, Perc Endo Approach','High',259222.15,100068,'2019-10-15','Seventh');
INSERT INTO Project(PID,Name,Description,CostEfficiency,Cost,ID,StartDate,Period) VALUES (103034,'Stringtough','Bypass L Foot Vein to Low Vein w Nonaut Sub, Open','Medium',237642.57,100218,'2022-10-17','Fifth');
INSERT INTO Project(PID,Name,Description,CostEfficiency,Cost,ID,StartDate,Period) VALUES (103035,'Cardguard','Reposition Left Patella, External Approach','Medium',195048.1,100037,'2019-04-10','First');
INSERT INTO Project(PID,Name,Description,CostEfficiency,Cost,ID,StartDate,Period) VALUES (103036,'Daltftresh','Extraction of POC, Classical, Open Approach','Medium',76269.03,100154,'2022-03-03','First');
INSERT INTO Project(PID,Name,Description,CostEfficiency,Cost,ID,StartDate,Period) VALUES (103037,'Otcom','Insertion of Stimulator Lead into Low Muscle, Open Approach','High',206263.24,100227,'2020-11-05','Third');
INSERT INTO Project(PID,Name,Description,CostEfficiency,Cost,ID,StartDate,Period) VALUES (103038,'Redhold','Control Bleeding in Upper Jaw, Percutaneous Approach','High',10477.1,100050,'2021-05-27','Fifth');
INSERT INTO Project(PID,Name,Description,CostEfficiency,Cost,ID,StartDate,Period) VALUES (103039,'Regrant','Revision of Ext Fix in L Metacarpal, Open Approach','Medium',117538.43,100221,'2021-03-15','First');
INSERT INTO Project(PID,Name,Description,CostEfficiency,Cost,ID,StartDate,Period) VALUES (103040,'Ronstring','Introduction of Oth Anti-infect into Low GI, Perc Approach','Medium',229211.26,100205,'2019-08-07','Third');
INSERT INTO Project(PID,Name,Description,CostEfficiency,Cost,ID,StartDate,Period) VALUES (103041,'Zaam-Dox','Division of Right Metatarsal, Open Approach','Medium',295697.17,100048,'2019-12-12','Sixth');
INSERT INTO Project(PID,Name,Description,CostEfficiency,Cost,ID,StartDate,Period) VALUES (103042,'Konklux','Replacement of R Tarsal with Synth Sub, Perc Endo Approach','High',24385.48,100054,'2022-04-13','Sixth');
INSERT INTO Project(PID,Name,Description,CostEfficiency,Cost,ID,StartDate,Period) VALUES (103043,'Greenlaam','Reattachment of Cecum, Open Approach','High',274561.74,100166,'2022-12-05','Sixth');
INSERT INTO Project(PID,Name,Description,CostEfficiency,Cost,ID,StartDate,Period) VALUES (103044,'Domainer','Extirpation of Matter from Optic Nerve, Open Approach','High',199361.56,100270,'2021-12-11','Third');
INSERT INTO Project(PID,Name,Description,CostEfficiency,Cost,ID,StartDate,Period) VALUES (103045,'Holdlamis','Plaque Radiation of Pleura','High',65206.85,100114,'2020-05-02','First');
INSERT INTO Project(PID,Name,Description,CostEfficiency,Cost,ID,StartDate,Period) VALUES (103046,'Flexidy','Revision of Synth Sub in R Acromioclav Jt, Open Approach','High',295553.14,100184,'2019-05-01','Third');
INSERT INTO Project(PID,Name,Description,CostEfficiency,Cost,ID,StartDate,Period) VALUES (103047,'Veribet','Removal of Monitor Dev from Esophag, Perc Endo Approach','High',58094.51,100109,'2020-01-11','Seventh');
INSERT INTO Project(PID,Name,Description,CostEfficiency,Cost,ID,StartDate,Period) VALUES (103048,'Zoolab','Replacement of Nasal Turbinate with Autol Sub, Perc Approach','Medium',172974.88,100063,'2022-08-19','Fifth');
INSERT INTO Project(PID,Name,Description,CostEfficiency,Cost,ID,StartDate,Period) VALUES (103049,'Itt','Supplement Epiglottis with Nonaut Sub, Endo','High',131243.83,100005,'2021-04-04','Fourth');
INSERT INTO Project(PID,Name,Description,CostEfficiency,Cost,ID,StartDate,Period) VALUES (103050,'Cardify','Removal of Monitor Dev from Gallbladder, Perc Endo Approach','Medium',145121.49,100185,'2021-04-20','Second');
INSERT INTO Project(PID,Name,Description,CostEfficiency,Cost,ID,StartDate,Period) VALUES (103051,'Sonairt','Drainage of Right Upper Femur, Percutaneous Approach, Diagn','High',47490.52,100234,'2022-03-18','Seventh');
INSERT INTO Project(PID,Name,Description,CostEfficiency,Cost,ID,StartDate,Period) VALUES (103052,'Alphazap','Computerized Tomography (CT Scan) of Right Scapula','Medium',60945.7,100019,'2020-11-11','Second');
INSERT INTO Project(PID,Name,Description,CostEfficiency,Cost,ID,StartDate,Period) VALUES (103053,'Voyatouch','Drainage of Left External Ear, Percutaneous Approach','Medium',229622.68,100153,'2020-07-11','Seventh');
INSERT INTO Project(PID,Name,Description,CostEfficiency,Cost,ID,StartDate,Period) VALUES (103054,'Subin','Drainage of R Ant Tib Art with Drain Dev, Perc Approach','High',159933.78,100091,'2021-01-02','Third');
INSERT INTO Project(PID,Name,Description,CostEfficiency,Cost,ID,StartDate,Period) VALUES (103055,'Gambucket','Exercise Treatment of Neuro Low Back/LE using Prosthesis','High',164791.06,100153,'2019-05-07','Fourth');
INSERT INTO Project(PID,Name,Description,CostEfficiency,Cost,ID,StartDate,Period) VALUES (103056,'Sub-Exx','Insertion of Intralum Dev into Sup Mesent Art, Perc Approach','Low',163359.51,100184,'2020-01-24','Sixth');
INSERT INTO Project(PID,Name,Description,CostEfficiency,Cost,ID,StartDate,Period) VALUES (103057,'Matsolft','Resection of Large Intestine, Perc Endo Approach','Low',138740.12,100201,'2020-05-03','Seventh');
INSERT INTO Project(PID,Name,Description,CostEfficiency,Cost,ID,StartDate,Period) VALUES (103058,'Stims','MRI of Port/Splanch Vein using Oth Contrast, Unenh, Enhance','Low',235554.48,100157,'2021-01-10','Second');
INSERT INTO Project(PID,Name,Description,CostEfficiency,Cost,ID,StartDate,Period) VALUES (103059,'Lottstring','Bypass R Fem Art to Low Ex Art with Synth Sub, Open Approach','Medium',198373.2,100039,'2019-06-29','First');
INSERT INTO Project(PID,Name,Description,CostEfficiency,Cost,ID,StartDate,Period) VALUES (103060,'Lotstring','Exercise Treatment of Circ Head, Neck using Orthosis','High',167716.75,100290,'2021-01-02','Fifth');

INSERT INTO Product(PID) VALUES (109001);
INSERT INTO Product(PID) VALUES (109002);
INSERT INTO Product(PID) VALUES (109003);
INSERT INTO Product(PID) VALUES (109004);
INSERT INTO Product(PID) VALUES (109005);
INSERT INTO Product(PID) VALUES (109006);
INSERT INTO Product(PID) VALUES (109007);
INSERT INTO Product(PID) VALUES (109008);
INSERT INTO Product(PID) VALUES (109009);
INSERT INTO Product(PID) VALUES (109010);
INSERT INTO Product(PID) VALUES (109011);
INSERT INTO Product(PID) VALUES (109012);
INSERT INTO Product(PID) VALUES (109013);
INSERT INTO Product(PID) VALUES (109014);
INSERT INTO Product(PID) VALUES (109015);
INSERT INTO Product(PID) VALUES (109016);
INSERT INTO Product(PID) VALUES (109017);
INSERT INTO Product(PID) VALUES (109018);
INSERT INTO Product(PID) VALUES (109019);
INSERT INTO Product(PID) VALUES (109020);
INSERT INTO Product(PID) VALUES (109021);
INSERT INTO Product(PID) VALUES (109022);
INSERT INTO Product(PID) VALUES (109023);
INSERT INTO Product(PID) VALUES (109024);
INSERT INTO Product(PID) VALUES (109025);
INSERT INTO Product(PID) VALUES (109026);
INSERT INTO Product(PID) VALUES (109027);
INSERT INTO Product(PID) VALUES (109028);
INSERT INTO Product(PID) VALUES (109029);
INSERT INTO Product(PID) VALUES (109030);
INSERT INTO Product(PID) VALUES (109031);
INSERT INTO Product(PID) VALUES (109032);
INSERT INTO Product(PID) VALUES (109033);
INSERT INTO Product(PID) VALUES (109034);
INSERT INTO Product(PID) VALUES (109035);
INSERT INTO Product(PID) VALUES (109036);
INSERT INTO Product(PID) VALUES (109037);
INSERT INTO Product(PID) VALUES (109038);
INSERT INTO Product(PID) VALUES (109039);
INSERT INTO Product(PID) VALUES (109040);
INSERT INTO Product(PID) VALUES (109041);
INSERT INTO Product(PID) VALUES (109042);
INSERT INTO Product(PID) VALUES (109043);
INSERT INTO Product(PID) VALUES (109044);
INSERT INTO Product(PID) VALUES (109045);
INSERT INTO Product(PID) VALUES (109046);
INSERT INTO Product(PID) VALUES (109047);
INSERT INTO Product(PID) VALUES (109048);
INSERT INTO Product(PID) VALUES (109049);
INSERT INTO Product(PID) VALUES (109050);
INSERT INTO Product(PID) VALUES (109051);
INSERT INTO Product(PID) VALUES (109052);
INSERT INTO Product(PID) VALUES (109053);
INSERT INTO Product(PID) VALUES (109054);
INSERT INTO Product(PID) VALUES (109055);
INSERT INTO Product(PID) VALUES (109056);
INSERT INTO Product(PID) VALUES (109057);
INSERT INTO Product(PID) VALUES (109058);
INSERT INTO Product(PID) VALUES (109059);
INSERT INTO Product(PID) VALUES (109060);
INSERT INTO Product(PID) VALUES (109061);
INSERT INTO Product(PID) VALUES (109062);
INSERT INTO Product(PID) VALUES (109063);
INSERT INTO Product(PID) VALUES (109064);
INSERT INTO Product(PID) VALUES (109065);
INSERT INTO Product(PID) VALUES (109066);
INSERT INTO Product(PID) VALUES (109067);
INSERT INTO Product(PID) VALUES (109068);
INSERT INTO Product(PID) VALUES (109069);
INSERT INTO Product(PID) VALUES (109070);
INSERT INTO Product(PID) VALUES (109071);
INSERT INTO Product(PID) VALUES (109072);
INSERT INTO Product(PID) VALUES (109073);
INSERT INTO Product(PID) VALUES (109074);
INSERT INTO Product(PID) VALUES (109075);
INSERT INTO Product(PID) VALUES (109076);
INSERT INTO Product(PID) VALUES (109077);
INSERT INTO Product(PID) VALUES (109078);
INSERT INTO Product(PID) VALUES (109079);
INSERT INTO Product(PID) VALUES (109080);
INSERT INTO Product(PID) VALUES (109081);
INSERT INTO Product(PID) VALUES (109082);
INSERT INTO Product(PID) VALUES (109083);
INSERT INTO Product(PID) VALUES (109084);
INSERT INTO Product(PID) VALUES (109085);
INSERT INTO Product(PID) VALUES (109086);
INSERT INTO Product(PID) VALUES (109087);
INSERT INTO Product(PID) VALUES (109088);
INSERT INTO Product(PID) VALUES (109089);
INSERT INTO Product(PID) VALUES (109090);
INSERT INTO Product(PID) VALUES (109091);
INSERT INTO Product(PID) VALUES (109092);
INSERT INTO Product(PID) VALUES (109093);
INSERT INTO Product(PID) VALUES (109094);
INSERT INTO Product(PID) VALUES (109095);
INSERT INTO Product(PID) VALUES (109096);
INSERT INTO Product(PID) VALUES (109097);
INSERT INTO Product(PID) VALUES (109098);
INSERT INTO Product(PID) VALUES (109099);
INSERT INTO Product(PID) VALUES (109100);

INSERT INTO Process(PID) VALUES (106001);
INSERT INTO Process(PID) VALUES (106002);
INSERT INTO Process(PID) VALUES (106003);
INSERT INTO Process(PID) VALUES (106004);
INSERT INTO Process(PID) VALUES (106005);
INSERT INTO Process(PID) VALUES (106006);
INSERT INTO Process(PID) VALUES (106007);
INSERT INTO Process(PID) VALUES (106008);
INSERT INTO Process(PID) VALUES (106009);
INSERT INTO Process(PID) VALUES (106010);
INSERT INTO Process(PID) VALUES (106011);
INSERT INTO Process(PID) VALUES (106012);
INSERT INTO Process(PID) VALUES (106013);
INSERT INTO Process(PID) VALUES (106014);
INSERT INTO Process(PID) VALUES (106015);
INSERT INTO Process(PID) VALUES (106016);
INSERT INTO Process(PID) VALUES (106017);
INSERT INTO Process(PID) VALUES (106018);
INSERT INTO Process(PID) VALUES (106019);
INSERT INTO Process(PID) VALUES (106020);
INSERT INTO Process(PID) VALUES (106021);
INSERT INTO Process(PID) VALUES (106022);
INSERT INTO Process(PID) VALUES (106023);
INSERT INTO Process(PID) VALUES (106024);
INSERT INTO Process(PID) VALUES (106025);
INSERT INTO Process(PID) VALUES (106026);
INSERT INTO Process(PID) VALUES (106027);
INSERT INTO Process(PID) VALUES (106028);
INSERT INTO Process(PID) VALUES (106029);
INSERT INTO Process(PID) VALUES (106030);
INSERT INTO Process(PID) VALUES (106031);
INSERT INTO Process(PID) VALUES (106032);
INSERT INTO Process(PID) VALUES (106033);
INSERT INTO Process(PID) VALUES (106034);
INSERT INTO Process(PID) VALUES (106035);
INSERT INTO Process(PID) VALUES (106036);
INSERT INTO Process(PID) VALUES (106037);
INSERT INTO Process(PID) VALUES (106038);
INSERT INTO Process(PID) VALUES (106039);
INSERT INTO Process(PID) VALUES (106040);
INSERT INTO Process(PID) VALUES (106041);
INSERT INTO Process(PID) VALUES (106042);
INSERT INTO Process(PID) VALUES (106043);
INSERT INTO Process(PID) VALUES (106044);
INSERT INTO Process(PID) VALUES (106045);
INSERT INTO Process(PID) VALUES (106046);
INSERT INTO Process(PID) VALUES (106047);
INSERT INTO Process(PID) VALUES (106048);
INSERT INTO Process(PID) VALUES (106049);
INSERT INTO Process(PID) VALUES (106050);
INSERT INTO Process(PID) VALUES (106051);
INSERT INTO Process(PID) VALUES (106052);
INSERT INTO Process(PID) VALUES (106053);
INSERT INTO Process(PID) VALUES (106054);
INSERT INTO Process(PID) VALUES (106055);
INSERT INTO Process(PID) VALUES (106056);
INSERT INTO Process(PID) VALUES (106057);
INSERT INTO Process(PID) VALUES (106058);
INSERT INTO Process(PID) VALUES (106059);
INSERT INTO Process(PID) VALUES (106060);
INSERT INTO Process(PID) VALUES (106061);
INSERT INTO Process(PID) VALUES (106062);
INSERT INTO Process(PID) VALUES (106063);
INSERT INTO Process(PID) VALUES (106064);
INSERT INTO Process(PID) VALUES (106065);
INSERT INTO Process(PID) VALUES (106066);
INSERT INTO Process(PID) VALUES (106067);
INSERT INTO Process(PID) VALUES (106068);
INSERT INTO Process(PID) VALUES (106069);
INSERT INTO Process(PID) VALUES (106070);
INSERT INTO Process(PID) VALUES (106071);
INSERT INTO Process(PID) VALUES (106072);
INSERT INTO Process(PID) VALUES (106073);
INSERT INTO Process(PID) VALUES (106074);
INSERT INTO Process(PID) VALUES (106075);
INSERT INTO Process(PID) VALUES (106076);
INSERT INTO Process(PID) VALUES (106077);
INSERT INTO Process(PID) VALUES (106078);
INSERT INTO Process(PID) VALUES (106079);
INSERT INTO Process(PID) VALUES (106080);
INSERT INTO Process(PID) VALUES (106081);
INSERT INTO Process(PID) VALUES (106082);
INSERT INTO Process(PID) VALUES (106083);
INSERT INTO Process(PID) VALUES (106084);
INSERT INTO Process(PID) VALUES (106085);
INSERT INTO Process(PID) VALUES (106086);
INSERT INTO Process(PID) VALUES (106087);
INSERT INTO Process(PID) VALUES (106088);
INSERT INTO Process(PID) VALUES (106089);
INSERT INTO Process(PID) VALUES (106090);
INSERT INTO Process(PID) VALUES (106091);
INSERT INTO Process(PID) VALUES (106092);
INSERT INTO Process(PID) VALUES (106093);
INSERT INTO Process(PID) VALUES (106094);
INSERT INTO Process(PID) VALUES (106095);
INSERT INTO Process(PID) VALUES (106096);
INSERT INTO Process(PID) VALUES (106097);
INSERT INTO Process(PID) VALUES (106098);
INSERT INTO Process(PID) VALUES (106099);
INSERT INTO Process(PID) VALUES (106100);
INSERT INTO Process(PID) VALUES (106101);
INSERT INTO Process(PID) VALUES (106102);
INSERT INTO Process(PID) VALUES (106103);
INSERT INTO Process(PID) VALUES (106104);
INSERT INTO Process(PID) VALUES (106105);
INSERT INTO Process(PID) VALUES (106106);
INSERT INTO Process(PID) VALUES (106107);
INSERT INTO Process(PID) VALUES (106108);
INSERT INTO Process(PID) VALUES (106109);
INSERT INTO Process(PID) VALUES (106110);
INSERT INTO Process(PID) VALUES (106111);
INSERT INTO Process(PID) VALUES (106112);
INSERT INTO Process(PID) VALUES (106113);
INSERT INTO Process(PID) VALUES (106114);
INSERT INTO Process(PID) VALUES (106115);
INSERT INTO Process(PID) VALUES (106116);
INSERT INTO Process(PID) VALUES (106117);
INSERT INTO Process(PID) VALUES (106118);
INSERT INTO Process(PID) VALUES (106119);
INSERT INTO Process(PID) VALUES (106120);
INSERT INTO Process(PID) VALUES (106121);
INSERT INTO Process(PID) VALUES (106122);
INSERT INTO Process(PID) VALUES (106123);
INSERT INTO Process(PID) VALUES (106124);
INSERT INTO Process(PID) VALUES (106125);
INSERT INTO Process(PID) VALUES (106126);
INSERT INTO Process(PID) VALUES (106127);
INSERT INTO Process(PID) VALUES (106128);
INSERT INTO Process(PID) VALUES (106129);
INSERT INTO Process(PID) VALUES (106130);
INSERT INTO Process(PID) VALUES (106131);
INSERT INTO Process(PID) VALUES (106132);
INSERT INTO Process(PID) VALUES (106133);
INSERT INTO Process(PID) VALUES (106134);
INSERT INTO Process(PID) VALUES (106135);
INSERT INTO Process(PID) VALUES (106136);
INSERT INTO Process(PID) VALUES (106137);
INSERT INTO Process(PID) VALUES (106138);
INSERT INTO Process(PID) VALUES (106139);
INSERT INTO Process(PID) VALUES (106140);
INSERT INTO Process(PID) VALUES (106141);
INSERT INTO Process(PID) VALUES (106142);
INSERT INTO Process(PID) VALUES (106143);
INSERT INTO Process(PID) VALUES (106144);
INSERT INTO Process(PID) VALUES (106145);
INSERT INTO Process(PID) VALUES (106146);
INSERT INTO Process(PID) VALUES (106147);
INSERT INTO Process(PID) VALUES (106148);
INSERT INTO Process(PID) VALUES (106149);
INSERT INTO Process(PID) VALUES (106150);
INSERT INTO Process(PID) VALUES (106151);
INSERT INTO Process(PID) VALUES (106152);
INSERT INTO Process(PID) VALUES (106153);
INSERT INTO Process(PID) VALUES (106154);
INSERT INTO Process(PID) VALUES (106155);
INSERT INTO Process(PID) VALUES (106156);
INSERT INTO Process(PID) VALUES (106157);
INSERT INTO Process(PID) VALUES (106158);
INSERT INTO Process(PID) VALUES (106159);
INSERT INTO Process(PID) VALUES (106160);
INSERT INTO Process(PID) VALUES (106161);
INSERT INTO Process(PID) VALUES (106162);
INSERT INTO Process(PID) VALUES (106163);
INSERT INTO Process(PID) VALUES (106164);
INSERT INTO Process(PID) VALUES (106165);
INSERT INTO Process(PID) VALUES (106166);
INSERT INTO Process(PID) VALUES (106167);
INSERT INTO Process(PID) VALUES (106168);
INSERT INTO Process(PID) VALUES (106169);
INSERT INTO Process(PID) VALUES (106170);
INSERT INTO Process(PID) VALUES (106171);
INSERT INTO Process(PID) VALUES (106172);
INSERT INTO Process(PID) VALUES (106173);
INSERT INTO Process(PID) VALUES (106174);
INSERT INTO Process(PID) VALUES (106175);
INSERT INTO Process(PID) VALUES (106176);
INSERT INTO Process(PID) VALUES (106177);
INSERT INTO Process(PID) VALUES (106178);
INSERT INTO Process(PID) VALUES (106179);
INSERT INTO Process(PID) VALUES (106180);
INSERT INTO Process(PID) VALUES (106181);
INSERT INTO Process(PID) VALUES (106182);
INSERT INTO Process(PID) VALUES (106183);
INSERT INTO Process(PID) VALUES (106184);
INSERT INTO Process(PID) VALUES (106185);
INSERT INTO Process(PID) VALUES (106186);
INSERT INTO Process(PID) VALUES (106187);
INSERT INTO Process(PID) VALUES (106188);
INSERT INTO Process(PID) VALUES (106189);
INSERT INTO Process(PID) VALUES (106190);
INSERT INTO Process(PID) VALUES (106191);
INSERT INTO Process(PID) VALUES (106192);
INSERT INTO Process(PID) VALUES (106193);
INSERT INTO Process(PID) VALUES (106194);
INSERT INTO Process(PID) VALUES (106195);
INSERT INTO Process(PID) VALUES (106196);
INSERT INTO Process(PID) VALUES (106197);
INSERT INTO Process(PID) VALUES (106198);
INSERT INTO Process(PID) VALUES (106199);
INSERT INTO Process(PID) VALUES (106200);

INSERT INTO Activity(AID) VALUES (104001);
INSERT INTO Activity(AID) VALUES (104002);
INSERT INTO Activity(AID) VALUES (104003);
INSERT INTO Activity(AID) VALUES (104004);
INSERT INTO Activity(AID) VALUES (104005);
INSERT INTO Activity(AID) VALUES (104006);
INSERT INTO Activity(AID) VALUES (104007);
INSERT INTO Activity(AID) VALUES (104008);
INSERT INTO Activity(AID) VALUES (104009);
INSERT INTO Activity(AID) VALUES (104010);
INSERT INTO Activity(AID) VALUES (104011);
INSERT INTO Activity(AID) VALUES (104012);
INSERT INTO Activity(AID) VALUES (104013);
INSERT INTO Activity(AID) VALUES (104014);
INSERT INTO Activity(AID) VALUES (104015);
INSERT INTO Activity(AID) VALUES (104016);
INSERT INTO Activity(AID) VALUES (104017);
INSERT INTO Activity(AID) VALUES (104018);
INSERT INTO Activity(AID) VALUES (104019);
INSERT INTO Activity(AID) VALUES (104020);
INSERT INTO Activity(AID) VALUES (104021);
INSERT INTO Activity(AID) VALUES (104022);
INSERT INTO Activity(AID) VALUES (104023);
INSERT INTO Activity(AID) VALUES (104024);
INSERT INTO Activity(AID) VALUES (104025);
INSERT INTO Activity(AID) VALUES (104026);
INSERT INTO Activity(AID) VALUES (104027);
INSERT INTO Activity(AID) VALUES (104028);
INSERT INTO Activity(AID) VALUES (104029);
INSERT INTO Activity(AID) VALUES (104030);
INSERT INTO Activity(AID) VALUES (104031);
INSERT INTO Activity(AID) VALUES (104032);
INSERT INTO Activity(AID) VALUES (104033);
INSERT INTO Activity(AID) VALUES (104034);
INSERT INTO Activity(AID) VALUES (104035);
INSERT INTO Activity(AID) VALUES (104036);
INSERT INTO Activity(AID) VALUES (104037);
INSERT INTO Activity(AID) VALUES (104038);
INSERT INTO Activity(AID) VALUES (104039);
INSERT INTO Activity(AID) VALUES (104040);
INSERT INTO Activity(AID) VALUES (104041);
INSERT INTO Activity(AID) VALUES (104042);
INSERT INTO Activity(AID) VALUES (104043);
INSERT INTO Activity(AID) VALUES (104044);
INSERT INTO Activity(AID) VALUES (104045);
INSERT INTO Activity(AID) VALUES (104046);
INSERT INTO Activity(AID) VALUES (104047);
INSERT INTO Activity(AID) VALUES (104048);
INSERT INTO Activity(AID) VALUES (104049);
INSERT INTO Activity(AID) VALUES (104050);
INSERT INTO Activity(AID) VALUES (104051);
INSERT INTO Activity(AID) VALUES (104052);
INSERT INTO Activity(AID) VALUES (104053);
INSERT INTO Activity(AID) VALUES (104054);
INSERT INTO Activity(AID) VALUES (104055);
INSERT INTO Activity(AID) VALUES (104056);
INSERT INTO Activity(AID) VALUES (104057);
INSERT INTO Activity(AID) VALUES (104058);
INSERT INTO Activity(AID) VALUES (104059);
INSERT INTO Activity(AID) VALUES (104060);
INSERT INTO Activity(AID) VALUES (104061);
INSERT INTO Activity(AID) VALUES (104062);
INSERT INTO Activity(AID) VALUES (104063);
INSERT INTO Activity(AID) VALUES (104064);
INSERT INTO Activity(AID) VALUES (104065);
INSERT INTO Activity(AID) VALUES (104066);
INSERT INTO Activity(AID) VALUES (104067);
INSERT INTO Activity(AID) VALUES (104068);
INSERT INTO Activity(AID) VALUES (104069);
INSERT INTO Activity(AID) VALUES (104070);
INSERT INTO Activity(AID) VALUES (104071);
INSERT INTO Activity(AID) VALUES (104072);
INSERT INTO Activity(AID) VALUES (104073);
INSERT INTO Activity(AID) VALUES (104074);
INSERT INTO Activity(AID) VALUES (104075);
INSERT INTO Activity(AID) VALUES (104076);
INSERT INTO Activity(AID) VALUES (104077);
INSERT INTO Activity(AID) VALUES (104078);
INSERT INTO Activity(AID) VALUES (104079);
INSERT INTO Activity(AID) VALUES (104080);
INSERT INTO Activity(AID) VALUES (104081);
INSERT INTO Activity(AID) VALUES (104082);
INSERT INTO Activity(AID) VALUES (104083);
INSERT INTO Activity(AID) VALUES (104084);
INSERT INTO Activity(AID) VALUES (104085);
INSERT INTO Activity(AID) VALUES (104086);
INSERT INTO Activity(AID) VALUES (104087);
INSERT INTO Activity(AID) VALUES (104088);
INSERT INTO Activity(AID) VALUES (104089);
INSERT INTO Activity(AID) VALUES (104090);
INSERT INTO Activity(AID) VALUES (104091);
INSERT INTO Activity(AID) VALUES (104092);
INSERT INTO Activity(AID) VALUES (104093);
INSERT INTO Activity(AID) VALUES (104094);
INSERT INTO Activity(AID) VALUES (104095);
INSERT INTO Activity(AID) VALUES (104096);
INSERT INTO Activity(AID) VALUES (104097);
INSERT INTO Activity(AID) VALUES (104098);
INSERT INTO Activity(AID) VALUES (104099);
INSERT INTO Activity(AID) VALUES (104100);
INSERT INTO Activity(AID) VALUES (104101);
INSERT INTO Activity(AID) VALUES (104102);
INSERT INTO Activity(AID) VALUES (104103);
INSERT INTO Activity(AID) VALUES (104104);
INSERT INTO Activity(AID) VALUES (104105);
INSERT INTO Activity(AID) VALUES (104106);
INSERT INTO Activity(AID) VALUES (104107);
INSERT INTO Activity(AID) VALUES (104108);
INSERT INTO Activity(AID) VALUES (104109);
INSERT INTO Activity(AID) VALUES (104110);
INSERT INTO Activity(AID) VALUES (104111);
INSERT INTO Activity(AID) VALUES (104112);
INSERT INTO Activity(AID) VALUES (104113);
INSERT INTO Activity(AID) VALUES (104114);
INSERT INTO Activity(AID) VALUES (104115);
INSERT INTO Activity(AID) VALUES (104116);
INSERT INTO Activity(AID) VALUES (104117);
INSERT INTO Activity(AID) VALUES (104118);
INSERT INTO Activity(AID) VALUES (104119);
INSERT INTO Activity(AID) VALUES (104120);
INSERT INTO Activity(AID) VALUES (104121);
INSERT INTO Activity(AID) VALUES (104122);
INSERT INTO Activity(AID) VALUES (104123);
INSERT INTO Activity(AID) VALUES (104124);
INSERT INTO Activity(AID) VALUES (104125);
INSERT INTO Activity(AID) VALUES (104126);
INSERT INTO Activity(AID) VALUES (104127);
INSERT INTO Activity(AID) VALUES (104128);
INSERT INTO Activity(AID) VALUES (104129);
INSERT INTO Activity(AID) VALUES (104130);
INSERT INTO Activity(AID) VALUES (104131);
INSERT INTO Activity(AID) VALUES (104132);
INSERT INTO Activity(AID) VALUES (104133);
INSERT INTO Activity(AID) VALUES (104134);
INSERT INTO Activity(AID) VALUES (104135);
INSERT INTO Activity(AID) VALUES (104136);
INSERT INTO Activity(AID) VALUES (104137);
INSERT INTO Activity(AID) VALUES (104138);
INSERT INTO Activity(AID) VALUES (104139);
INSERT INTO Activity(AID) VALUES (104140);
INSERT INTO Activity(AID) VALUES (104141);
INSERT INTO Activity(AID) VALUES (104142);
INSERT INTO Activity(AID) VALUES (104143);
INSERT INTO Activity(AID) VALUES (104144);
INSERT INTO Activity(AID) VALUES (104145);
INSERT INTO Activity(AID) VALUES (104146);
INSERT INTO Activity(AID) VALUES (104147);
INSERT INTO Activity(AID) VALUES (104148);
INSERT INTO Activity(AID) VALUES (104149);
INSERT INTO Activity(AID) VALUES (104150);
INSERT INTO Activity(AID) VALUES (104151);
INSERT INTO Activity(AID) VALUES (104152);
INSERT INTO Activity(AID) VALUES (104153);
INSERT INTO Activity(AID) VALUES (104154);
INSERT INTO Activity(AID) VALUES (104155);
INSERT INTO Activity(AID) VALUES (104156);
INSERT INTO Activity(AID) VALUES (104157);
INSERT INTO Activity(AID) VALUES (104158);
INSERT INTO Activity(AID) VALUES (104159);
INSERT INTO Activity(AID) VALUES (104160);
INSERT INTO Activity(AID) VALUES (104161);
INSERT INTO Activity(AID) VALUES (104162);
INSERT INTO Activity(AID) VALUES (104163);
INSERT INTO Activity(AID) VALUES (104164);
INSERT INTO Activity(AID) VALUES (104165);
INSERT INTO Activity(AID) VALUES (104166);
INSERT INTO Activity(AID) VALUES (104167);
INSERT INTO Activity(AID) VALUES (104168);
INSERT INTO Activity(AID) VALUES (104169);
INSERT INTO Activity(AID) VALUES (104170);
INSERT INTO Activity(AID) VALUES (104171);
INSERT INTO Activity(AID) VALUES (104172);
INSERT INTO Activity(AID) VALUES (104173);
INSERT INTO Activity(AID) VALUES (104174);
INSERT INTO Activity(AID) VALUES (104175);
INSERT INTO Activity(AID) VALUES (104176);
INSERT INTO Activity(AID) VALUES (104177);
INSERT INTO Activity(AID) VALUES (104178);
INSERT INTO Activity(AID) VALUES (104179);
INSERT INTO Activity(AID) VALUES (104180);
INSERT INTO Activity(AID) VALUES (104181);
INSERT INTO Activity(AID) VALUES (104182);
INSERT INTO Activity(AID) VALUES (104183);
INSERT INTO Activity(AID) VALUES (104184);
INSERT INTO Activity(AID) VALUES (104185);
INSERT INTO Activity(AID) VALUES (104186);
INSERT INTO Activity(AID) VALUES (104187);
INSERT INTO Activity(AID) VALUES (104188);
INSERT INTO Activity(AID) VALUES (104189);
INSERT INTO Activity(AID) VALUES (104190);
INSERT INTO Activity(AID) VALUES (104191);
INSERT INTO Activity(AID) VALUES (104192);
INSERT INTO Activity(AID) VALUES (104193);
INSERT INTO Activity(AID) VALUES (104194);
INSERT INTO Activity(AID) VALUES (104195);
INSERT INTO Activity(AID) VALUES (104196);
INSERT INTO Activity(AID) VALUES (104197);
INSERT INTO Activity(AID) VALUES (104198);
INSERT INTO Activity(AID) VALUES (104199);
INSERT INTO Activity(AID) VALUES (104200);
INSERT INTO Activity(AID) VALUES (104201);
INSERT INTO Activity(AID) VALUES (104202);
INSERT INTO Activity(AID) VALUES (104203);
INSERT INTO Activity(AID) VALUES (104204);
INSERT INTO Activity(AID) VALUES (104205);
INSERT INTO Activity(AID) VALUES (104206);
INSERT INTO Activity(AID) VALUES (104207);
INSERT INTO Activity(AID) VALUES (104208);
INSERT INTO Activity(AID) VALUES (104209);
INSERT INTO Activity(AID) VALUES (104210);
INSERT INTO Activity(AID) VALUES (104211);
INSERT INTO Activity(AID) VALUES (104212);
INSERT INTO Activity(AID) VALUES (104213);
INSERT INTO Activity(AID) VALUES (104214);
INSERT INTO Activity(AID) VALUES (104215);
INSERT INTO Activity(AID) VALUES (104216);
INSERT INTO Activity(AID) VALUES (104217);
INSERT INTO Activity(AID) VALUES (104218);
INSERT INTO Activity(AID) VALUES (104219);
INSERT INTO Activity(AID) VALUES (104220);
INSERT INTO Activity(AID) VALUES (104221);
INSERT INTO Activity(AID) VALUES (104222);
INSERT INTO Activity(AID) VALUES (104223);
INSERT INTO Activity(AID) VALUES (104224);
INSERT INTO Activity(AID) VALUES (104225);
INSERT INTO Activity(AID) VALUES (104226);
INSERT INTO Activity(AID) VALUES (104227);
INSERT INTO Activity(AID) VALUES (104228);
INSERT INTO Activity(AID) VALUES (104229);
INSERT INTO Activity(AID) VALUES (104230);
INSERT INTO Activity(AID) VALUES (104231);
INSERT INTO Activity(AID) VALUES (104232);
INSERT INTO Activity(AID) VALUES (104233);
INSERT INTO Activity(AID) VALUES (104234);
INSERT INTO Activity(AID) VALUES (104235);
INSERT INTO Activity(AID) VALUES (104236);
INSERT INTO Activity(AID) VALUES (104237);
INSERT INTO Activity(AID) VALUES (104238);
INSERT INTO Activity(AID) VALUES (104239);
INSERT INTO Activity(AID) VALUES (104240);
INSERT INTO Activity(AID) VALUES (104241);
INSERT INTO Activity(AID) VALUES (104242);
INSERT INTO Activity(AID) VALUES (104243);
INSERT INTO Activity(AID) VALUES (104244);
INSERT INTO Activity(AID) VALUES (104245);
INSERT INTO Activity(AID) VALUES (104246);
INSERT INTO Activity(AID) VALUES (104247);
INSERT INTO Activity(AID) VALUES (104248);
INSERT INTO Activity(AID) VALUES (104249);
INSERT INTO Activity(AID) VALUES (104250);
INSERT INTO Activity(AID) VALUES (104251);
INSERT INTO Activity(AID) VALUES (104252);
INSERT INTO Activity(AID) VALUES (104253);
INSERT INTO Activity(AID) VALUES (104254);
INSERT INTO Activity(AID) VALUES (104255);
INSERT INTO Activity(AID) VALUES (104256);
INSERT INTO Activity(AID) VALUES (104257);
INSERT INTO Activity(AID) VALUES (104258);
INSERT INTO Activity(AID) VALUES (104259);
INSERT INTO Activity(AID) VALUES (104260);
INSERT INTO Activity(AID) VALUES (104261);
INSERT INTO Activity(AID) VALUES (104262);
INSERT INTO Activity(AID) VALUES (104263);
INSERT INTO Activity(AID) VALUES (104264);
INSERT INTO Activity(AID) VALUES (104265);
INSERT INTO Activity(AID) VALUES (104266);
INSERT INTO Activity(AID) VALUES (104267);
INSERT INTO Activity(AID) VALUES (104268);
INSERT INTO Activity(AID) VALUES (104269);
INSERT INTO Activity(AID) VALUES (104270);
INSERT INTO Activity(AID) VALUES (104271);
INSERT INTO Activity(AID) VALUES (104272);
INSERT INTO Activity(AID) VALUES (104273);
INSERT INTO Activity(AID) VALUES (104274);
INSERT INTO Activity(AID) VALUES (104275);
INSERT INTO Activity(AID) VALUES (104276);
INSERT INTO Activity(AID) VALUES (104277);
INSERT INTO Activity(AID) VALUES (104278);
INSERT INTO Activity(AID) VALUES (104279);
INSERT INTO Activity(AID) VALUES (104280);
INSERT INTO Activity(AID) VALUES (104281);
INSERT INTO Activity(AID) VALUES (104282);
INSERT INTO Activity(AID) VALUES (104283);
INSERT INTO Activity(AID) VALUES (104284);
INSERT INTO Activity(AID) VALUES (104285);
INSERT INTO Activity(AID) VALUES (104286);
INSERT INTO Activity(AID) VALUES (104287);
INSERT INTO Activity(AID) VALUES (104288);
INSERT INTO Activity(AID) VALUES (104289);
INSERT INTO Activity(AID) VALUES (104290);
INSERT INTO Activity(AID) VALUES (104291);
INSERT INTO Activity(AID) VALUES (104292);
INSERT INTO Activity(AID) VALUES (104293);
INSERT INTO Activity(AID) VALUES (104294);
INSERT INTO Activity(AID) VALUES (104295);
INSERT INTO Activity(AID) VALUES (104296);
INSERT INTO Activity(AID) VALUES (104297);
INSERT INTO Activity(AID) VALUES (104298);
INSERT INTO Activity(AID) VALUES (104299);
INSERT INTO Activity(AID) VALUES (104300);
INSERT INTO Activity(AID) VALUES (104301);
INSERT INTO Activity(AID) VALUES (104302);
INSERT INTO Activity(AID) VALUES (104303);
INSERT INTO Activity(AID) VALUES (104304);
INSERT INTO Activity(AID) VALUES (104305);
INSERT INTO Activity(AID) VALUES (104306);
INSERT INTO Activity(AID) VALUES (104307);
INSERT INTO Activity(AID) VALUES (104308);
INSERT INTO Activity(AID) VALUES (104309);
INSERT INTO Activity(AID) VALUES (104310);
INSERT INTO Activity(AID) VALUES (104311);
INSERT INTO Activity(AID) VALUES (104312);
INSERT INTO Activity(AID) VALUES (104313);
INSERT INTO Activity(AID) VALUES (104314);
INSERT INTO Activity(AID) VALUES (104315);
INSERT INTO Activity(AID) VALUES (104316);
INSERT INTO Activity(AID) VALUES (104317);
INSERT INTO Activity(AID) VALUES (104318);
INSERT INTO Activity(AID) VALUES (104319);
INSERT INTO Activity(AID) VALUES (104320);
INSERT INTO Activity(AID) VALUES (104321);
INSERT INTO Activity(AID) VALUES (104322);
INSERT INTO Activity(AID) VALUES (104323);
INSERT INTO Activity(AID) VALUES (104324);
INSERT INTO Activity(AID) VALUES (104325);
INSERT INTO Activity(AID) VALUES (104326);
INSERT INTO Activity(AID) VALUES (104327);
INSERT INTO Activity(AID) VALUES (104328);
INSERT INTO Activity(AID) VALUES (104329);
INSERT INTO Activity(AID) VALUES (104330);
INSERT INTO Activity(AID) VALUES (104331);
INSERT INTO Activity(AID) VALUES (104332);
INSERT INTO Activity(AID) VALUES (104333);
INSERT INTO Activity(AID) VALUES (104334);
INSERT INTO Activity(AID) VALUES (104335);
INSERT INTO Activity(AID) VALUES (104336);
INSERT INTO Activity(AID) VALUES (104337);
INSERT INTO Activity(AID) VALUES (104338);
INSERT INTO Activity(AID) VALUES (104339);
INSERT INTO Activity(AID) VALUES (104340);
INSERT INTO Activity(AID) VALUES (104341);
INSERT INTO Activity(AID) VALUES (104342);
INSERT INTO Activity(AID) VALUES (104343);
INSERT INTO Activity(AID) VALUES (104344);
INSERT INTO Activity(AID) VALUES (104345);
INSERT INTO Activity(AID) VALUES (104346);
INSERT INTO Activity(AID) VALUES (104347);
INSERT INTO Activity(AID) VALUES (104348);
INSERT INTO Activity(AID) VALUES (104349);
INSERT INTO Activity(AID) VALUES (104350);
INSERT INTO Activity(AID) VALUES (104351);
INSERT INTO Activity(AID) VALUES (104352);
INSERT INTO Activity(AID) VALUES (104353);
INSERT INTO Activity(AID) VALUES (104354);
INSERT INTO Activity(AID) VALUES (104355);
INSERT INTO Activity(AID) VALUES (104356);
INSERT INTO Activity(AID) VALUES (104357);
INSERT INTO Activity(AID) VALUES (104358);
INSERT INTO Activity(AID) VALUES (104359);
INSERT INTO Activity(AID) VALUES (104360);
INSERT INTO Activity(AID) VALUES (104361);
INSERT INTO Activity(AID) VALUES (104362);
INSERT INTO Activity(AID) VALUES (104363);
INSERT INTO Activity(AID) VALUES (104364);
INSERT INTO Activity(AID) VALUES (104365);
INSERT INTO Activity(AID) VALUES (104366);
INSERT INTO Activity(AID) VALUES (104367);
INSERT INTO Activity(AID) VALUES (104368);
INSERT INTO Activity(AID) VALUES (104369);
INSERT INTO Activity(AID) VALUES (104370);
INSERT INTO Activity(AID) VALUES (104371);
INSERT INTO Activity(AID) VALUES (104372);
INSERT INTO Activity(AID) VALUES (104373);
INSERT INTO Activity(AID) VALUES (104374);
INSERT INTO Activity(AID) VALUES (104375);
INSERT INTO Activity(AID) VALUES (104376);
INSERT INTO Activity(AID) VALUES (104377);
INSERT INTO Activity(AID) VALUES (104378);
INSERT INTO Activity(AID) VALUES (104379);
INSERT INTO Activity(AID) VALUES (104380);
INSERT INTO Activity(AID) VALUES (104381);
INSERT INTO Activity(AID) VALUES (104382);
INSERT INTO Activity(AID) VALUES (104383);
INSERT INTO Activity(AID) VALUES (104384);
INSERT INTO Activity(AID) VALUES (104385);
INSERT INTO Activity(AID) VALUES (104386);
INSERT INTO Activity(AID) VALUES (104387);
INSERT INTO Activity(AID) VALUES (104388);
INSERT INTO Activity(AID) VALUES (104389);
INSERT INTO Activity(AID) VALUES (104390);
INSERT INTO Activity(AID) VALUES (104391);
INSERT INTO Activity(AID) VALUES (104392);
INSERT INTO Activity(AID) VALUES (104393);
INSERT INTO Activity(AID) VALUES (104394);
INSERT INTO Activity(AID) VALUES (104395);
INSERT INTO Activity(AID) VALUES (104396);
INSERT INTO Activity(AID) VALUES (104397);
INSERT INTO Activity(AID) VALUES (104398);
INSERT INTO Activity(AID) VALUES (104399);
INSERT INTO Activity(AID) VALUES (104400);
INSERT INTO Activity(AID) VALUES (104401);
INSERT INTO Activity(AID) VALUES (104402);
INSERT INTO Activity(AID) VALUES (104403);
INSERT INTO Activity(AID) VALUES (104404);
INSERT INTO Activity(AID) VALUES (104405);
INSERT INTO Activity(AID) VALUES (104406);
INSERT INTO Activity(AID) VALUES (104407);
INSERT INTO Activity(AID) VALUES (104408);
INSERT INTO Activity(AID) VALUES (104409);
INSERT INTO Activity(AID) VALUES (104410);
INSERT INTO Activity(AID) VALUES (104411);
INSERT INTO Activity(AID) VALUES (104412);
INSERT INTO Activity(AID) VALUES (104413);
INSERT INTO Activity(AID) VALUES (104414);
INSERT INTO Activity(AID) VALUES (104415);
INSERT INTO Activity(AID) VALUES (104416);
INSERT INTO Activity(AID) VALUES (104417);
INSERT INTO Activity(AID) VALUES (104418);
INSERT INTO Activity(AID) VALUES (104419);
INSERT INTO Activity(AID) VALUES (104420);
INSERT INTO Activity(AID) VALUES (104421);
INSERT INTO Activity(AID) VALUES (104422);
INSERT INTO Activity(AID) VALUES (104423);
INSERT INTO Activity(AID) VALUES (104424);
INSERT INTO Activity(AID) VALUES (104425);
INSERT INTO Activity(AID) VALUES (104426);
INSERT INTO Activity(AID) VALUES (104427);
INSERT INTO Activity(AID) VALUES (104428);
INSERT INTO Activity(AID) VALUES (104429);
INSERT INTO Activity(AID) VALUES (104430);
INSERT INTO Activity(AID) VALUES (104431);
INSERT INTO Activity(AID) VALUES (104432);
INSERT INTO Activity(AID) VALUES (104433);
INSERT INTO Activity(AID) VALUES (104434);
INSERT INTO Activity(AID) VALUES (104435);
INSERT INTO Activity(AID) VALUES (104436);
INSERT INTO Activity(AID) VALUES (104437);
INSERT INTO Activity(AID) VALUES (104438);
INSERT INTO Activity(AID) VALUES (104439);
INSERT INTO Activity(AID) VALUES (104440);
INSERT INTO Activity(AID) VALUES (104441);
INSERT INTO Activity(AID) VALUES (104442);
INSERT INTO Activity(AID) VALUES (104443);
INSERT INTO Activity(AID) VALUES (104444);
INSERT INTO Activity(AID) VALUES (104445);
INSERT INTO Activity(AID) VALUES (104446);
INSERT INTO Activity(AID) VALUES (104447);
INSERT INTO Activity(AID) VALUES (104448);
INSERT INTO Activity(AID) VALUES (104449);
INSERT INTO Activity(AID) VALUES (104450);
INSERT INTO Activity(AID) VALUES (104451);
INSERT INTO Activity(AID) VALUES (104452);
INSERT INTO Activity(AID) VALUES (104453);
INSERT INTO Activity(AID) VALUES (104454);
INSERT INTO Activity(AID) VALUES (104455);
INSERT INTO Activity(AID) VALUES (104456);
INSERT INTO Activity(AID) VALUES (104457);
INSERT INTO Activity(AID) VALUES (104458);
INSERT INTO Activity(AID) VALUES (104459);
INSERT INTO Activity(AID) VALUES (104460);
INSERT INTO Activity(AID) VALUES (104461);
INSERT INTO Activity(AID) VALUES (104462);
INSERT INTO Activity(AID) VALUES (104463);
INSERT INTO Activity(AID) VALUES (104464);
INSERT INTO Activity(AID) VALUES (104465);
INSERT INTO Activity(AID) VALUES (104466);
INSERT INTO Activity(AID) VALUES (104467);
INSERT INTO Activity(AID) VALUES (104468);
INSERT INTO Activity(AID) VALUES (104469);
INSERT INTO Activity(AID) VALUES (104470);
INSERT INTO Activity(AID) VALUES (104471);
INSERT INTO Activity(AID) VALUES (104472);
INSERT INTO Activity(AID) VALUES (104473);
INSERT INTO Activity(AID) VALUES (104474);
INSERT INTO Activity(AID) VALUES (104475);
INSERT INTO Activity(AID) VALUES (104476);
INSERT INTO Activity(AID) VALUES (104477);
INSERT INTO Activity(AID) VALUES (104478);
INSERT INTO Activity(AID) VALUES (104479);
INSERT INTO Activity(AID) VALUES (104480);
INSERT INTO Activity(AID) VALUES (104481);
INSERT INTO Activity(AID) VALUES (104482);
INSERT INTO Activity(AID) VALUES (104483);
INSERT INTO Activity(AID) VALUES (104484);
INSERT INTO Activity(AID) VALUES (104485);
INSERT INTO Activity(AID) VALUES (104486);
INSERT INTO Activity(AID) VALUES (104487);
INSERT INTO Activity(AID) VALUES (104488);
INSERT INTO Activity(AID) VALUES (104489);
INSERT INTO Activity(AID) VALUES (104490);
INSERT INTO Activity(AID) VALUES (104491);
INSERT INTO Activity(AID) VALUES (104492);
INSERT INTO Activity(AID) VALUES (104493);
INSERT INTO Activity(AID) VALUES (104494);
INSERT INTO Activity(AID) VALUES (104495);
INSERT INTO Activity(AID) VALUES (104496);
INSERT INTO Activity(AID) VALUES (104497);
INSERT INTO Activity(AID) VALUES (104498);
INSERT INTO Activity(AID) VALUES (104499);
INSERT INTO Activity(AID) VALUES (104500);

INSERT INTO Equipment(PID) VALUES (107001);
INSERT INTO Equipment(PID) VALUES (107002);
INSERT INTO Equipment(PID) VALUES (107003);
INSERT INTO Equipment(PID) VALUES (107004);
INSERT INTO Equipment(PID) VALUES (107005);
INSERT INTO Equipment(PID) VALUES (107006);
INSERT INTO Equipment(PID) VALUES (107007);
INSERT INTO Equipment(PID) VALUES (107008);
INSERT INTO Equipment(PID) VALUES (107009);
INSERT INTO Equipment(PID) VALUES (107010);
INSERT INTO Equipment(PID) VALUES (107011);
INSERT INTO Equipment(PID) VALUES (107012);
INSERT INTO Equipment(PID) VALUES (107013);
INSERT INTO Equipment(PID) VALUES (107014);
INSERT INTO Equipment(PID) VALUES (107015);
INSERT INTO Equipment(PID) VALUES (107016);
INSERT INTO Equipment(PID) VALUES (107017);
INSERT INTO Equipment(PID) VALUES (107018);
INSERT INTO Equipment(PID) VALUES (107019);
INSERT INTO Equipment(PID) VALUES (107020);
INSERT INTO Equipment(PID) VALUES (107021);
INSERT INTO Equipment(PID) VALUES (107022);
INSERT INTO Equipment(PID) VALUES (107023);
INSERT INTO Equipment(PID) VALUES (107024);
INSERT INTO Equipment(PID) VALUES (107025);
INSERT INTO Equipment(PID) VALUES (107026);
INSERT INTO Equipment(PID) VALUES (107027);
INSERT INTO Equipment(PID) VALUES (107028);
INSERT INTO Equipment(PID) VALUES (107029);
INSERT INTO Equipment(PID) VALUES (107030);
INSERT INTO Equipment(PID) VALUES (107031);
INSERT INTO Equipment(PID) VALUES (107032);
INSERT INTO Equipment(PID) VALUES (107033);
INSERT INTO Equipment(PID) VALUES (107034);
INSERT INTO Equipment(PID) VALUES (107035);
INSERT INTO Equipment(PID) VALUES (107036);
INSERT INTO Equipment(PID) VALUES (107037);
INSERT INTO Equipment(PID) VALUES (107038);
INSERT INTO Equipment(PID) VALUES (107039);
INSERT INTO Equipment(PID) VALUES (107040);
INSERT INTO Equipment(PID) VALUES (107041);
INSERT INTO Equipment(PID) VALUES (107042);
INSERT INTO Equipment(PID) VALUES (107043);
INSERT INTO Equipment(PID) VALUES (107044);
INSERT INTO Equipment(PID) VALUES (107045);
INSERT INTO Equipment(PID) VALUES (107046);
INSERT INTO Equipment(PID) VALUES (107047);
INSERT INTO Equipment(PID) VALUES (107048);
INSERT INTO Equipment(PID) VALUES (107049);
INSERT INTO Equipment(PID) VALUES (107050);
INSERT INTO Equipment(PID) VALUES (107051);
INSERT INTO Equipment(PID) VALUES (107052);
INSERT INTO Equipment(PID) VALUES (107053);
INSERT INTO Equipment(PID) VALUES (107054);
INSERT INTO Equipment(PID) VALUES (107055);
INSERT INTO Equipment(PID) VALUES (107056);
INSERT INTO Equipment(PID) VALUES (107057);
INSERT INTO Equipment(PID) VALUES (107058);
INSERT INTO Equipment(PID) VALUES (107059);
INSERT INTO Equipment(PID) VALUES (107060);
INSERT INTO Equipment(PID) VALUES (107061);
INSERT INTO Equipment(PID) VALUES (107062);
INSERT INTO Equipment(PID) VALUES (107063);
INSERT INTO Equipment(PID) VALUES (107064);
INSERT INTO Equipment(PID) VALUES (107065);
INSERT INTO Equipment(PID) VALUES (107066);
INSERT INTO Equipment(PID) VALUES (107067);
INSERT INTO Equipment(PID) VALUES (107068);
INSERT INTO Equipment(PID) VALUES (107069);
INSERT INTO Equipment(PID) VALUES (107070);
INSERT INTO Equipment(PID) VALUES (107071);
INSERT INTO Equipment(PID) VALUES (107072);
INSERT INTO Equipment(PID) VALUES (107073);
INSERT INTO Equipment(PID) VALUES (107074);
INSERT INTO Equipment(PID) VALUES (107075);
INSERT INTO Equipment(PID) VALUES (107076);
INSERT INTO Equipment(PID) VALUES (107077);
INSERT INTO Equipment(PID) VALUES (107078);
INSERT INTO Equipment(PID) VALUES (107079);
INSERT INTO Equipment(PID) VALUES (107080);
INSERT INTO Equipment(PID) VALUES (107081);
INSERT INTO Equipment(PID) VALUES (107082);
INSERT INTO Equipment(PID) VALUES (107083);
INSERT INTO Equipment(PID) VALUES (107084);
INSERT INTO Equipment(PID) VALUES (107085);
INSERT INTO Equipment(PID) VALUES (107086);
INSERT INTO Equipment(PID) VALUES (107087);
INSERT INTO Equipment(PID) VALUES (107088);
INSERT INTO Equipment(PID) VALUES (107089);
INSERT INTO Equipment(PID) VALUES (107090);
INSERT INTO Equipment(PID) VALUES (107091);
INSERT INTO Equipment(PID) VALUES (107092);
INSERT INTO Equipment(PID) VALUES (107093);
INSERT INTO Equipment(PID) VALUES (107094);
INSERT INTO Equipment(PID) VALUES (107095);
INSERT INTO Equipment(PID) VALUES (107096);
INSERT INTO Equipment(PID) VALUES (107097);
INSERT INTO Equipment(PID) VALUES (107098);
INSERT INTO Equipment(PID) VALUES (107099);
INSERT INTO Equipment(PID) VALUES (107100);
INSERT INTO Equipment(PID) VALUES (107101);
INSERT INTO Equipment(PID) VALUES (107102);
INSERT INTO Equipment(PID) VALUES (107103);
INSERT INTO Equipment(PID) VALUES (107104);
INSERT INTO Equipment(PID) VALUES (107105);
INSERT INTO Equipment(PID) VALUES (107106);
INSERT INTO Equipment(PID) VALUES (107107);
INSERT INTO Equipment(PID) VALUES (107108);
INSERT INTO Equipment(PID) VALUES (107109);
INSERT INTO Equipment(PID) VALUES (107110);
INSERT INTO Equipment(PID) VALUES (107111);
INSERT INTO Equipment(PID) VALUES (107112);
INSERT INTO Equipment(PID) VALUES (107113);
INSERT INTO Equipment(PID) VALUES (107114);
INSERT INTO Equipment(PID) VALUES (107115);
INSERT INTO Equipment(PID) VALUES (107116);
INSERT INTO Equipment(PID) VALUES (107117);
INSERT INTO Equipment(PID) VALUES (107118);
INSERT INTO Equipment(PID) VALUES (107119);
INSERT INTO Equipment(PID) VALUES (107120);
INSERT INTO Equipment(PID) VALUES (107121);
INSERT INTO Equipment(PID) VALUES (107122);
INSERT INTO Equipment(PID) VALUES (107123);
INSERT INTO Equipment(PID) VALUES (107124);
INSERT INTO Equipment(PID) VALUES (107125);
INSERT INTO Equipment(PID) VALUES (107126);
INSERT INTO Equipment(PID) VALUES (107127);
INSERT INTO Equipment(PID) VALUES (107128);
INSERT INTO Equipment(PID) VALUES (107129);
INSERT INTO Equipment(PID) VALUES (107130);
INSERT INTO Equipment(PID) VALUES (107131);
INSERT INTO Equipment(PID) VALUES (107132);
INSERT INTO Equipment(PID) VALUES (107133);
INSERT INTO Equipment(PID) VALUES (107134);
INSERT INTO Equipment(PID) VALUES (107135);
INSERT INTO Equipment(PID) VALUES (107136);
INSERT INTO Equipment(PID) VALUES (107137);
INSERT INTO Equipment(PID) VALUES (107138);
INSERT INTO Equipment(PID) VALUES (107139);
INSERT INTO Equipment(PID) VALUES (107140);
INSERT INTO Equipment(PID) VALUES (107141);
INSERT INTO Equipment(PID) VALUES (107142);
INSERT INTO Equipment(PID) VALUES (107143);
INSERT INTO Equipment(PID) VALUES (107144);
INSERT INTO Equipment(PID) VALUES (107145);
INSERT INTO Equipment(PID) VALUES (107146);
INSERT INTO Equipment(PID) VALUES (107147);
INSERT INTO Equipment(PID) VALUES (107148);
INSERT INTO Equipment(PID) VALUES (107149);
INSERT INTO Equipment(PID) VALUES (107150);
INSERT INTO Equipment(PID) VALUES (107151);
INSERT INTO Equipment(PID) VALUES (107152);
INSERT INTO Equipment(PID) VALUES (107153);
INSERT INTO Equipment(PID) VALUES (107154);
INSERT INTO Equipment(PID) VALUES (107155);
INSERT INTO Equipment(PID) VALUES (107156);
INSERT INTO Equipment(PID) VALUES (107157);
INSERT INTO Equipment(PID) VALUES (107158);
INSERT INTO Equipment(PID) VALUES (107159);
INSERT INTO Equipment(PID) VALUES (107160);
INSERT INTO Equipment(PID) VALUES (107161);
INSERT INTO Equipment(PID) VALUES (107162);
INSERT INTO Equipment(PID) VALUES (107163);
INSERT INTO Equipment(PID) VALUES (107164);
INSERT INTO Equipment(PID) VALUES (107165);
INSERT INTO Equipment(PID) VALUES (107166);
INSERT INTO Equipment(PID) VALUES (107167);
INSERT INTO Equipment(PID) VALUES (107168);
INSERT INTO Equipment(PID) VALUES (107169);
INSERT INTO Equipment(PID) VALUES (107170);
INSERT INTO Equipment(PID) VALUES (107171);
INSERT INTO Equipment(PID) VALUES (107172);
INSERT INTO Equipment(PID) VALUES (107173);
INSERT INTO Equipment(PID) VALUES (107174);
INSERT INTO Equipment(PID) VALUES (107175);
INSERT INTO Equipment(PID) VALUES (107176);
INSERT INTO Equipment(PID) VALUES (107177);
INSERT INTO Equipment(PID) VALUES (107178);
INSERT INTO Equipment(PID) VALUES (107179);
INSERT INTO Equipment(PID) VALUES (107180);
INSERT INTO Equipment(PID) VALUES (107181);
INSERT INTO Equipment(PID) VALUES (107182);
INSERT INTO Equipment(PID) VALUES (107183);
INSERT INTO Equipment(PID) VALUES (107184);
INSERT INTO Equipment(PID) VALUES (107185);
INSERT INTO Equipment(PID) VALUES (107186);
INSERT INTO Equipment(PID) VALUES (107187);
INSERT INTO Equipment(PID) VALUES (107188);
INSERT INTO Equipment(PID) VALUES (107189);
INSERT INTO Equipment(PID) VALUES (107190);
INSERT INTO Equipment(PID) VALUES (107191);
INSERT INTO Equipment(PID) VALUES (107192);
INSERT INTO Equipment(PID) VALUES (107193);
INSERT INTO Equipment(PID) VALUES (107194);
INSERT INTO Equipment(PID) VALUES (107195);
INSERT INTO Equipment(PID) VALUES (107196);
INSERT INTO Equipment(PID) VALUES (107197);
INSERT INTO Equipment(PID) VALUES (107198);
INSERT INTO Equipment(PID) VALUES (107199);
INSERT INTO Equipment(PID) VALUES (107200);

INSERT INTO Part(PID) VALUES (110001);
INSERT INTO Part(PID) VALUES (110002);
INSERT INTO Part(PID) VALUES (110003);
INSERT INTO Part(PID) VALUES (110004);
INSERT INTO Part(PID) VALUES (110005);
INSERT INTO Part(PID) VALUES (110006);
INSERT INTO Part(PID) VALUES (110007);
INSERT INTO Part(PID) VALUES (110008);
INSERT INTO Part(PID) VALUES (110009);
INSERT INTO Part(PID) VALUES (110010);
INSERT INTO Part(PID) VALUES (110011);
INSERT INTO Part(PID) VALUES (110012);
INSERT INTO Part(PID) VALUES (110013);
INSERT INTO Part(PID) VALUES (110014);
INSERT INTO Part(PID) VALUES (110015);
INSERT INTO Part(PID) VALUES (110016);
INSERT INTO Part(PID) VALUES (110017);
INSERT INTO Part(PID) VALUES (110018);
INSERT INTO Part(PID) VALUES (110019);
INSERT INTO Part(PID) VALUES (110020);
INSERT INTO Part(PID) VALUES (110021);
INSERT INTO Part(PID) VALUES (110022);
INSERT INTO Part(PID) VALUES (110023);
INSERT INTO Part(PID) VALUES (110024);
INSERT INTO Part(PID) VALUES (110025);
INSERT INTO Part(PID) VALUES (110026);
INSERT INTO Part(PID) VALUES (110027);
INSERT INTO Part(PID) VALUES (110028);
INSERT INTO Part(PID) VALUES (110029);
INSERT INTO Part(PID) VALUES (110030);
INSERT INTO Part(PID) VALUES (110031);
INSERT INTO Part(PID) VALUES (110032);
INSERT INTO Part(PID) VALUES (110033);
INSERT INTO Part(PID) VALUES (110034);
INSERT INTO Part(PID) VALUES (110035);
INSERT INTO Part(PID) VALUES (110036);
INSERT INTO Part(PID) VALUES (110037);
INSERT INTO Part(PID) VALUES (110038);
INSERT INTO Part(PID) VALUES (110039);
INSERT INTO Part(PID) VALUES (110040);
INSERT INTO Part(PID) VALUES (110041);
INSERT INTO Part(PID) VALUES (110042);
INSERT INTO Part(PID) VALUES (110043);
INSERT INTO Part(PID) VALUES (110044);
INSERT INTO Part(PID) VALUES (110045);
INSERT INTO Part(PID) VALUES (110046);
INSERT INTO Part(PID) VALUES (110047);
INSERT INTO Part(PID) VALUES (110048);
INSERT INTO Part(PID) VALUES (110049);
INSERT INTO Part(PID) VALUES (110050);
INSERT INTO Part(PID) VALUES (110051);
INSERT INTO Part(PID) VALUES (110052);
INSERT INTO Part(PID) VALUES (110053);
INSERT INTO Part(PID) VALUES (110054);
INSERT INTO Part(PID) VALUES (110055);
INSERT INTO Part(PID) VALUES (110056);
INSERT INTO Part(PID) VALUES (110057);
INSERT INTO Part(PID) VALUES (110058);
INSERT INTO Part(PID) VALUES (110059);
INSERT INTO Part(PID) VALUES (110060);
INSERT INTO Part(PID) VALUES (110061);
INSERT INTO Part(PID) VALUES (110062);
INSERT INTO Part(PID) VALUES (110063);
INSERT INTO Part(PID) VALUES (110064);
INSERT INTO Part(PID) VALUES (110065);
INSERT INTO Part(PID) VALUES (110066);
INSERT INTO Part(PID) VALUES (110067);
INSERT INTO Part(PID) VALUES (110068);
INSERT INTO Part(PID) VALUES (110069);
INSERT INTO Part(PID) VALUES (110070);
INSERT INTO Part(PID) VALUES (110071);
INSERT INTO Part(PID) VALUES (110072);
INSERT INTO Part(PID) VALUES (110073);
INSERT INTO Part(PID) VALUES (110074);
INSERT INTO Part(PID) VALUES (110075);
INSERT INTO Part(PID) VALUES (110076);
INSERT INTO Part(PID) VALUES (110077);
INSERT INTO Part(PID) VALUES (110078);
INSERT INTO Part(PID) VALUES (110079);
INSERT INTO Part(PID) VALUES (110080);
INSERT INTO Part(PID) VALUES (110081);
INSERT INTO Part(PID) VALUES (110082);
INSERT INTO Part(PID) VALUES (110083);
INSERT INTO Part(PID) VALUES (110084);
INSERT INTO Part(PID) VALUES (110085);
INSERT INTO Part(PID) VALUES (110086);
INSERT INTO Part(PID) VALUES (110087);
INSERT INTO Part(PID) VALUES (110088);
INSERT INTO Part(PID) VALUES (110089);
INSERT INTO Part(PID) VALUES (110090);
INSERT INTO Part(PID) VALUES (110091);
INSERT INTO Part(PID) VALUES (110092);
INSERT INTO Part(PID) VALUES (110093);
INSERT INTO Part(PID) VALUES (110094);
INSERT INTO Part(PID) VALUES (110095);
INSERT INTO Part(PID) VALUES (110096);
INSERT INTO Part(PID) VALUES (110097);
INSERT INTO Part(PID) VALUES (110098);
INSERT INTO Part(PID) VALUES (110099);
INSERT INTO Part(PID) VALUES (110100);
INSERT INTO Part(PID) VALUES (110101);
INSERT INTO Part(PID) VALUES (110102);
INSERT INTO Part(PID) VALUES (110103);
INSERT INTO Part(PID) VALUES (110104);
INSERT INTO Part(PID) VALUES (110105);
INSERT INTO Part(PID) VALUES (110106);
INSERT INTO Part(PID) VALUES (110107);
INSERT INTO Part(PID) VALUES (110108);
INSERT INTO Part(PID) VALUES (110109);
INSERT INTO Part(PID) VALUES (110110);
INSERT INTO Part(PID) VALUES (110111);
INSERT INTO Part(PID) VALUES (110112);
INSERT INTO Part(PID) VALUES (110113);
INSERT INTO Part(PID) VALUES (110114);
INSERT INTO Part(PID) VALUES (110115);
INSERT INTO Part(PID) VALUES (110116);
INSERT INTO Part(PID) VALUES (110117);
INSERT INTO Part(PID) VALUES (110118);
INSERT INTO Part(PID) VALUES (110119);
INSERT INTO Part(PID) VALUES (110120);
INSERT INTO Part(PID) VALUES (110121);
INSERT INTO Part(PID) VALUES (110122);
INSERT INTO Part(PID) VALUES (110123);
INSERT INTO Part(PID) VALUES (110124);
INSERT INTO Part(PID) VALUES (110125);
INSERT INTO Part(PID) VALUES (110126);
INSERT INTO Part(PID) VALUES (110127);
INSERT INTO Part(PID) VALUES (110128);
INSERT INTO Part(PID) VALUES (110129);
INSERT INTO Part(PID) VALUES (110130);
INSERT INTO Part(PID) VALUES (110131);
INSERT INTO Part(PID) VALUES (110132);
INSERT INTO Part(PID) VALUES (110133);
INSERT INTO Part(PID) VALUES (110134);
INSERT INTO Part(PID) VALUES (110135);
INSERT INTO Part(PID) VALUES (110136);
INSERT INTO Part(PID) VALUES (110137);
INSERT INTO Part(PID) VALUES (110138);
INSERT INTO Part(PID) VALUES (110139);
INSERT INTO Part(PID) VALUES (110140);
INSERT INTO Part(PID) VALUES (110141);
INSERT INTO Part(PID) VALUES (110142);
INSERT INTO Part(PID) VALUES (110143);
INSERT INTO Part(PID) VALUES (110144);
INSERT INTO Part(PID) VALUES (110145);
INSERT INTO Part(PID) VALUES (110146);
INSERT INTO Part(PID) VALUES (110147);
INSERT INTO Part(PID) VALUES (110148);
INSERT INTO Part(PID) VALUES (110149);
INSERT INTO Part(PID) VALUES (110150);
INSERT INTO Part(PID) VALUES (110151);
INSERT INTO Part(PID) VALUES (110152);
INSERT INTO Part(PID) VALUES (110153);
INSERT INTO Part(PID) VALUES (110154);
INSERT INTO Part(PID) VALUES (110155);
INSERT INTO Part(PID) VALUES (110156);
INSERT INTO Part(PID) VALUES (110157);
INSERT INTO Part(PID) VALUES (110158);
INSERT INTO Part(PID) VALUES (110159);
INSERT INTO Part(PID) VALUES (110160);
INSERT INTO Part(PID) VALUES (110161);
INSERT INTO Part(PID) VALUES (110162);
INSERT INTO Part(PID) VALUES (110163);
INSERT INTO Part(PID) VALUES (110164);
INSERT INTO Part(PID) VALUES (110165);
INSERT INTO Part(PID) VALUES (110166);
INSERT INTO Part(PID) VALUES (110167);
INSERT INTO Part(PID) VALUES (110168);
INSERT INTO Part(PID) VALUES (110169);
INSERT INTO Part(PID) VALUES (110170);
INSERT INTO Part(PID) VALUES (110171);
INSERT INTO Part(PID) VALUES (110172);
INSERT INTO Part(PID) VALUES (110173);
INSERT INTO Part(PID) VALUES (110174);
INSERT INTO Part(PID) VALUES (110175);
INSERT INTO Part(PID) VALUES (110176);
INSERT INTO Part(PID) VALUES (110177);
INSERT INTO Part(PID) VALUES (110178);
INSERT INTO Part(PID) VALUES (110179);
INSERT INTO Part(PID) VALUES (110180);
INSERT INTO Part(PID) VALUES (110181);
INSERT INTO Part(PID) VALUES (110182);
INSERT INTO Part(PID) VALUES (110183);
INSERT INTO Part(PID) VALUES (110184);
INSERT INTO Part(PID) VALUES (110185);
INSERT INTO Part(PID) VALUES (110186);
INSERT INTO Part(PID) VALUES (110187);
INSERT INTO Part(PID) VALUES (110188);
INSERT INTO Part(PID) VALUES (110189);
INSERT INTO Part(PID) VALUES (110190);
INSERT INTO Part(PID) VALUES (110191);
INSERT INTO Part(PID) VALUES (110192);
INSERT INTO Part(PID) VALUES (110193);
INSERT INTO Part(PID) VALUES (110194);
INSERT INTO Part(PID) VALUES (110195);
INSERT INTO Part(PID) VALUES (110196);
INSERT INTO Part(PID) VALUES (110197);
INSERT INTO Part(PID) VALUES (110198);
INSERT INTO Part(PID) VALUES (110199);
INSERT INTO Part(PID) VALUES (110200);
INSERT INTO Part(PID) VALUES (110201);
INSERT INTO Part(PID) VALUES (110202);
INSERT INTO Part(PID) VALUES (110203);
INSERT INTO Part(PID) VALUES (110204);
INSERT INTO Part(PID) VALUES (110205);
INSERT INTO Part(PID) VALUES (110206);
INSERT INTO Part(PID) VALUES (110207);
INSERT INTO Part(PID) VALUES (110208);
INSERT INTO Part(PID) VALUES (110209);
INSERT INTO Part(PID) VALUES (110210);
INSERT INTO Part(PID) VALUES (110211);
INSERT INTO Part(PID) VALUES (110212);
INSERT INTO Part(PID) VALUES (110213);
INSERT INTO Part(PID) VALUES (110214);
INSERT INTO Part(PID) VALUES (110215);
INSERT INTO Part(PID) VALUES (110216);
INSERT INTO Part(PID) VALUES (110217);
INSERT INTO Part(PID) VALUES (110218);
INSERT INTO Part(PID) VALUES (110219);
INSERT INTO Part(PID) VALUES (110220);
INSERT INTO Part(PID) VALUES (110221);
INSERT INTO Part(PID) VALUES (110222);
INSERT INTO Part(PID) VALUES (110223);
INSERT INTO Part(PID) VALUES (110224);
INSERT INTO Part(PID) VALUES (110225);
INSERT INTO Part(PID) VALUES (110226);
INSERT INTO Part(PID) VALUES (110227);
INSERT INTO Part(PID) VALUES (110228);
INSERT INTO Part(PID) VALUES (110229);
INSERT INTO Part(PID) VALUES (110230);
INSERT INTO Part(PID) VALUES (110231);
INSERT INTO Part(PID) VALUES (110232);
INSERT INTO Part(PID) VALUES (110233);
INSERT INTO Part(PID) VALUES (110234);
INSERT INTO Part(PID) VALUES (110235);
INSERT INTO Part(PID) VALUES (110236);
INSERT INTO Part(PID) VALUES (110237);
INSERT INTO Part(PID) VALUES (110238);
INSERT INTO Part(PID) VALUES (110239);
INSERT INTO Part(PID) VALUES (110240);
INSERT INTO Part(PID) VALUES (110241);
INSERT INTO Part(PID) VALUES (110242);
INSERT INTO Part(PID) VALUES (110243);
INSERT INTO Part(PID) VALUES (110244);
INSERT INTO Part(PID) VALUES (110245);
INSERT INTO Part(PID) VALUES (110246);
INSERT INTO Part(PID) VALUES (110247);
INSERT INTO Part(PID) VALUES (110248);
INSERT INTO Part(PID) VALUES (110249);
INSERT INTO Part(PID) VALUES (110250);
INSERT INTO Part(PID) VALUES (110251);
INSERT INTO Part(PID) VALUES (110252);
INSERT INTO Part(PID) VALUES (110253);
INSERT INTO Part(PID) VALUES (110254);
INSERT INTO Part(PID) VALUES (110255);
INSERT INTO Part(PID) VALUES (110256);
INSERT INTO Part(PID) VALUES (110257);
INSERT INTO Part(PID) VALUES (110258);
INSERT INTO Part(PID) VALUES (110259);
INSERT INTO Part(PID) VALUES (110260);
INSERT INTO Part(PID) VALUES (110261);
INSERT INTO Part(PID) VALUES (110262);
INSERT INTO Part(PID) VALUES (110263);
INSERT INTO Part(PID) VALUES (110264);
INSERT INTO Part(PID) VALUES (110265);
INSERT INTO Part(PID) VALUES (110266);
INSERT INTO Part(PID) VALUES (110267);
INSERT INTO Part(PID) VALUES (110268);
INSERT INTO Part(PID) VALUES (110269);
INSERT INTO Part(PID) VALUES (110270);
INSERT INTO Part(PID) VALUES (110271);
INSERT INTO Part(PID) VALUES (110272);
INSERT INTO Part(PID) VALUES (110273);
INSERT INTO Part(PID) VALUES (110274);
INSERT INTO Part(PID) VALUES (110275);
INSERT INTO Part(PID) VALUES (110276);
INSERT INTO Part(PID) VALUES (110277);
INSERT INTO Part(PID) VALUES (110278);
INSERT INTO Part(PID) VALUES (110279);
INSERT INTO Part(PID) VALUES (110280);
INSERT INTO Part(PID) VALUES (110281);
INSERT INTO Part(PID) VALUES (110282);
INSERT INTO Part(PID) VALUES (110283);
INSERT INTO Part(PID) VALUES (110284);
INSERT INTO Part(PID) VALUES (110285);
INSERT INTO Part(PID) VALUES (110286);
INSERT INTO Part(PID) VALUES (110287);
INSERT INTO Part(PID) VALUES (110288);
INSERT INTO Part(PID) VALUES (110289);
INSERT INTO Part(PID) VALUES (110290);
INSERT INTO Part(PID) VALUES (110291);
INSERT INTO Part(PID) VALUES (110292);
INSERT INTO Part(PID) VALUES (110293);
INSERT INTO Part(PID) VALUES (110294);
INSERT INTO Part(PID) VALUES (110295);
INSERT INTO Part(PID) VALUES (110296);
INSERT INTO Part(PID) VALUES (110297);
INSERT INTO Part(PID) VALUES (110298);
INSERT INTO Part(PID) VALUES (110299);
INSERT INTO Part(PID) VALUES (110300);
INSERT INTO Part(PID) VALUES (110301);
INSERT INTO Part(PID) VALUES (110302);
INSERT INTO Part(PID) VALUES (110303);
INSERT INTO Part(PID) VALUES (110304);
INSERT INTO Part(PID) VALUES (110305);
INSERT INTO Part(PID) VALUES (110306);
INSERT INTO Part(PID) VALUES (110307);
INSERT INTO Part(PID) VALUES (110308);
INSERT INTO Part(PID) VALUES (110309);
INSERT INTO Part(PID) VALUES (110310);
INSERT INTO Part(PID) VALUES (110311);
INSERT INTO Part(PID) VALUES (110312);
INSERT INTO Part(PID) VALUES (110313);
INSERT INTO Part(PID) VALUES (110314);
INSERT INTO Part(PID) VALUES (110315);
INSERT INTO Part(PID) VALUES (110316);
INSERT INTO Part(PID) VALUES (110317);
INSERT INTO Part(PID) VALUES (110318);
INSERT INTO Part(PID) VALUES (110319);
INSERT INTO Part(PID) VALUES (110320);
INSERT INTO Part(PID) VALUES (110321);
INSERT INTO Part(PID) VALUES (110322);
INSERT INTO Part(PID) VALUES (110323);
INSERT INTO Part(PID) VALUES (110324);
INSERT INTO Part(PID) VALUES (110325);
INSERT INTO Part(PID) VALUES (110326);
INSERT INTO Part(PID) VALUES (110327);
INSERT INTO Part(PID) VALUES (110328);
INSERT INTO Part(PID) VALUES (110329);
INSERT INTO Part(PID) VALUES (110330);
INSERT INTO Part(PID) VALUES (110331);
INSERT INTO Part(PID) VALUES (110332);
INSERT INTO Part(PID) VALUES (110333);
INSERT INTO Part(PID) VALUES (110334);
INSERT INTO Part(PID) VALUES (110335);
INSERT INTO Part(PID) VALUES (110336);
INSERT INTO Part(PID) VALUES (110337);
INSERT INTO Part(PID) VALUES (110338);
INSERT INTO Part(PID) VALUES (110339);
INSERT INTO Part(PID) VALUES (110340);
INSERT INTO Part(PID) VALUES (110341);
INSERT INTO Part(PID) VALUES (110342);
INSERT INTO Part(PID) VALUES (110343);
INSERT INTO Part(PID) VALUES (110344);
INSERT INTO Part(PID) VALUES (110345);
INSERT INTO Part(PID) VALUES (110346);
INSERT INTO Part(PID) VALUES (110347);
INSERT INTO Part(PID) VALUES (110348);
INSERT INTO Part(PID) VALUES (110349);
INSERT INTO Part(PID) VALUES (110350);
INSERT INTO Part(PID) VALUES (110351);
INSERT INTO Part(PID) VALUES (110352);
INSERT INTO Part(PID) VALUES (110353);
INSERT INTO Part(PID) VALUES (110354);
INSERT INTO Part(PID) VALUES (110355);
INSERT INTO Part(PID) VALUES (110356);
INSERT INTO Part(PID) VALUES (110357);
INSERT INTO Part(PID) VALUES (110358);
INSERT INTO Part(PID) VALUES (110359);
INSERT INTO Part(PID) VALUES (110360);
INSERT INTO Part(PID) VALUES (110361);
INSERT INTO Part(PID) VALUES (110362);
INSERT INTO Part(PID) VALUES (110363);
INSERT INTO Part(PID) VALUES (110364);
INSERT INTO Part(PID) VALUES (110365);
INSERT INTO Part(PID) VALUES (110366);
INSERT INTO Part(PID) VALUES (110367);
INSERT INTO Part(PID) VALUES (110368);
INSERT INTO Part(PID) VALUES (110369);
INSERT INTO Part(PID) VALUES (110370);
INSERT INTO Part(PID) VALUES (110371);
INSERT INTO Part(PID) VALUES (110372);
INSERT INTO Part(PID) VALUES (110373);
INSERT INTO Part(PID) VALUES (110374);
INSERT INTO Part(PID) VALUES (110375);
INSERT INTO Part(PID) VALUES (110376);
INSERT INTO Part(PID) VALUES (110377);
INSERT INTO Part(PID) VALUES (110378);
INSERT INTO Part(PID) VALUES (110379);
INSERT INTO Part(PID) VALUES (110380);
INSERT INTO Part(PID) VALUES (110381);
INSERT INTO Part(PID) VALUES (110382);
INSERT INTO Part(PID) VALUES (110383);
INSERT INTO Part(PID) VALUES (110384);
INSERT INTO Part(PID) VALUES (110385);
INSERT INTO Part(PID) VALUES (110386);
INSERT INTO Part(PID) VALUES (110387);
INSERT INTO Part(PID) VALUES (110388);
INSERT INTO Part(PID) VALUES (110389);
INSERT INTO Part(PID) VALUES (110390);
INSERT INTO Part(PID) VALUES (110391);
INSERT INTO Part(PID) VALUES (110392);
INSERT INTO Part(PID) VALUES (110393);
INSERT INTO Part(PID) VALUES (110394);
INSERT INTO Part(PID) VALUES (110395);
INSERT INTO Part(PID) VALUES (110396);
INSERT INTO Part(PID) VALUES (110397);
INSERT INTO Part(PID) VALUES (110398);
INSERT INTO Part(PID) VALUES (110399);
INSERT INTO Part(PID) VALUES (110400);
INSERT INTO Part(PID) VALUES (110401);
INSERT INTO Part(PID) VALUES (110402);
INSERT INTO Part(PID) VALUES (110403);
INSERT INTO Part(PID) VALUES (110404);
INSERT INTO Part(PID) VALUES (110405);
INSERT INTO Part(PID) VALUES (110406);
INSERT INTO Part(PID) VALUES (110407);
INSERT INTO Part(PID) VALUES (110408);
INSERT INTO Part(PID) VALUES (110409);
INSERT INTO Part(PID) VALUES (110410);
INSERT INTO Part(PID) VALUES (110411);
INSERT INTO Part(PID) VALUES (110412);
INSERT INTO Part(PID) VALUES (110413);
INSERT INTO Part(PID) VALUES (110414);
INSERT INTO Part(PID) VALUES (110415);
INSERT INTO Part(PID) VALUES (110416);
INSERT INTO Part(PID) VALUES (110417);
INSERT INTO Part(PID) VALUES (110418);
INSERT INTO Part(PID) VALUES (110419);
INSERT INTO Part(PID) VALUES (110420);
INSERT INTO Part(PID) VALUES (110421);
INSERT INTO Part(PID) VALUES (110422);
INSERT INTO Part(PID) VALUES (110423);
INSERT INTO Part(PID) VALUES (110424);
INSERT INTO Part(PID) VALUES (110425);
INSERT INTO Part(PID) VALUES (110426);
INSERT INTO Part(PID) VALUES (110427);
INSERT INTO Part(PID) VALUES (110428);
INSERT INTO Part(PID) VALUES (110429);
INSERT INTO Part(PID) VALUES (110430);
INSERT INTO Part(PID) VALUES (110431);
INSERT INTO Part(PID) VALUES (110432);
INSERT INTO Part(PID) VALUES (110433);
INSERT INTO Part(PID) VALUES (110434);
INSERT INTO Part(PID) VALUES (110435);
INSERT INTO Part(PID) VALUES (110436);
INSERT INTO Part(PID) VALUES (110437);
INSERT INTO Part(PID) VALUES (110438);
INSERT INTO Part(PID) VALUES (110439);
INSERT INTO Part(PID) VALUES (110440);
INSERT INTO Part(PID) VALUES (110441);
INSERT INTO Part(PID) VALUES (110442);
INSERT INTO Part(PID) VALUES (110443);
INSERT INTO Part(PID) VALUES (110444);
INSERT INTO Part(PID) VALUES (110445);
INSERT INTO Part(PID) VALUES (110446);
INSERT INTO Part(PID) VALUES (110447);
INSERT INTO Part(PID) VALUES (110448);
INSERT INTO Part(PID) VALUES (110449);
INSERT INTO Part(PID) VALUES (110450);
INSERT INTO Part(PID) VALUES (110451);
INSERT INTO Part(PID) VALUES (110452);
INSERT INTO Part(PID) VALUES (110453);
INSERT INTO Part(PID) VALUES (110454);
INSERT INTO Part(PID) VALUES (110455);
INSERT INTO Part(PID) VALUES (110456);
INSERT INTO Part(PID) VALUES (110457);
INSERT INTO Part(PID) VALUES (110458);
INSERT INTO Part(PID) VALUES (110459);
INSERT INTO Part(PID) VALUES (110460);
INSERT INTO Part(PID) VALUES (110461);
INSERT INTO Part(PID) VALUES (110462);
INSERT INTO Part(PID) VALUES (110463);
INSERT INTO Part(PID) VALUES (110464);
INSERT INTO Part(PID) VALUES (110465);
INSERT INTO Part(PID) VALUES (110466);
INSERT INTO Part(PID) VALUES (110467);
INSERT INTO Part(PID) VALUES (110468);
INSERT INTO Part(PID) VALUES (110469);
INSERT INTO Part(PID) VALUES (110470);
INSERT INTO Part(PID) VALUES (110471);
INSERT INTO Part(PID) VALUES (110472);
INSERT INTO Part(PID) VALUES (110473);
INSERT INTO Part(PID) VALUES (110474);
INSERT INTO Part(PID) VALUES (110475);
INSERT INTO Part(PID) VALUES (110476);
INSERT INTO Part(PID) VALUES (110477);
INSERT INTO Part(PID) VALUES (110478);
INSERT INTO Part(PID) VALUES (110479);
INSERT INTO Part(PID) VALUES (110480);
INSERT INTO Part(PID) VALUES (110481);
INSERT INTO Part(PID) VALUES (110482);
INSERT INTO Part(PID) VALUES (110483);
INSERT INTO Part(PID) VALUES (110484);
INSERT INTO Part(PID) VALUES (110485);
INSERT INTO Part(PID) VALUES (110486);
INSERT INTO Part(PID) VALUES (110487);
INSERT INTO Part(PID) VALUES (110488);
INSERT INTO Part(PID) VALUES (110489);
INSERT INTO Part(PID) VALUES (110490);
INSERT INTO Part(PID) VALUES (110491);
INSERT INTO Part(PID) VALUES (110492);
INSERT INTO Part(PID) VALUES (110493);
INSERT INTO Part(PID) VALUES (110494);
INSERT INTO Part(PID) VALUES (110495);
INSERT INTO Part(PID) VALUES (110496);
INSERT INTO Part(PID) VALUES (110497);
INSERT INTO Part(PID) VALUES (110498);
INSERT INTO Part(PID) VALUES (110499);
INSERT INTO Part(PID) VALUES (110500);
INSERT INTO Part(PID) VALUES (110501);
INSERT INTO Part(PID) VALUES (110502);
INSERT INTO Part(PID) VALUES (110503);
INSERT INTO Part(PID) VALUES (110504);
INSERT INTO Part(PID) VALUES (110505);
INSERT INTO Part(PID) VALUES (110506);
INSERT INTO Part(PID) VALUES (110507);
INSERT INTO Part(PID) VALUES (110508);
INSERT INTO Part(PID) VALUES (110509);
INSERT INTO Part(PID) VALUES (110510);
INSERT INTO Part(PID) VALUES (110511);
INSERT INTO Part(PID) VALUES (110512);
INSERT INTO Part(PID) VALUES (110513);
INSERT INTO Part(PID) VALUES (110514);
INSERT INTO Part(PID) VALUES (110515);
INSERT INTO Part(PID) VALUES (110516);
INSERT INTO Part(PID) VALUES (110517);
INSERT INTO Part(PID) VALUES (110518);
INSERT INTO Part(PID) VALUES (110519);
INSERT INTO Part(PID) VALUES (110520);
INSERT INTO Part(PID) VALUES (110521);
INSERT INTO Part(PID) VALUES (110522);
INSERT INTO Part(PID) VALUES (110523);
INSERT INTO Part(PID) VALUES (110524);
INSERT INTO Part(PID) VALUES (110525);
INSERT INTO Part(PID) VALUES (110526);
INSERT INTO Part(PID) VALUES (110527);
INSERT INTO Part(PID) VALUES (110528);
INSERT INTO Part(PID) VALUES (110529);
INSERT INTO Part(PID) VALUES (110530);
INSERT INTO Part(PID) VALUES (110531);
INSERT INTO Part(PID) VALUES (110532);
INSERT INTO Part(PID) VALUES (110533);
INSERT INTO Part(PID) VALUES (110534);
INSERT INTO Part(PID) VALUES (110535);
INSERT INTO Part(PID) VALUES (110536);
INSERT INTO Part(PID) VALUES (110537);
INSERT INTO Part(PID) VALUES (110538);
INSERT INTO Part(PID) VALUES (110539);
INSERT INTO Part(PID) VALUES (110540);
INSERT INTO Part(PID) VALUES (110541);
INSERT INTO Part(PID) VALUES (110542);
INSERT INTO Part(PID) VALUES (110543);
INSERT INTO Part(PID) VALUES (110544);
INSERT INTO Part(PID) VALUES (110545);
INSERT INTO Part(PID) VALUES (110546);
INSERT INTO Part(PID) VALUES (110547);
INSERT INTO Part(PID) VALUES (110548);
INSERT INTO Part(PID) VALUES (110549);
INSERT INTO Part(PID) VALUES (110550);
INSERT INTO Part(PID) VALUES (110551);
INSERT INTO Part(PID) VALUES (110552);
INSERT INTO Part(PID) VALUES (110553);
INSERT INTO Part(PID) VALUES (110554);
INSERT INTO Part(PID) VALUES (110555);
INSERT INTO Part(PID) VALUES (110556);
INSERT INTO Part(PID) VALUES (110557);
INSERT INTO Part(PID) VALUES (110558);
INSERT INTO Part(PID) VALUES (110559);
INSERT INTO Part(PID) VALUES (110560);
INSERT INTO Part(PID) VALUES (110561);
INSERT INTO Part(PID) VALUES (110562);
INSERT INTO Part(PID) VALUES (110563);
INSERT INTO Part(PID) VALUES (110564);
INSERT INTO Part(PID) VALUES (110565);
INSERT INTO Part(PID) VALUES (110566);
INSERT INTO Part(PID) VALUES (110567);
INSERT INTO Part(PID) VALUES (110568);
INSERT INTO Part(PID) VALUES (110569);
INSERT INTO Part(PID) VALUES (110570);
INSERT INTO Part(PID) VALUES (110571);
INSERT INTO Part(PID) VALUES (110572);
INSERT INTO Part(PID) VALUES (110573);
INSERT INTO Part(PID) VALUES (110574);
INSERT INTO Part(PID) VALUES (110575);
INSERT INTO Part(PID) VALUES (110576);
INSERT INTO Part(PID) VALUES (110577);
INSERT INTO Part(PID) VALUES (110578);
INSERT INTO Part(PID) VALUES (110579);
INSERT INTO Part(PID) VALUES (110580);
INSERT INTO Part(PID) VALUES (110581);
INSERT INTO Part(PID) VALUES (110582);
INSERT INTO Part(PID) VALUES (110583);
INSERT INTO Part(PID) VALUES (110584);
INSERT INTO Part(PID) VALUES (110585);
INSERT INTO Part(PID) VALUES (110586);
INSERT INTO Part(PID) VALUES (110587);
INSERT INTO Part(PID) VALUES (110588);
INSERT INTO Part(PID) VALUES (110589);
INSERT INTO Part(PID) VALUES (110590);
INSERT INTO Part(PID) VALUES (110591);
INSERT INTO Part(PID) VALUES (110592);
INSERT INTO Part(PID) VALUES (110593);
INSERT INTO Part(PID) VALUES (110594);
INSERT INTO Part(PID) VALUES (110595);
INSERT INTO Part(PID) VALUES (110596);
INSERT INTO Part(PID) VALUES (110597);
INSERT INTO Part(PID) VALUES (110598);
INSERT INTO Part(PID) VALUES (110599);
INSERT INTO Part(PID) VALUES (110600);

INSERT INTO Notification(NID,PID) VALUES (108001,107158);
INSERT INTO Notification(NID,PID) VALUES (108002,107031);
INSERT INTO Notification(NID,PID) VALUES (108003,107174);
INSERT INTO Notification(NID,PID) VALUES (108004,107197);
INSERT INTO Notification(NID,PID) VALUES (108005,107009);
INSERT INTO Notification(NID,PID) VALUES (108006,107028);
INSERT INTO Notification(NID,PID) VALUES (108007,107138);
INSERT INTO Notification(NID,PID) VALUES (108008,107135);
INSERT INTO Notification(NID,PID) VALUES (108009,107070);
INSERT INTO Notification(NID,PID) VALUES (108010,107154);
INSERT INTO Notification(NID,PID) VALUES (108011,107166);
INSERT INTO Notification(NID,PID) VALUES (108012,107145);
INSERT INTO Notification(NID,PID) VALUES (108013,107029);
INSERT INTO Notification(NID,PID) VALUES (108014,107115);
INSERT INTO Notification(NID,PID) VALUES (108015,107044);
INSERT INTO Notification(NID,PID) VALUES (108016,107122);
INSERT INTO Notification(NID,PID) VALUES (108017,107065);
INSERT INTO Notification(NID,PID) VALUES (108018,107184);
INSERT INTO Notification(NID,PID) VALUES (108019,107153);
INSERT INTO Notification(NID,PID) VALUES (108020,107183);
INSERT INTO Notification(NID,PID) VALUES (108021,107123);
INSERT INTO Notification(NID,PID) VALUES (108022,107043);
INSERT INTO Notification(NID,PID) VALUES (108023,107035);
INSERT INTO Notification(NID,PID) VALUES (108024,107059);
INSERT INTO Notification(NID,PID) VALUES (108025,107145);
INSERT INTO Notification(NID,PID) VALUES (108026,107080);
INSERT INTO Notification(NID,PID) VALUES (108027,107195);
INSERT INTO Notification(NID,PID) VALUES (108028,107018);
INSERT INTO Notification(NID,PID) VALUES (108029,107076);
INSERT INTO Notification(NID,PID) VALUES (108030,107115);
INSERT INTO Notification(NID,PID) VALUES (108031,107084);
INSERT INTO Notification(NID,PID) VALUES (108032,107194);
INSERT INTO Notification(NID,PID) VALUES (108033,107031);
INSERT INTO Notification(NID,PID) VALUES (108034,107103);
INSERT INTO Notification(NID,PID) VALUES (108035,107041);
INSERT INTO Notification(NID,PID) VALUES (108036,107148);
INSERT INTO Notification(NID,PID) VALUES (108037,107128);
INSERT INTO Notification(NID,PID) VALUES (108038,107189);
INSERT INTO Notification(NID,PID) VALUES (108039,107108);
INSERT INTO Notification(NID,PID) VALUES (108040,107024);
INSERT INTO Notification(NID,PID) VALUES (108041,107074);
INSERT INTO Notification(NID,PID) VALUES (108042,107126);
INSERT INTO Notification(NID,PID) VALUES (108043,107100);
INSERT INTO Notification(NID,PID) VALUES (108044,107135);
INSERT INTO Notification(NID,PID) VALUES (108045,107132);
INSERT INTO Notification(NID,PID) VALUES (108046,107197);
INSERT INTO Notification(NID,PID) VALUES (108047,107182);
INSERT INTO Notification(NID,PID) VALUES (108048,107015);
INSERT INTO Notification(NID,PID) VALUES (108049,107188);
INSERT INTO Notification(NID,PID) VALUES (108050,107099);
INSERT INTO Notification(NID,PID) VALUES (108051,107065);
INSERT INTO Notification(NID,PID) VALUES (108052,107159);
INSERT INTO Notification(NID,PID) VALUES (108053,107160);
INSERT INTO Notification(NID,PID) VALUES (108054,107020);
INSERT INTO Notification(NID,PID) VALUES (108055,107183);
INSERT INTO Notification(NID,PID) VALUES (108056,107155);
INSERT INTO Notification(NID,PID) VALUES (108057,107143);
INSERT INTO Notification(NID,PID) VALUES (108058,107078);
INSERT INTO Notification(NID,PID) VALUES (108059,107106);
INSERT INTO Notification(NID,PID) VALUES (108060,107064);
INSERT INTO Notification(NID,PID) VALUES (108061,107057);
INSERT INTO Notification(NID,PID) VALUES (108062,107090);
INSERT INTO Notification(NID,PID) VALUES (108063,107058);
INSERT INTO Notification(NID,PID) VALUES (108064,107105);
INSERT INTO Notification(NID,PID) VALUES (108065,107068);
INSERT INTO Notification(NID,PID) VALUES (108066,107109);
INSERT INTO Notification(NID,PID) VALUES (108067,107163);
INSERT INTO Notification(NID,PID) VALUES (108068,107032);
INSERT INTO Notification(NID,PID) VALUES (108069,107151);
INSERT INTO Notification(NID,PID) VALUES (108070,107168);
INSERT INTO Notification(NID,PID) VALUES (108071,107182);
INSERT INTO Notification(NID,PID) VALUES (108072,107047);
INSERT INTO Notification(NID,PID) VALUES (108073,107137);
INSERT INTO Notification(NID,PID) VALUES (108074,107135);
INSERT INTO Notification(NID,PID) VALUES (108075,107186);
INSERT INTO Notification(NID,PID) VALUES (108076,107161);
INSERT INTO Notification(NID,PID) VALUES (108077,107102);
INSERT INTO Notification(NID,PID) VALUES (108078,107040);
INSERT INTO Notification(NID,PID) VALUES (108079,107002);
INSERT INTO Notification(NID,PID) VALUES (108080,107024);
INSERT INTO Notification(NID,PID) VALUES (108081,107199);
INSERT INTO Notification(NID,PID) VALUES (108082,107179);
INSERT INTO Notification(NID,PID) VALUES (108083,107023);
INSERT INTO Notification(NID,PID) VALUES (108084,107114);
INSERT INTO Notification(NID,PID) VALUES (108085,107074);
INSERT INTO Notification(NID,PID) VALUES (108086,107085);
INSERT INTO Notification(NID,PID) VALUES (108087,107113);
INSERT INTO Notification(NID,PID) VALUES (108088,107118);
INSERT INTO Notification(NID,PID) VALUES (108089,107011);
INSERT INTO Notification(NID,PID) VALUES (108090,107014);
INSERT INTO Notification(NID,PID) VALUES (108091,107105);
INSERT INTO Notification(NID,PID) VALUES (108092,107167);
INSERT INTO Notification(NID,PID) VALUES (108093,107007);
INSERT INTO Notification(NID,PID) VALUES (108094,107081);
INSERT INTO Notification(NID,PID) VALUES (108095,107149);
INSERT INTO Notification(NID,PID) VALUES (108096,107150);
INSERT INTO Notification(NID,PID) VALUES (108097,107006);
INSERT INTO Notification(NID,PID) VALUES (108098,107098);
INSERT INTO Notification(NID,PID) VALUES (108099,107029);
INSERT INTO Notification(NID,PID) VALUES (108100,107091);
INSERT INTO Notification(NID,PID) VALUES (108101,107088);
INSERT INTO Notification(NID,PID) VALUES (108102,107198);
INSERT INTO Notification(NID,PID) VALUES (108103,107110);
INSERT INTO Notification(NID,PID) VALUES (108104,107016);
INSERT INTO Notification(NID,PID) VALUES (108105,107140);
INSERT INTO Notification(NID,PID) VALUES (108106,107179);
INSERT INTO Notification(NID,PID) VALUES (108107,107022);
INSERT INTO Notification(NID,PID) VALUES (108108,107140);
INSERT INTO Notification(NID,PID) VALUES (108109,107023);
INSERT INTO Notification(NID,PID) VALUES (108110,107176);
INSERT INTO Notification(NID,PID) VALUES (108111,107122);
INSERT INTO Notification(NID,PID) VALUES (108112,107065);
INSERT INTO Notification(NID,PID) VALUES (108113,107083);
INSERT INTO Notification(NID,PID) VALUES (108114,107185);
INSERT INTO Notification(NID,PID) VALUES (108115,107052);
INSERT INTO Notification(NID,PID) VALUES (108116,107108);
INSERT INTO Notification(NID,PID) VALUES (108117,107156);
INSERT INTO Notification(NID,PID) VALUES (108118,107027);
INSERT INTO Notification(NID,PID) VALUES (108119,107060);
INSERT INTO Notification(NID,PID) VALUES (108120,107196);
INSERT INTO Notification(NID,PID) VALUES (108121,107172);
INSERT INTO Notification(NID,PID) VALUES (108122,107039);
INSERT INTO Notification(NID,PID) VALUES (108123,107010);
INSERT INTO Notification(NID,PID) VALUES (108124,107052);
INSERT INTO Notification(NID,PID) VALUES (108125,107113);
INSERT INTO Notification(NID,PID) VALUES (108126,107034);
INSERT INTO Notification(NID,PID) VALUES (108127,107076);
INSERT INTO Notification(NID,PID) VALUES (108128,107120);
INSERT INTO Notification(NID,PID) VALUES (108129,107152);
INSERT INTO Notification(NID,PID) VALUES (108130,107086);
INSERT INTO Notification(NID,PID) VALUES (108131,107123);
INSERT INTO Notification(NID,PID) VALUES (108132,107022);
INSERT INTO Notification(NID,PID) VALUES (108133,107045);
INSERT INTO Notification(NID,PID) VALUES (108134,107156);
INSERT INTO Notification(NID,PID) VALUES (108135,107151);
INSERT INTO Notification(NID,PID) VALUES (108136,107015);
INSERT INTO Notification(NID,PID) VALUES (108137,107134);
INSERT INTO Notification(NID,PID) VALUES (108138,107143);
INSERT INTO Notification(NID,PID) VALUES (108139,107166);
INSERT INTO Notification(NID,PID) VALUES (108140,107125);
INSERT INTO Notification(NID,PID) VALUES (108141,107178);
INSERT INTO Notification(NID,PID) VALUES (108142,107185);
INSERT INTO Notification(NID,PID) VALUES (108143,107053);
INSERT INTO Notification(NID,PID) VALUES (108144,107124);
INSERT INTO Notification(NID,PID) VALUES (108145,107097);
INSERT INTO Notification(NID,PID) VALUES (108146,107006);
INSERT INTO Notification(NID,PID) VALUES (108147,107167);
INSERT INTO Notification(NID,PID) VALUES (108148,107091);
INSERT INTO Notification(NID,PID) VALUES (108149,107085);
INSERT INTO Notification(NID,PID) VALUES (108150,107028);
INSERT INTO Notification(NID,PID) VALUES (108151,107113);
INSERT INTO Notification(NID,PID) VALUES (108152,107041);
INSERT INTO Notification(NID,PID) VALUES (108153,107095);
INSERT INTO Notification(NID,PID) VALUES (108154,107162);
INSERT INTO Notification(NID,PID) VALUES (108155,107140);
INSERT INTO Notification(NID,PID) VALUES (108156,107016);
INSERT INTO Notification(NID,PID) VALUES (108157,107087);
INSERT INTO Notification(NID,PID) VALUES (108158,107029);
INSERT INTO Notification(NID,PID) VALUES (108159,107089);
INSERT INTO Notification(NID,PID) VALUES (108160,107154);
INSERT INTO Notification(NID,PID) VALUES (108161,107191);
INSERT INTO Notification(NID,PID) VALUES (108162,107198);
INSERT INTO Notification(NID,PID) VALUES (108163,107039);
INSERT INTO Notification(NID,PID) VALUES (108164,107121);
INSERT INTO Notification(NID,PID) VALUES (108165,107022);
INSERT INTO Notification(NID,PID) VALUES (108166,107114);
INSERT INTO Notification(NID,PID) VALUES (108167,107101);
INSERT INTO Notification(NID,PID) VALUES (108168,107082);
INSERT INTO Notification(NID,PID) VALUES (108169,107098);
INSERT INTO Notification(NID,PID) VALUES (108170,107168);
INSERT INTO Notification(NID,PID) VALUES (108171,107074);
INSERT INTO Notification(NID,PID) VALUES (108172,107094);
INSERT INTO Notification(NID,PID) VALUES (108173,107088);
INSERT INTO Notification(NID,PID) VALUES (108174,107091);
INSERT INTO Notification(NID,PID) VALUES (108175,107162);
INSERT INTO Notification(NID,PID) VALUES (108176,107011);
INSERT INTO Notification(NID,PID) VALUES (108177,107159);
INSERT INTO Notification(NID,PID) VALUES (108178,107050);
INSERT INTO Notification(NID,PID) VALUES (108179,107105);
INSERT INTO Notification(NID,PID) VALUES (108180,107184);
INSERT INTO Notification(NID,PID) VALUES (108181,107045);
INSERT INTO Notification(NID,PID) VALUES (108182,107031);
INSERT INTO Notification(NID,PID) VALUES (108183,107067);
INSERT INTO Notification(NID,PID) VALUES (108184,107154);
INSERT INTO Notification(NID,PID) VALUES (108185,107093);
INSERT INTO Notification(NID,PID) VALUES (108186,107091);
INSERT INTO Notification(NID,PID) VALUES (108187,107126);
INSERT INTO Notification(NID,PID) VALUES (108188,107085);
INSERT INTO Notification(NID,PID) VALUES (108189,107087);
INSERT INTO Notification(NID,PID) VALUES (108190,107153);
INSERT INTO Notification(NID,PID) VALUES (108191,107064);
INSERT INTO Notification(NID,PID) VALUES (108192,107189);
INSERT INTO Notification(NID,PID) VALUES (108193,107160);
INSERT INTO Notification(NID,PID) VALUES (108194,107026);
INSERT INTO Notification(NID,PID) VALUES (108195,107150);
INSERT INTO Notification(NID,PID) VALUES (108196,107046);
INSERT INTO Notification(NID,PID) VALUES (108197,107121);
INSERT INTO Notification(NID,PID) VALUES (108198,107200);
INSERT INTO Notification(NID,PID) VALUES (108199,107071);
INSERT INTO Notification(NID,PID) VALUES (108200,107070);
INSERT INTO Notification(NID,PID) VALUES (108201,107084);
INSERT INTO Notification(NID,PID) VALUES (108202,107006);
INSERT INTO Notification(NID,PID) VALUES (108203,107177);
INSERT INTO Notification(NID,PID) VALUES (108204,107021);
INSERT INTO Notification(NID,PID) VALUES (108205,107018);
INSERT INTO Notification(NID,PID) VALUES (108206,107109);
INSERT INTO Notification(NID,PID) VALUES (108207,107168);
INSERT INTO Notification(NID,PID) VALUES (108208,107094);
INSERT INTO Notification(NID,PID) VALUES (108209,107184);
INSERT INTO Notification(NID,PID) VALUES (108210,107074);
INSERT INTO Notification(NID,PID) VALUES (108211,107013);
INSERT INTO Notification(NID,PID) VALUES (108212,107032);
INSERT INTO Notification(NID,PID) VALUES (108213,107198);
INSERT INTO Notification(NID,PID) VALUES (108214,107173);
INSERT INTO Notification(NID,PID) VALUES (108215,107186);
INSERT INTO Notification(NID,PID) VALUES (108216,107123);
INSERT INTO Notification(NID,PID) VALUES (108217,107078);
INSERT INTO Notification(NID,PID) VALUES (108218,107029);
INSERT INTO Notification(NID,PID) VALUES (108219,107162);
INSERT INTO Notification(NID,PID) VALUES (108220,107101);
INSERT INTO Notification(NID,PID) VALUES (108221,107070);
INSERT INTO Notification(NID,PID) VALUES (108222,107160);
INSERT INTO Notification(NID,PID) VALUES (108223,107137);
INSERT INTO Notification(NID,PID) VALUES (108224,107197);
INSERT INTO Notification(NID,PID) VALUES (108225,107174);
INSERT INTO Notification(NID,PID) VALUES (108226,107124);
INSERT INTO Notification(NID,PID) VALUES (108227,107186);
INSERT INTO Notification(NID,PID) VALUES (108228,107179);
INSERT INTO Notification(NID,PID) VALUES (108229,107174);
INSERT INTO Notification(NID,PID) VALUES (108230,107200);
INSERT INTO Notification(NID,PID) VALUES (108231,107055);
INSERT INTO Notification(NID,PID) VALUES (108232,107131);
INSERT INTO Notification(NID,PID) VALUES (108233,107141);
INSERT INTO Notification(NID,PID) VALUES (108234,107021);
INSERT INTO Notification(NID,PID) VALUES (108235,107051);
INSERT INTO Notification(NID,PID) VALUES (108236,107047);
INSERT INTO Notification(NID,PID) VALUES (108237,107094);
INSERT INTO Notification(NID,PID) VALUES (108238,107030);
INSERT INTO Notification(NID,PID) VALUES (108239,107006);
INSERT INTO Notification(NID,PID) VALUES (108240,107126);
INSERT INTO Notification(NID,PID) VALUES (108241,107043);
INSERT INTO Notification(NID,PID) VALUES (108242,107003);
INSERT INTO Notification(NID,PID) VALUES (108243,107010);
INSERT INTO Notification(NID,PID) VALUES (108244,107044);
INSERT INTO Notification(NID,PID) VALUES (108245,107070);
INSERT INTO Notification(NID,PID) VALUES (108246,107017);
INSERT INTO Notification(NID,PID) VALUES (108247,107132);
INSERT INTO Notification(NID,PID) VALUES (108248,107103);
INSERT INTO Notification(NID,PID) VALUES (108249,107053);
INSERT INTO Notification(NID,PID) VALUES (108250,107069);
INSERT INTO Notification(NID,PID) VALUES (108251,107134);
INSERT INTO Notification(NID,PID) VALUES (108252,107180);
INSERT INTO Notification(NID,PID) VALUES (108253,107094);
INSERT INTO Notification(NID,PID) VALUES (108254,107026);
INSERT INTO Notification(NID,PID) VALUES (108255,107055);
INSERT INTO Notification(NID,PID) VALUES (108256,107080);
INSERT INTO Notification(NID,PID) VALUES (108257,107085);
INSERT INTO Notification(NID,PID) VALUES (108258,107147);
INSERT INTO Notification(NID,PID) VALUES (108259,107172);
INSERT INTO Notification(NID,PID) VALUES (108260,107046);
INSERT INTO Notification(NID,PID) VALUES (108261,107178);
INSERT INTO Notification(NID,PID) VALUES (108262,107129);
INSERT INTO Notification(NID,PID) VALUES (108263,107162);
INSERT INTO Notification(NID,PID) VALUES (108264,107070);
INSERT INTO Notification(NID,PID) VALUES (108265,107180);
INSERT INTO Notification(NID,PID) VALUES (108266,107138);
INSERT INTO Notification(NID,PID) VALUES (108267,107200);
INSERT INTO Notification(NID,PID) VALUES (108268,107011);
INSERT INTO Notification(NID,PID) VALUES (108269,107032);
INSERT INTO Notification(NID,PID) VALUES (108270,107151);
INSERT INTO Notification(NID,PID) VALUES (108271,107148);
INSERT INTO Notification(NID,PID) VALUES (108272,107179);
INSERT INTO Notification(NID,PID) VALUES (108273,107050);
INSERT INTO Notification(NID,PID) VALUES (108274,107173);
INSERT INTO Notification(NID,PID) VALUES (108275,107030);
INSERT INTO Notification(NID,PID) VALUES (108276,107153);
INSERT INTO Notification(NID,PID) VALUES (108277,107092);
INSERT INTO Notification(NID,PID) VALUES (108278,107189);
INSERT INTO Notification(NID,PID) VALUES (108279,107192);
INSERT INTO Notification(NID,PID) VALUES (108280,107195);
INSERT INTO Notification(NID,PID) VALUES (108281,107091);
INSERT INTO Notification(NID,PID) VALUES (108282,107032);
INSERT INTO Notification(NID,PID) VALUES (108283,107177);
INSERT INTO Notification(NID,PID) VALUES (108284,107137);
INSERT INTO Notification(NID,PID) VALUES (108285,107200);
INSERT INTO Notification(NID,PID) VALUES (108286,107047);
INSERT INTO Notification(NID,PID) VALUES (108287,107050);
INSERT INTO Notification(NID,PID) VALUES (108288,107178);
INSERT INTO Notification(NID,PID) VALUES (108289,107095);
INSERT INTO Notification(NID,PID) VALUES (108290,107175);
INSERT INTO Notification(NID,PID) VALUES (108291,107100);
INSERT INTO Notification(NID,PID) VALUES (108292,107060);
INSERT INTO Notification(NID,PID) VALUES (108293,107054);
INSERT INTO Notification(NID,PID) VALUES (108294,107062);
INSERT INTO Notification(NID,PID) VALUES (108295,107149);
INSERT INTO Notification(NID,PID) VALUES (108296,107088);
INSERT INTO Notification(NID,PID) VALUES (108297,107157);
INSERT INTO Notification(NID,PID) VALUES (108298,107032);
INSERT INTO Notification(NID,PID) VALUES (108299,107079);
INSERT INTO Notification(NID,PID) VALUES (108300,107014);

INSERT INTO `Group`(GNumber,PID,Name,Location) VALUES (1001,103047,'Hessel, Larkin and Gerhold','7488 Old Shore Court');
INSERT INTO `Group`(GNumber,PID,Name,Location) VALUES (1002,103052,'Blanda-Schamberger','6 Nelson Hill');
INSERT INTO `Group`(GNumber,PID,Name,Location) VALUES (1003,103005,'Mann Group','2 Manley Crossing');
INSERT INTO `Group`(GNumber,PID,Name,Location) VALUES (1004,103026,'Corwin Group','967 Dixon Court');
INSERT INTO `Group`(GNumber,PID,Name,Location) VALUES (1005,103036,'Feest-Stiedemann','495 Sundown Drive');
INSERT INTO `Group`(GNumber,PID,Name,Location) VALUES (1006,103027,'Kiehn, Heathcote and Lebsack','6 Thompson Point');
INSERT INTO `Group`(GNumber,PID,Name,Location) VALUES (1007,103038,'Koch, Weimann and Rodriguez','842 West Alley');
INSERT INTO `Group`(GNumber,PID,Name,Location) VALUES (1008,103017,'Dibbert-Moen','92095 Lakewood Street');
INSERT INTO `Group`(GNumber,PID,Name,Location) VALUES (1009,103034,'O''Hara-Stanton','465 Memorial Plaza');
INSERT INTO `Group`(GNumber,PID,Name,Location) VALUES (1010,103024,'Wintheiser, Friesen and Pfeffer','2682 School Center');
INSERT INTO `Group`(GNumber,PID,Name,Location) VALUES (1011,103043,'Ferry and Sons','3 Dunning Trail');
INSERT INTO `Group`(GNumber,PID,Name,Location) VALUES (1012,103060,'Kunze-Christiansen','54630 Brown Drive');
INSERT INTO `Group`(GNumber,PID,Name,Location) VALUES (1013,103039,'Wyman Inc','393 Tennessee Circle');
INSERT INTO `Group`(GNumber,PID,Name,Location) VALUES (1014,103002,'Crooks Group','6 Butternut Road');
INSERT INTO `Group`(GNumber,PID,Name,Location) VALUES (1015,103045,'Stark-Dickens','66227 Rockefeller Park');
INSERT INTO `Group`(GNumber,PID,Name,Location) VALUES (1016,103046,'Moore, Dibbert and D''Amore','22025 Hanover Parkway');
INSERT INTO `Group`(GNumber,PID,Name,Location) VALUES (1017,103034,'Pollich Inc','0857 Loomis Crossing');
INSERT INTO `Group`(GNumber,PID,Name,Location) VALUES (1018,103022,'Reilly-Ondricka','59178 Fremont Terrace');
INSERT INTO `Group`(GNumber,PID,Name,Location) VALUES (1019,103031,'Gerlach-Boyer','8 Bartelt Crossing');
INSERT INTO `Group`(GNumber,PID,Name,Location) VALUES (1020,103023,'Labadie Group','83821 Mayer Parkway');
INSERT INTO `Group`(GNumber,PID,Name,Location) VALUES (1021,103015,'Blanda LLC','884 Russell Drive');
INSERT INTO `Group`(GNumber,PID,Name,Location) VALUES (1022,103037,'Hessel LLC','69758 Kings Pass');
INSERT INTO `Group`(GNumber,PID,Name,Location) VALUES (1023,103060,'VonRueden-Smitham','731 Mallard Center');
INSERT INTO `Group`(GNumber,PID,Name,Location) VALUES (1024,103031,'Trantow, Lynch and Sawayn','86 Scott Pass');
INSERT INTO `Group`(GNumber,PID,Name,Location) VALUES (1025,103008,'Cronin, Wuckert and Bergstrom','727 Hooker Hill');
INSERT INTO `Group`(GNumber,PID,Name,Location) VALUES (1026,103048,'Jast, Zboncak and Altenwerth','91762 2nd Parkway');
INSERT INTO `Group`(GNumber,PID,Name,Location) VALUES (1027,103049,'Rutherford, Glover and Lind','13 Delaware Park');
INSERT INTO `Group`(GNumber,PID,Name,Location) VALUES (1028,103005,'Hilpert, Renner and Hirthe','21 Gale Alley');
INSERT INTO `Group`(GNumber,PID,Name,Location) VALUES (1029,103025,'Witting, Block and Steuber','0045 Maywood Park');
INSERT INTO `Group`(GNumber,PID,Name,Location) VALUES (1030,103003,'Farrell-Buckridge','55024 Hooker Trail');

INSERT INTO Task(TNumber,GNumber,PID,Name) VALUES (2001,1021,103015,'Intermountain Mousetail');
INSERT INTO Task(TNumber,GNumber,PID,Name) VALUES (2002,1022,103037,'African Teak');
INSERT INTO Task(TNumber,GNumber,PID,Name) VALUES (2003,1020,103023,'Wild Mint');
INSERT INTO Task(TNumber,GNumber,PID,Name) VALUES (2004,1005,103036,'Hedgerow Geranium');
INSERT INTO Task(TNumber,GNumber,PID,Name) VALUES (2005,1014,103002,'Nuttall''s Sandwort');
INSERT INTO Task(TNumber,GNumber,PID,Name) VALUES (2006,1025,103008,'Waxweed');
INSERT INTO Task(TNumber,GNumber,PID,Name) VALUES (2007,1024,103031,'Creeping Marshwort');
INSERT INTO Task(TNumber,GNumber,PID,Name) VALUES (2008,1015,103045,'Indian Toothcup');
INSERT INTO Task(TNumber,GNumber,PID,Name) VALUES (2009,1007,103038,'Berlandier''s Fiddlewood');
INSERT INTO Task(TNumber,GNumber,PID,Name) VALUES (2010,1010,103024,'Crossandra');
INSERT INTO Task(TNumber,GNumber,PID,Name) VALUES (2011,1024,103031,'Sowthistle');
INSERT INTO Task(TNumber,GNumber,PID,Name) VALUES (2012,1002,103052,'Haha''aiakamanu');
INSERT INTO Task(TNumber,GNumber,PID,Name) VALUES (2013,1011,103043,'Roemer''s Spurge');
INSERT INTO Task(TNumber,GNumber,PID,Name) VALUES (2014,1012,103060,'Roundtooth Snakelily');
INSERT INTO Task(TNumber,GNumber,PID,Name) VALUES (2015,1003,103005,'Gravelbar Muhly');
INSERT INTO Task(TNumber,GNumber,PID,Name) VALUES (2016,1028,103005,'Chinese Sprangletop');
INSERT INTO Task(TNumber,GNumber,PID,Name) VALUES (2017,1005,103036,'Hartweg''s Locust');
INSERT INTO Task(TNumber,GNumber,PID,Name) VALUES (2018,1027,103049,'Lavender Cotton');
INSERT INTO Task(TNumber,GNumber,PID,Name) VALUES (2019,1018,103022,'Bigseed Biscuitroot');
INSERT INTO Task(TNumber,GNumber,PID,Name) VALUES (2020,1014,103002,'Charming Centaury');
INSERT INTO Task(TNumber,GNumber,PID,Name) VALUES (2021,1014,103002,'Velvet Groundsel');
INSERT INTO Task(TNumber,GNumber,PID,Name) VALUES (2022,1005,103036,'Japanese Plum');
INSERT INTO Task(TNumber,GNumber,PID,Name) VALUES (2023,1015,103045,'Olaga');
INSERT INTO Task(TNumber,GNumber,PID,Name) VALUES (2024,1006,103027,'Orthotrichum Moss');
INSERT INTO Task(TNumber,GNumber,PID,Name) VALUES (2025,1007,103038,'Rhizomnium Moss');
INSERT INTO Task(TNumber,GNumber,PID,Name) VALUES (2026,1028,103005,'Navassa Nakedstem Carpetweed');
INSERT INTO Task(TNumber,GNumber,PID,Name) VALUES (2027,1024,103031,'Olivegreen Calcareous Moss');
INSERT INTO Task(TNumber,GNumber,PID,Name) VALUES (2028,1018,103022,'Snapdragon Penstemon');
INSERT INTO Task(TNumber,GNumber,PID,Name) VALUES (2029,1001,103047,'California Evening Primrose');
INSERT INTO Task(TNumber,GNumber,PID,Name) VALUES (2030,1029,103025,'Bigelow''s Beggarticks');
INSERT INTO Task(TNumber,GNumber,PID,Name) VALUES (2031,1009,103034,'Eustis Lake Beardtongue');
INSERT INTO Task(TNumber,GNumber,PID,Name) VALUES (2032,1010,103024,'Ragged Marsh-elder');
INSERT INTO Task(TNumber,GNumber,PID,Name) VALUES (2033,1004,103026,'Banana Passionflower');
INSERT INTO Task(TNumber,GNumber,PID,Name) VALUES (2034,1021,103015,'Fragrant Premna');
INSERT INTO Task(TNumber,GNumber,PID,Name) VALUES (2035,1016,103046,'Flaxleaf');
INSERT INTO Task(TNumber,GNumber,PID,Name) VALUES (2036,1017,103034,'Onecolor Dry Rock Moss');
INSERT INTO Task(TNumber,GNumber,PID,Name) VALUES (2037,1018,103022,'Dwarf Mountain Lupine');
INSERT INTO Task(TNumber,GNumber,PID,Name) VALUES (2038,1025,103008,'Bristlecone Fir');
INSERT INTO Task(TNumber,GNumber,PID,Name) VALUES (2039,1028,103005,'Shellflower');
INSERT INTO Task(TNumber,GNumber,PID,Name) VALUES (2040,1024,103031,'California Figwort');
INSERT INTO Task(TNumber,GNumber,PID,Name) VALUES (2041,1012,103060,'David''s Spurge');
INSERT INTO Task(TNumber,GNumber,PID,Name) VALUES (2042,1018,103022,'Burningbush');
INSERT INTO Task(TNumber,GNumber,PID,Name) VALUES (2043,1025,103008,'Bean');
INSERT INTO Task(TNumber,GNumber,PID,Name) VALUES (2044,1014,103002,'Hemlock Dwarf Mistletoe');
INSERT INTO Task(TNumber,GNumber,PID,Name) VALUES (2045,1008,103017,'Bottle Gentian');
INSERT INTO Task(TNumber,GNumber,PID,Name) VALUES (2046,1027,103049,'Aquatic Aspicilia');
INSERT INTO Task(TNumber,GNumber,PID,Name) VALUES (2047,1007,103038,'Catclaw Acacia');
INSERT INTO Task(TNumber,GNumber,PID,Name) VALUES (2048,1016,103046,'Western Leatherwood');
INSERT INTO Task(TNumber,GNumber,PID,Name) VALUES (2049,1020,103023,'Adansonia');
INSERT INTO Task(TNumber,GNumber,PID,Name) VALUES (2050,1011,103043,'Puerto Rico Maiden Fern');
INSERT INTO Task(TNumber,GNumber,PID,Name) VALUES (2051,1015,103045,'Neckweed');
INSERT INTO Task(TNumber,GNumber,PID,Name) VALUES (2052,1008,103017,'Rim Lichen');
INSERT INTO Task(TNumber,GNumber,PID,Name) VALUES (2053,1007,103038,'Kaido Crab Apple');
INSERT INTO Task(TNumber,GNumber,PID,Name) VALUES (2054,1006,103027,'Tropical Whitetop');
INSERT INTO Task(TNumber,GNumber,PID,Name) VALUES (2055,1021,103015,'Yellow Avens');
INSERT INTO Task(TNumber,GNumber,PID,Name) VALUES (2056,1003,103005,'Prairie Blazing Star');
INSERT INTO Task(TNumber,GNumber,PID,Name) VALUES (2057,1013,103039,'Longstalk Clover');
INSERT INTO Task(TNumber,GNumber,PID,Name) VALUES (2058,1025,103008,'Goosefoot Yellow Violet');
INSERT INTO Task(TNumber,GNumber,PID,Name) VALUES (2059,1016,103046,'Hoskett Meadows Lupine');
INSERT INTO Task(TNumber,GNumber,PID,Name) VALUES (2060,1029,103025,'Duchesne Penstemon');
INSERT INTO Task(TNumber,GNumber,PID,Name) VALUES (2061,1015,103045,'Steudner''s Clover');
INSERT INTO Task(TNumber,GNumber,PID,Name) VALUES (2062,1027,103049,'Bitter Lettuce');
INSERT INTO Task(TNumber,GNumber,PID,Name) VALUES (2063,1003,103005,'Acaulon Moss');
INSERT INTO Task(TNumber,GNumber,PID,Name) VALUES (2064,1010,103024,'Rim Lichen');
INSERT INTO Task(TNumber,GNumber,PID,Name) VALUES (2065,1021,103015,'Pitaya');
INSERT INTO Task(TNumber,GNumber,PID,Name) VALUES (2066,1005,103036,'Dwarf Brodiaea');
INSERT INTO Task(TNumber,GNumber,PID,Name) VALUES (2067,1023,103060,'Parasol Sedge');
INSERT INTO Task(TNumber,GNumber,PID,Name) VALUES (2068,1026,103048,'Saw Phacelia');
INSERT INTO Task(TNumber,GNumber,PID,Name) VALUES (2069,1007,103038,'Palmer''s Grapplinghook');
INSERT INTO Task(TNumber,GNumber,PID,Name) VALUES (2070,1030,103003,'Cyrtandra');
INSERT INTO Task(TNumber,GNumber,PID,Name) VALUES (2071,1027,103049,'Nakedstem Carpetweed');
INSERT INTO Task(TNumber,GNumber,PID,Name) VALUES (2072,1009,103034,'Bogbutton');
INSERT INTO Task(TNumber,GNumber,PID,Name) VALUES (2073,1024,103031,'Scarlet Oak');
INSERT INTO Task(TNumber,GNumber,PID,Name) VALUES (2074,1022,103037,'Drypark Pea');
INSERT INTO Task(TNumber,GNumber,PID,Name) VALUES (2075,1014,103002,'Siberian Peashrub');
INSERT INTO Task(TNumber,GNumber,PID,Name) VALUES (2076,1030,103003,'Plumeweed');
INSERT INTO Task(TNumber,GNumber,PID,Name) VALUES (2077,1026,103048,'Column Foxtail Cactus');
INSERT INTO Task(TNumber,GNumber,PID,Name) VALUES (2078,1016,103046,'Atlantic Pigeonwings');
INSERT INTO Task(TNumber,GNumber,PID,Name) VALUES (2079,1025,103008,'Thrombium Lichen');
INSERT INTO Task(TNumber,GNumber,PID,Name) VALUES (2080,1007,103038,'Idaho Beardtongue');
INSERT INTO Task(TNumber,GNumber,PID,Name) VALUES (2081,1023,103060,'Purple Stonecrop');
INSERT INTO Task(TNumber,GNumber,PID,Name) VALUES (2082,1009,103034,'Dotseed Plantain');
INSERT INTO Task(TNumber,GNumber,PID,Name) VALUES (2083,1002,103052,'Smooth Yellow Vetch');
INSERT INTO Task(TNumber,GNumber,PID,Name) VALUES (2084,1028,103005,'Tomasellia Lichen');
INSERT INTO Task(TNumber,GNumber,PID,Name) VALUES (2085,1024,103031,'Fringed Brome');
INSERT INTO Task(TNumber,GNumber,PID,Name) VALUES (2086,1027,103049,'Arrowleaf Tearthumb');
INSERT INTO Task(TNumber,GNumber,PID,Name) VALUES (2087,1022,103037,'Yellow Joyweed');
INSERT INTO Task(TNumber,GNumber,PID,Name) VALUES (2088,1020,103023,'Arctodupontia');
INSERT INTO Task(TNumber,GNumber,PID,Name) VALUES (2089,1005,103036,'Jointfir');
INSERT INTO Task(TNumber,GNumber,PID,Name) VALUES (2090,1029,103025,'Corkscrew Threeawn');
INSERT INTO Task(TNumber,GNumber,PID,Name) VALUES (2091,1016,103046,'Hill Cane');
INSERT INTO Task(TNumber,GNumber,PID,Name) VALUES (2092,1004,103026,'Longspur Lupine');
INSERT INTO Task(TNumber,GNumber,PID,Name) VALUES (2093,1009,103034,'Biannual Lettuce');
INSERT INTO Task(TNumber,GNumber,PID,Name) VALUES (2094,1022,103037,'Marsh Muhly');
INSERT INTO Task(TNumber,GNumber,PID,Name) VALUES (2095,1019,103031,'Chilean Guava');
INSERT INTO Task(TNumber,GNumber,PID,Name) VALUES (2096,1021,103015,'Ribbed Cryptantha');
INSERT INTO Task(TNumber,GNumber,PID,Name) VALUES (2097,1025,103008,'Ruscus-leaf Bamboo');
INSERT INTO Task(TNumber,GNumber,PID,Name) VALUES (2098,1013,103039,'Sixweeks Fescue');
INSERT INTO Task(TNumber,GNumber,PID,Name) VALUES (2099,1026,103048,'Smallflower Woodland-star');
INSERT INTO Task(TNumber,GNumber,PID,Name) VALUES (2100,1029,103025,'Turner''s Horseweed');
INSERT INTO Task(TNumber,GNumber,PID,Name) VALUES (2101,1015,103045,'Pygmyflower Rockjasmine');
INSERT INTO Task(TNumber,GNumber,PID,Name) VALUES (2102,1005,103036,'Roundspike Cryptantha');
INSERT INTO Task(TNumber,GNumber,PID,Name) VALUES (2103,1023,103060,'Longleaf Indian Paintbrush');
INSERT INTO Task(TNumber,GNumber,PID,Name) VALUES (2104,1002,103052,'Grape Ivy');
INSERT INTO Task(TNumber,GNumber,PID,Name) VALUES (2105,1029,103025,'Graham''s Willow');
INSERT INTO Task(TNumber,GNumber,PID,Name) VALUES (2106,1006,103027,'Texas Persimmon');
INSERT INTO Task(TNumber,GNumber,PID,Name) VALUES (2107,1020,103023,'Oncostema');
INSERT INTO Task(TNumber,GNumber,PID,Name) VALUES (2108,1021,103015,'Pinesap');
INSERT INTO Task(TNumber,GNumber,PID,Name) VALUES (2109,1008,103017,'Slender Amaranth');
INSERT INTO Task(TNumber,GNumber,PID,Name) VALUES (2110,1017,103034,'Coast Banksia');
INSERT INTO Task(TNumber,GNumber,PID,Name) VALUES (2111,1016,103046,'Star Sedge');
INSERT INTO Task(TNumber,GNumber,PID,Name) VALUES (2112,1008,103017,'Hypotrachyna Lichen');
INSERT INTO Task(TNumber,GNumber,PID,Name) VALUES (2113,1026,103048,'Hairy Flowering Fern');
INSERT INTO Task(TNumber,GNumber,PID,Name) VALUES (2114,1007,103038,'Thermutis Lichen');
INSERT INTO Task(TNumber,GNumber,PID,Name) VALUES (2115,1029,103025,'Rinodina Lichen');
INSERT INTO Task(TNumber,GNumber,PID,Name) VALUES (2116,1024,103031,'Kamchatka Globeflower');
INSERT INTO Task(TNumber,GNumber,PID,Name) VALUES (2117,1012,103060,'Woollyleaf Manzanita');
INSERT INTO Task(TNumber,GNumber,PID,Name) VALUES (2118,1005,103036,'Scolosanthus');
INSERT INTO Task(TNumber,GNumber,PID,Name) VALUES (2119,1014,103002,'Hillside Gooseberry');
INSERT INTO Task(TNumber,GNumber,PID,Name) VALUES (2120,1006,103027,'Winged Panicgrass');
INSERT INTO Task(TNumber,GNumber,PID,Name) VALUES (2121,1020,103023,'Ponderosa Pine');
INSERT INTO Task(TNumber,GNumber,PID,Name) VALUES (2122,1012,103060,'Corchoropsis');
INSERT INTO Task(TNumber,GNumber,PID,Name) VALUES (2123,1025,103008,'Phlox');
INSERT INTO Task(TNumber,GNumber,PID,Name) VALUES (2124,1027,103049,'Mountain Evening Primrose');
INSERT INTO Task(TNumber,GNumber,PID,Name) VALUES (2125,1007,103038,'Abrams'' Sandmat');
INSERT INTO Task(TNumber,GNumber,PID,Name) VALUES (2126,1013,103039,'Dotted Polypody');
INSERT INTO Task(TNumber,GNumber,PID,Name) VALUES (2127,1009,103034,'Swollen Bladderwort');
INSERT INTO Task(TNumber,GNumber,PID,Name) VALUES (2128,1003,103005,'Key West Threeawn');
INSERT INTO Task(TNumber,GNumber,PID,Name) VALUES (2129,1016,103046,'Hazelnut');
INSERT INTO Task(TNumber,GNumber,PID,Name) VALUES (2130,1002,103052,'Podranea');
INSERT INTO Task(TNumber,GNumber,PID,Name) VALUES (2131,1029,103025,'Tall Tonguefern');
INSERT INTO Task(TNumber,GNumber,PID,Name) VALUES (2132,1012,103060,'Averrhoa');
INSERT INTO Task(TNumber,GNumber,PID,Name) VALUES (2133,1021,103015,'Grassland Tarweed');
INSERT INTO Task(TNumber,GNumber,PID,Name) VALUES (2134,1023,103060,'Missouri Milkvetch');
INSERT INTO Task(TNumber,GNumber,PID,Name) VALUES (2135,1013,103039,'Douglas'' Mesamint');
INSERT INTO Task(TNumber,GNumber,PID,Name) VALUES (2136,1024,103031,'Broad Looseflower Sedge');
INSERT INTO Task(TNumber,GNumber,PID,Name) VALUES (2137,1004,103026,'Erect Brachymenium Moss');
INSERT INTO Task(TNumber,GNumber,PID,Name) VALUES (2138,1009,103034,'Rimmed Lichen');
INSERT INTO Task(TNumber,GNumber,PID,Name) VALUES (2139,1003,103005,'Pillpod Sandmat');
INSERT INTO Task(TNumber,GNumber,PID,Name) VALUES (2140,1027,103049,'Mauritia');
INSERT INTO Task(TNumber,GNumber,PID,Name) VALUES (2141,1028,103005,'Peony');
INSERT INTO Task(TNumber,GNumber,PID,Name) VALUES (2142,1010,103024,'Pomegranate');
INSERT INTO Task(TNumber,GNumber,PID,Name) VALUES (2143,1012,103060,'Jelly Lichen');
INSERT INTO Task(TNumber,GNumber,PID,Name) VALUES (2144,1025,103008,'Mohr''s Rosinweed');
INSERT INTO Task(TNumber,GNumber,PID,Name) VALUES (2145,1011,103043,'Palailaulii');
INSERT INTO Task(TNumber,GNumber,PID,Name) VALUES (2146,1026,103048,'Mata De Mariposa');
INSERT INTO Task(TNumber,GNumber,PID,Name) VALUES (2147,1004,103026,'Leucanthemella');
INSERT INTO Task(TNumber,GNumber,PID,Name) VALUES (2148,1022,103037,'Yellow Evening Primrose');
INSERT INTO Task(TNumber,GNumber,PID,Name) VALUES (2149,1030,103003,'Java Plum');
INSERT INTO Task(TNumber,GNumber,PID,Name) VALUES (2150,1029,103025,'Crimsoneyed Rosemallow');
INSERT INTO Task(TNumber,GNumber,PID,Name) VALUES (2151,1012,103060,'Shoreline Sedge');
INSERT INTO Task(TNumber,GNumber,PID,Name) VALUES (2152,1013,103039,'Needle Lichen');
INSERT INTO Task(TNumber,GNumber,PID,Name) VALUES (2153,1015,103045,'Rydberg''s Horkelia');
INSERT INTO Task(TNumber,GNumber,PID,Name) VALUES (2154,1001,103047,'Fire Pink');
INSERT INTO Task(TNumber,GNumber,PID,Name) VALUES (2155,1016,103046,'Birdflower');
INSERT INTO Task(TNumber,GNumber,PID,Name) VALUES (2156,1025,103008,'Coralfruit');
INSERT INTO Task(TNumber,GNumber,PID,Name) VALUES (2157,1028,103005,'Cupped Passionflower');
INSERT INTO Task(TNumber,GNumber,PID,Name) VALUES (2158,1022,103037,'Diamond Maidenhair');
INSERT INTO Task(TNumber,GNumber,PID,Name) VALUES (2159,1003,103005,'Cobwebby Wild Indigo');
INSERT INTO Task(TNumber,GNumber,PID,Name) VALUES (2160,1021,103015,'Violet Orchid');
INSERT INTO Task(TNumber,GNumber,PID,Name) VALUES (2161,1019,103031,'San Luis Obispo Monardella');
INSERT INTO Task(TNumber,GNumber,PID,Name) VALUES (2162,1027,103049,'Fort Mojave Buckwheat');
INSERT INTO Task(TNumber,GNumber,PID,Name) VALUES (2163,1013,103039,'Alpine Hymenopappus');
INSERT INTO Task(TNumber,GNumber,PID,Name) VALUES (2164,1015,103045,'Joor Oak');
INSERT INTO Task(TNumber,GNumber,PID,Name) VALUES (2165,1029,103025,'Roughhair Rosette Grass');
INSERT INTO Task(TNumber,GNumber,PID,Name) VALUES (2166,1010,103024,'Script Lichen');
INSERT INTO Task(TNumber,GNumber,PID,Name) VALUES (2167,1008,103017,'Hawkweed');
INSERT INTO Task(TNumber,GNumber,PID,Name) VALUES (2168,1025,103008,'Spleenwort');
INSERT INTO Task(TNumber,GNumber,PID,Name) VALUES (2169,1011,103043,'Inyo Lupine');
INSERT INTO Task(TNumber,GNumber,PID,Name) VALUES (2170,1018,103022,'Sweetclover');
INSERT INTO Task(TNumber,GNumber,PID,Name) VALUES (2171,1015,103045,'Houseleek');
INSERT INTO Task(TNumber,GNumber,PID,Name) VALUES (2172,1002,103052,'Veatch''s Dodder');
INSERT INTO Task(TNumber,GNumber,PID,Name) VALUES (2173,1020,103023,'Salmon Wildrye');
INSERT INTO Task(TNumber,GNumber,PID,Name) VALUES (2174,1014,103002,'Frey''s Beard Lichen');
INSERT INTO Task(TNumber,GNumber,PID,Name) VALUES (2175,1027,103049,'Mariposa Pussypaws');
INSERT INTO Task(TNumber,GNumber,PID,Name) VALUES (2176,1019,103031,'Alpine Bladderpod');
INSERT INTO Task(TNumber,GNumber,PID,Name) VALUES (2177,1001,103047,'Rigid Sedge');
INSERT INTO Task(TNumber,GNumber,PID,Name) VALUES (2178,1024,103031,'Bulb Panicgrass');
INSERT INTO Task(TNumber,GNumber,PID,Name) VALUES (2179,1013,103039,'Muhlenberg''s Funaria Moss');
INSERT INTO Task(TNumber,GNumber,PID,Name) VALUES (2180,1005,103036,'Greek Valerian');
INSERT INTO Task(TNumber,GNumber,PID,Name) VALUES (2181,1006,103027,'Streambank Blazingstar');
INSERT INTO Task(TNumber,GNumber,PID,Name) VALUES (2182,1021,103015,'Algerian Sea Lavender');
INSERT INTO Task(TNumber,GNumber,PID,Name) VALUES (2183,1018,103022,'Cup Lichen');
INSERT INTO Task(TNumber,GNumber,PID,Name) VALUES (2184,1009,103034,'Delta Eryngo');
INSERT INTO Task(TNumber,GNumber,PID,Name) VALUES (2185,1010,103024,'Warnock''s Rockdaisy');
INSERT INTO Task(TNumber,GNumber,PID,Name) VALUES (2186,1002,103052,'Silver Bladderpod');
INSERT INTO Task(TNumber,GNumber,PID,Name) VALUES (2187,1011,103043,'Jeweled Tonguefern');
INSERT INTO Task(TNumber,GNumber,PID,Name) VALUES (2188,1007,103038,'Utah Bladderfern');
INSERT INTO Task(TNumber,GNumber,PID,Name) VALUES (2189,1028,103005,'Pringle''s Rim Lichen');
INSERT INTO Task(TNumber,GNumber,PID,Name) VALUES (2190,1005,103036,'Litsea');
INSERT INTO Task(TNumber,GNumber,PID,Name) VALUES (2191,1025,103008,'Tuber Starwort');
INSERT INTO Task(TNumber,GNumber,PID,Name) VALUES (2192,1028,103005,'Bischoff''s Rinodina Lichen');
INSERT INTO Task(TNumber,GNumber,PID,Name) VALUES (2193,1014,103002,'Pseudocryphaea Moss');
INSERT INTO Task(TNumber,GNumber,PID,Name) VALUES (2194,1022,103037,'Plains Greasebush');
INSERT INTO Task(TNumber,GNumber,PID,Name) VALUES (2195,1015,103045,'Bengal Coffee');
INSERT INTO Task(TNumber,GNumber,PID,Name) VALUES (2196,1018,103022,'Simpson''s Rosinweed');
INSERT INTO Task(TNumber,GNumber,PID,Name) VALUES (2197,1007,103038,'Lake County Dwarf-flax');
INSERT INTO Task(TNumber,GNumber,PID,Name) VALUES (2198,1005,103036,'Few-flower Fumitory');
INSERT INTO Task(TNumber,GNumber,PID,Name) VALUES (2199,1030,103003,'Hairystem Dwarf Rush');
INSERT INTO Task(TNumber,GNumber,PID,Name) VALUES (2200,1029,103025,'Bryoxiphium Moss');

INSERT INTO Model(MNumber,PID,ID,DateCreated) VALUES (3001,109064,100015,'2022-04-17');
INSERT INTO Model(MNumber,PID,ID,DateCreated) VALUES (3002,109098,100015,'2021-04-02');
INSERT INTO Model(MNumber,PID,ID,DateCreated) VALUES (3003,109023,100162,'2022-05-16');
INSERT INTO Model(MNumber,PID,ID,DateCreated) VALUES (3004,109045,100192,'2021-03-17');
INSERT INTO Model(MNumber,PID,ID,DateCreated) VALUES (3005,109092,100058,'2022-09-23');
INSERT INTO Model(MNumber,PID,ID,DateCreated) VALUES (3006,109014,100164,'2020-08-22');
INSERT INTO Model(MNumber,PID,ID,DateCreated) VALUES (3007,109029,100297,'2019-10-20');
INSERT INTO Model(MNumber,PID,ID,DateCreated) VALUES (3008,109043,100285,'2019-06-24');
INSERT INTO Model(MNumber,PID,ID,DateCreated) VALUES (3009,109056,100194,'2021-12-07');
INSERT INTO Model(MNumber,PID,ID,DateCreated) VALUES (3010,109092,100070,'2020-04-13');
INSERT INTO Model(MNumber,PID,ID,DateCreated) VALUES (3011,109005,100015,'2022-12-01');
INSERT INTO Model(MNumber,PID,ID,DateCreated) VALUES (3012,109027,100184,'2019-04-30');
INSERT INTO Model(MNumber,PID,ID,DateCreated) VALUES (3013,109075,100202,'2020-06-04');
INSERT INTO Model(MNumber,PID,ID,DateCreated) VALUES (3014,109029,100300,'2019-02-12');
INSERT INTO Model(MNumber,PID,ID,DateCreated) VALUES (3015,109099,100063,'2019-12-04');
INSERT INTO Model(MNumber,PID,ID,DateCreated) VALUES (3016,109038,100072,'2019-11-19');
INSERT INTO Model(MNumber,PID,ID,DateCreated) VALUES (3017,109092,100125,'2020-12-20');
INSERT INTO Model(MNumber,PID,ID,DateCreated) VALUES (3018,109058,100224,'2019-01-15');
INSERT INTO Model(MNumber,PID,ID,DateCreated) VALUES (3019,109014,100297,'2019-06-09');
INSERT INTO Model(MNumber,PID,ID,DateCreated) VALUES (3020,109003,100168,'2020-01-27');
INSERT INTO Model(MNumber,PID,ID,DateCreated) VALUES (3021,109091,100130,'2021-06-30');
INSERT INTO Model(MNumber,PID,ID,DateCreated) VALUES (3022,109031,100258,'2019-04-11');
INSERT INTO Model(MNumber,PID,ID,DateCreated) VALUES (3023,109033,100095,'2020-02-29');
INSERT INTO Model(MNumber,PID,ID,DateCreated) VALUES (3024,109051,100226,'2022-01-22');
INSERT INTO Model(MNumber,PID,ID,DateCreated) VALUES (3025,109067,100210,'2020-02-17');
INSERT INTO Model(MNumber,PID,ID,DateCreated) VALUES (3026,109051,100030,'2019-08-11');
INSERT INTO Model(MNumber,PID,ID,DateCreated) VALUES (3027,109028,100230,'2019-06-10');
INSERT INTO Model(MNumber,PID,ID,DateCreated) VALUES (3028,109045,100162,'2020-12-30');
INSERT INTO Model(MNumber,PID,ID,DateCreated) VALUES (3029,109044,100224,'2019-01-15');
INSERT INTO Model(MNumber,PID,ID,DateCreated) VALUES (3030,109059,100012,'2021-12-27');
INSERT INTO Model(MNumber,PID,ID,DateCreated) VALUES (3031,109019,100230,'2019-12-15');
INSERT INTO Model(MNumber,PID,ID,DateCreated) VALUES (3032,109043,100095,'2021-09-02');
INSERT INTO Model(MNumber,PID,ID,DateCreated) VALUES (3033,109034,100248,'2019-02-21');
INSERT INTO Model(MNumber,PID,ID,DateCreated) VALUES (3034,109049,100069,'2022-09-13');
INSERT INTO Model(MNumber,PID,ID,DateCreated) VALUES (3035,109029,100276,'2021-08-31');
INSERT INTO Model(MNumber,PID,ID,DateCreated) VALUES (3036,109043,100008,'2020-02-24');
INSERT INTO Model(MNumber,PID,ID,DateCreated) VALUES (3037,109044,100184,'2022-08-16');
INSERT INTO Model(MNumber,PID,ID,DateCreated) VALUES (3038,109093,100091,'2019-04-21');
INSERT INTO Model(MNumber,PID,ID,DateCreated) VALUES (3039,109025,100164,'2019-08-16');
INSERT INTO Model(MNumber,PID,ID,DateCreated) VALUES (3040,109049,100095,'2020-08-26');
INSERT INTO Model(MNumber,PID,ID,DateCreated) VALUES (3041,109019,100272,'2020-10-22');
INSERT INTO Model(MNumber,PID,ID,DateCreated) VALUES (3042,109099,100274,'2020-10-11');
INSERT INTO Model(MNumber,PID,ID,DateCreated) VALUES (3043,109086,100226,'2022-07-27');
INSERT INTO Model(MNumber,PID,ID,DateCreated) VALUES (3044,109011,100070,'2019-03-02');
INSERT INTO Model(MNumber,PID,ID,DateCreated) VALUES (3045,109041,100261,'2019-11-28');
INSERT INTO Model(MNumber,PID,ID,DateCreated) VALUES (3046,109095,100224,'2022-09-30');
INSERT INTO Model(MNumber,PID,ID,DateCreated) VALUES (3047,109059,100091,'2022-04-17');
INSERT INTO Model(MNumber,PID,ID,DateCreated) VALUES (3048,109032,100248,'2019-02-23');
INSERT INTO Model(MNumber,PID,ID,DateCreated) VALUES (3049,109002,100164,'2022-01-14');
INSERT INTO Model(MNumber,PID,ID,DateCreated) VALUES (3050,109081,100272,'2022-01-28');
INSERT INTO Model(MNumber,PID,ID,DateCreated) VALUES (3051,109085,100261,'2020-12-10');
INSERT INTO Model(MNumber,PID,ID,DateCreated) VALUES (3052,109040,100274,'2020-03-14');
INSERT INTO Model(MNumber,PID,ID,DateCreated) VALUES (3053,109019,100209,'2020-10-12');
INSERT INTO Model(MNumber,PID,ID,DateCreated) VALUES (3054,109043,100124,'2022-04-30');
INSERT INTO Model(MNumber,PID,ID,DateCreated) VALUES (3055,109098,100258,'2020-04-15');
INSERT INTO Model(MNumber,PID,ID,DateCreated) VALUES (3056,109043,100124,'2020-02-21');
INSERT INTO Model(MNumber,PID,ID,DateCreated) VALUES (3057,109020,100125,'2019-08-18');
INSERT INTO Model(MNumber,PID,ID,DateCreated) VALUES (3058,109034,100030,'2019-06-27');
INSERT INTO Model(MNumber,PID,ID,DateCreated) VALUES (3059,109061,100162,'2021-03-24');
INSERT INTO Model(MNumber,PID,ID,DateCreated) VALUES (3060,109082,100297,'2020-03-10');
INSERT INTO Model(MNumber,PID,ID,DateCreated) VALUES (3061,109019,100224,'2021-01-31');
INSERT INTO Model(MNumber,PID,ID,DateCreated) VALUES (3062,109064,100069,'2020-10-03');
INSERT INTO Model(MNumber,PID,ID,DateCreated) VALUES (3063,109013,100226,'2019-05-27');
INSERT INTO Model(MNumber,PID,ID,DateCreated) VALUES (3064,109008,100202,'2020-05-07');
INSERT INTO Model(MNumber,PID,ID,DateCreated) VALUES (3065,109004,100015,'2020-07-20');
INSERT INTO Model(MNumber,PID,ID,DateCreated) VALUES (3066,109001,100035,'2018-12-14');
INSERT INTO Model(MNumber,PID,ID,DateCreated) VALUES (3067,109018,100030,'2022-12-11');
INSERT INTO Model(MNumber,PID,ID,DateCreated) VALUES (3068,109056,100191,'2019-07-28');
INSERT INTO Model(MNumber,PID,ID,DateCreated) VALUES (3069,109047,100210,'2022-04-11');
INSERT INTO Model(MNumber,PID,ID,DateCreated) VALUES (3070,109011,100035,'2020-04-12');
INSERT INTO Model(MNumber,PID,ID,DateCreated) VALUES (3071,109075,100068,'2019-08-31');
INSERT INTO Model(MNumber,PID,ID,DateCreated) VALUES (3072,109053,100168,'2021-04-18');
INSERT INTO Model(MNumber,PID,ID,DateCreated) VALUES (3073,109050,100224,'2020-02-23');
INSERT INTO Model(MNumber,PID,ID,DateCreated) VALUES (3074,109008,100274,'2018-12-17');
INSERT INTO Model(MNumber,PID,ID,DateCreated) VALUES (3075,109009,100276,'2022-11-09');
INSERT INTO Model(MNumber,PID,ID,DateCreated) VALUES (3076,109016,100068,'2020-05-02');
INSERT INTO Model(MNumber,PID,ID,DateCreated) VALUES (3077,109004,100095,'2019-10-08');
INSERT INTO Model(MNumber,PID,ID,DateCreated) VALUES (3078,109082,100105,'2019-10-07');
INSERT INTO Model(MNumber,PID,ID,DateCreated) VALUES (3079,109077,100063,'2019-07-30');
INSERT INTO Model(MNumber,PID,ID,DateCreated) VALUES (3080,109076,100050,'2021-04-13');
INSERT INTO Model(MNumber,PID,ID,DateCreated) VALUES (3081,109035,100015,'2022-08-03');
INSERT INTO Model(MNumber,PID,ID,DateCreated) VALUES (3082,109056,100070,'2022-02-18');
INSERT INTO Model(MNumber,PID,ID,DateCreated) VALUES (3083,109074,100015,'2021-11-22');
INSERT INTO Model(MNumber,PID,ID,DateCreated) VALUES (3084,109041,100035,'2021-09-12');
INSERT INTO Model(MNumber,PID,ID,DateCreated) VALUES (3085,109099,100192,'2021-01-01');
INSERT INTO Model(MNumber,PID,ID,DateCreated) VALUES (3086,109042,100202,'2022-05-13');
INSERT INTO Model(MNumber,PID,ID,DateCreated) VALUES (3087,109001,100209,'2021-04-08');
INSERT INTO Model(MNumber,PID,ID,DateCreated) VALUES (3088,109043,100103,'2022-07-09');
INSERT INTO Model(MNumber,PID,ID,DateCreated) VALUES (3089,109061,100072,'2020-03-17');
INSERT INTO Model(MNumber,PID,ID,DateCreated) VALUES (3090,109036,100258,'2019-03-29');
INSERT INTO Model(MNumber,PID,ID,DateCreated) VALUES (3091,109092,100058,'2021-08-20');
INSERT INTO Model(MNumber,PID,ID,DateCreated) VALUES (3092,109079,100297,'2022-11-03');
INSERT INTO Model(MNumber,PID,ID,DateCreated) VALUES (3093,109002,100030,'2021-04-09');
INSERT INTO Model(MNumber,PID,ID,DateCreated) VALUES (3094,109070,100124,'2019-01-22');
INSERT INTO Model(MNumber,PID,ID,DateCreated) VALUES (3095,109062,100230,'2020-07-25');
INSERT INTO Model(MNumber,PID,ID,DateCreated) VALUES (3096,109068,100192,'2022-11-30');
INSERT INTO Model(MNumber,PID,ID,DateCreated) VALUES (3097,109027,100272,'2021-02-17');
INSERT INTO Model(MNumber,PID,ID,DateCreated) VALUES (3098,109028,100300,'2022-02-03');
INSERT INTO Model(MNumber,PID,ID,DateCreated) VALUES (3099,109001,100057,'2021-09-08');
INSERT INTO Model(MNumber,PID,ID,DateCreated) VALUES (3100,109039,100008,'2021-04-01');

INSERT INTO Comments(NID,AComment) VALUES (108110,'Morbi vestibulum, velit id pretium iaculis, diam erat fermentum justo, nec condimentum neque sapien placerat ante. Nulla justo. Aliquam quis turpis eget elit sodales scelerisque.');
INSERT INTO Comments(NID,AComment) VALUES (108185,'Nullam orci pede, venenatis non, sodales sed, tincidunt eu, felis. Fusce posuere felis sed lacus. Morbi sem mauris, laoreet ut, rhoncus aliquet, pulvinar sed, nisl.');
INSERT INTO Comments(NID,AComment) VALUES (108078,'Nulla ut erat id mauris vulputate elementum.');
INSERT INTO Comments(NID,AComment) VALUES (108209,'Proin at turpis a pede posuere nonummy. Integer non velit. Donec diam neque, vestibulum eget, vulputate ut, ultrices vel, augue.');
INSERT INTO Comments(NID,AComment) VALUES (108002,'Cras pellentesque volutpat dui.');
INSERT INTO Comments(NID,AComment) VALUES (108027,'Vestibulum sed magna at nunc commodo placerat. Praesent blandit.');
INSERT INTO Comments(NID,AComment) VALUES (108046,'Fusce consequat. Nulla nisl.');
INSERT INTO Comments(NID,AComment) VALUES (108195,'Ut at dolor quis odio consequat varius. Integer ac leo.');
INSERT INTO Comments(NID,AComment) VALUES (108280,'In blandit ultrices enim.');
INSERT INTO Comments(NID,AComment) VALUES (108121,'Donec dapibus.');
INSERT INTO Comments(NID,AComment) VALUES (108201,'Suspendisse potenti. Cras in purus eu magna vulputate luctus. Cum sociis natoque penatibus et magnis dis parturient montes, nascetur ridiculus mus.');
INSERT INTO Comments(NID,AComment) VALUES (108094,'Vivamus vel nulla eget eros elementum pellentesque. Quisque porta volutpat erat. Quisque erat eros, viverra eget, congue eget, semper rutrum, nulla.');
INSERT INTO Comments(NID,AComment) VALUES (108167,'Duis bibendum, felis sed interdum venenatis, turpis enim blandit mi, in porttitor pede justo eu massa. Donec dapibus. Duis at velit eu est congue elementum.');
INSERT INTO Comments(NID,AComment) VALUES (108078,'Suspendisse ornare consequat lectus.');
INSERT INTO Comments(NID,AComment) VALUES (108236,'Pellentesque ultrices mattis odio. Donec vitae nisi.');
INSERT INTO Comments(NID,AComment) VALUES (108126,'Pellentesque ultrices mattis odio. Donec vitae nisi. Nam ultrices, libero non mattis pulvinar, nulla pede ullamcorper augue, a suscipit nulla elit ac nulla.');
INSERT INTO Comments(NID,AComment) VALUES (108078,'Aliquam sit amet diam in magna bibendum imperdiet. Nullam orci pede, venenatis non, sodales sed, tincidunt eu, felis.');
INSERT INTO Comments(NID,AComment) VALUES (108239,'Donec semper sapien a libero.');
INSERT INTO Comments(NID,AComment) VALUES (108016,'Vestibulum quam sapien, varius ut, blandit non, interdum in, ante.');
INSERT INTO Comments(NID,AComment) VALUES (108140,'In tempor, turpis nec euismod scelerisque, quam turpis adipiscing lorem, vitae mattis nibh ligula nec sem.');
INSERT INTO Comments(NID,AComment) VALUES (108095,'Morbi vestibulum, velit id pretium iaculis, diam erat fermentum justo, nec condimentum neque sapien placerat ante.');
INSERT INTO Comments(NID,AComment) VALUES (108271,'Vestibulum ante ipsum primis in faucibus orci luctus et ultrices posuere cubilia Curae; Duis faucibus accumsan odio. Curabitur convallis. Duis consequat dui nec nisi volutpat eleifend.');
INSERT INTO Comments(NID,AComment) VALUES (108291,'Nulla ut erat id mauris vulputate elementum. Nullam varius.');
INSERT INTO Comments(NID,AComment) VALUES (108207,'Morbi ut odio. Cras mi pede, malesuada in, imperdiet et, commodo vulputate, justo. In blandit ultrices enim.');
INSERT INTO Comments(NID,AComment) VALUES (108033,'Morbi ut odio. Cras mi pede, malesuada in, imperdiet et, commodo vulputate, justo. In blandit ultrices enim.');
INSERT INTO Comments(NID,AComment) VALUES (108008,'Curabitur in libero ut massa volutpat convallis.');
INSERT INTO Comments(NID,AComment) VALUES (108023,'Pellentesque at nulla.');
INSERT INTO Comments(NID,AComment) VALUES (108086,'Nunc nisl. Duis bibendum, felis sed interdum venenatis, turpis enim blandit mi, in porttitor pede justo eu massa. Donec dapibus.');
INSERT INTO Comments(NID,AComment) VALUES (108180,'In est risus, auctor sed, tristique in, tempus sit amet, sem.');
INSERT INTO Comments(NID,AComment) VALUES (108141,'Nunc nisl. Duis bibendum, felis sed interdum venenatis, turpis enim blandit mi, in porttitor pede justo eu massa. Donec dapibus.');
INSERT INTO Comments(NID,AComment) VALUES (108058,'Nullam varius. Nulla facilisi.');
INSERT INTO Comments(NID,AComment) VALUES (108149,'Cras non velit nec nisi vulputate nonummy. Maecenas tincidunt lacus at velit.');
INSERT INTO Comments(NID,AComment) VALUES (108041,'Donec diam neque, vestibulum e, augue. bilia Curae; Donec pharetra, magna vestibulum aliquet ultrices, erat tortor sollicitudin mi, sit amet lobortis sapien sapien non mi.');
INSERT INTO Comments(NID,AComment) VALUES (108076,'Aliquam augue quam, sollicitudin vitae, consectetuer eget, rutrum at, lorem. Integer tincidunt ante vel ipsum. Praesent blandit lacinia erat.');
INSERT INTO Comments(NID,AComment) VALUES (108246,'Pellentesque eget nunc.');
INSERT INTO Comments(NID,AComment) VALUES (108168,'Nullam sit amet turpis elementum ligula vehicula consequat. Morbi a ipsum.');
INSERT INTO Comments(NID,AComment) VALUES (108264,'Mauris enim leo, rhoncus sed, vestibulum sit amet, cursus id, turpis.');
INSERT INTO Comments(NID,AComment) VALUES (108229,'Nunc nisl. Duis bibendum, felis sed interdum venenatis, turpis enim blandit mi, in porttitor pede justo eu massa.');
INSERT INTO Comments(NID,AComment) VALUES (108068,'Duis mattis egestas metus. Aenean fermentum. Donec ut mauris eget massa tempor convallis.');
INSERT INTO Comments(NID,AComment) VALUES (108009,'Cum sociis natoque penatibus et magnis dis parturient montes, nascetur ridiculus mus. Vivamus vestibulum sagittis sapien.');
INSERT INTO Comments(NID,AComment) VALUES (108039,'Quisque ut erat. Curabitur gravida nisi at nibh.');
INSERT INTO Comments(NID,AComment) VALUES (108069,'Sed ante. Vivamus tortor. Duis mattis egestas metus.');
INSERT INTO Comments(NID,AComment) VALUES (108151,'Duis bibendum, felis sed interdum venenatis, turpis enim blandit mi, in porttitor pede justo eu massa. Donec dapibus.');
INSERT INTO Comments(NID,AComment) VALUES (108065,'Curabitur in libero ut massa volutpat convallis. Morbi odio odio, elementum eu, interdum eu, tincidunt in, leo.');
INSERT INTO Comments(NID,AComment) VALUES (108299,'Morbi vel lectus in quam fringilla rhoncus.');
INSERT INTO Comments(NID,AComment) VALUES (108220,'Etiam pretium iaculis justo. In hac habitasse platea dictumst.');
INSERT INTO Comments(NID,AComment) VALUES (108132,'Integer pede justo, lacinia eget, tincidunt eget, tempus vel, pede. Morbi porttitor lorem id ligula. Suspendisse ornare consequat lectus.');
INSERT INTO Comments(NID,AComment) VALUES (108081,'Sed sagittis. Nam congue, risus semper porta volutpat, quam pede lobortis ligula, sit amet eleifend pede libero quis orci. Nullam molestie nibh in lectus.');
INSERT INTO Comments(NID,AComment) VALUES (108147,'Vestibulum ante ipsum primis in faucibus orci luctus et ultrices posuere cubilia Curae; Mauris viverra diam vitae quam. Suspendisse potenti. Nullam porttitor lacus at turpis.');
INSERT INTO Comments(NID,AComment) VALUES (108014,'In hac habitasse platea dictumst. Aliquam augue quam, sollicitudin vitae, consectetuer eget, rutrum at, lorem. Integer tincidunt ante vel ipsum.');
INSERT INTO Comments(NID,AComment) VALUES (108189,'Duis bibendum. Morbi non quam nec dui luctus rutrum.');
INSERT INTO Comments(NID,AComment) VALUES (108277,'Suspendisse accumsan tortor quis turpis. Sed ante. Vivamus tortor.');
INSERT INTO Comments(NID,AComment) VALUES (108054,'Curabitur gravida nisi at nibh. In hac habitasse platea dictumst. Aliquam augue quam, sollicitudin vitae, consectetuer eget, rutrum at, lorem.');
INSERT INTO Comments(NID,AComment) VALUES (108077,'Vestibulum ac est lacinia nisi venenatis tristique. Fusce congue, diam id ornare imperdiet, sapien urna pretium nisl, ut volutpat sapien arcu sed augue. Aliquam erat volutpat.');
INSERT INTO Comments(NID,AComment) VALUES (108121,'Aenean lectus. Pellentesque eget nunc.');
INSERT INTO Comments(NID,AComment) VALUES (108143,'Nam ultrices, libero non mattis pulvinar, nulla pede ullamcorper augue, a suscipit nulla elit ac nulla. Sed vel enim sit amet nunc viverra dapibus. Nulla suscipit ligula in lacus.');
INSERT INTO Comments(NID,AComment) VALUES (108155,'Phasellus id sapien in sapien iaculis congue. Vivamus metus arcu, adipiscing molestie, hendrerit at, vulputate vitae, nisl. Aenean lectus.');
INSERT INTO Comments(NID,AComment) VALUES (108104,'Donec vitae nisi. Nam ultrices, libero non mattis pulvinar, nulla pede ullamcorper augue, a suscipit nulla elit ac nulla.');
INSERT INTO Comments(NID,AComment) VALUES (108050,'Proin eu mi. Nulla ac enim.');
INSERT INTO Comments(NID,AComment) VALUES (108134,'Praesent id massa id nisl venenatis lacinia. Aenean sit amet justo. Morbi ut odio.');
INSERT INTO Comments(NID,AComment) VALUES (108138,'Integer non velit. Donec diam neum ante ipsum primis in faucibus orci luctus et ultrm aliquet ultrices, erat tortor sollicitudin mi, sit amet lobortis sapien sapien non mi.');
INSERT INTO Comments(NID,AComment) VALUES (108110,'Nullam sit amet turpis elementum ligula vehicula consequat.');
INSERT INTO Comments(NID,AComment) VALUES (108284,'Maecenas tristique, est et tempus semper, est quam pharetra magna, ac consequat metus sapien ut nunc.');
INSERT INTO Comments(NID,AComment) VALUES (108028,'Integer ac neque.');
INSERT INTO Comments(NID,AComment) VALUES (108289,'Pellentesque at nulla. Suspendisse potenti.');
INSERT INTO Comments(NID,AComment) VALUES (108045,'Praesent blandit lacinia erat. Vestibulum sed magna at nunc commodo placerat.');
INSERT INTO Comments(NID,AComment) VALUES (108061,'Quisque arcu libero, rutrum ac, lobortis vel, dapibus at, diam.');
INSERT INTO Comments(NID,AComment) VALUES (108268,'Nulla justo. Aliquam quis turpis eget elit sodales scelerisque. Mauris sit amet eros.');
INSERT INTO Comments(NID,AComment) VALUES (108147,'Curabitur in libero ut massa volutpat convallis. Morbi odio odio, elementum eu, interdum eu, tincidunt in, leo. Maecenas pulvinar lobortis est.');
INSERT INTO Comments(NID,AComment) VALUES (108187,'Sed vel enim sit amet nunc viverra dapibus. Nulla suscipit ligula in lacus. Curabitur at ipsum ac tellus semper interdum.');
INSERT INTO Comments(NID,AComment) VALUES (108291,'Cum sociis natoque penatibus et magnis dis parturient montes, nascetur ridiculus mus. Etiam vel augue.');
INSERT INTO Comments(NID,AComment) VALUES (108221,'Nulla ut erat id mauris vulputate elementum. Nullam varius. Nulla facilisi.');
INSERT INTO Comments(NID,AComment) VALUES (108086,'Maecenas tristique, est et tempus semper, est quam pharetra magna, ac consequat metus sapien ut nunc. Vestibulum ante ipsum Mauris viverra diam vitae quam. Suspendisse potenti.');
INSERT INTO Comments(NID,AComment) VALUES (108138,'Nam ultrices, libero non mattis pulvinar, nulla pede ullamcorper augue, a suscipit nulla elit ac nulla.');
INSERT INTO Comments(NID,AComment) VALUES (108244,'Aliquam sit amet diam in magna bibendum imperdiet. Nullam orci pede, venenatis non, sodales sed, tincidunt eu, felis.');
INSERT INTO Comments(NID,AComment) VALUES (108132,'Cum sociis natoque penatibus et magnis dis parturient montes, nascetur ridiculus mus. Vivamus vestibulum sagittis sapien. Cum sociis nas parturient montes, nascetur ridiculus mus.');
INSERT INTO Comments(NID,AComment) VALUES (108274,'Nam nulla. Integer pede justo, lacinia eget, tincidunt eget, tempus vel, pede. Morbi porttitor lorem id ligula.');
INSERT INTO Comments(NID,AComment) VALUES (108088,'In eleifend quam a odio.');
INSERT INTO Comments(NID,AComment) VALUES (108144,'Nunc rhoncus dui vel sem. Sed sagittis. Nam congue, risus semper porta volutpat, quam pede lobortis ligula, sit amet eleifend pede libero quis orci.');
INSERT INTO Comments(NID,AComment) VALUES (108036,'Quisque erat eros, viverra eget, congue eget, semper rutrum, nulla.');
INSERT INTO Comments(NID,AComment) VALUES (108180,'In blandit ultrices enim. Lorem ipsum dolor sit amet, consectetuer adipiscing elit. Proin interdum mauris non ligula pellentesque ultrices.');
INSERT INTO Comments(NID,AComment) VALUES (108115,'Nulla mollis molestie lorem. Quisque ut erat.');
INSERT INTO Comments(NID,AComment) VALUES (108274,'Duis ac nibh. Fusce lacus purus, aliquet at, feugiat non, pretium quis, lectus. Suspendisse potenti.');
INSERT INTO Comments(NID,AComment) VALUES (108237,'Nullam porttitor lacus at turpis. Donec posuere metus vitae ipsum.');
INSERT INTO Comments(NID,AComment) VALUES (108230,'Curabitur convallis. Duis consequat dui nec nisi volutpat eleifend. Donec ut dolor.');
INSERT INTO Comments(NID,AComment) VALUES (108093,'Etiam faucibus cursus urna.');
INSERT INTO Comments(NID,AComment) VALUES (108087,'Fusce lacus purus, aliquet at, feugiat non, pretium quis, lectus.');
INSERT INTO Comments(NID,AComment) VALUES (108185,'Nulla nisl.');
INSERT INTO Comments(NID,AComment) VALUES (108190,'Quisque ut erat. Curabitur gravida nisi at nibh.');
INSERT INTO Comments(NID,AComment) VALUES (108233,'Donec posuere metus vitae ipsum. Aliquam non mauris.');
INSERT INTO Comments(NID,AComment) VALUES (108170,'Aliquam augue quam, sollicitudin vitae, consectetuer eget, rutrum at, lorem. Integer tincidunt ante vel ipsum.');
INSERT INTO Comments(NID,AComment) VALUES (108203,'Aliquam sit amet diam in magna bibendum imperdiet. Nullam orci pede, venenatis non, sodales sed, tincidunt eu, felis. Fusce posuere felis sed lacus.');
INSERT INTO Comments(NID,AComment) VALUES (108031,'Nulla ut erat id mauris vulputate elementum. Nullam varius. Nulla facilisi.');
INSERT INTO Comments(NID,AComment) VALUES (108022,'Proin leo odio, porttitor id, consequat in, consequat ut, nulla. Sed accumsan felis.');
INSERT INTO Comments(NID,AComment) VALUES (108174,'Donec posuere metus vitae ipsum.');
INSERT INTO Comments(NID,AComment) VALUES (108079,'Phasellus id sapien in sapien iaculis congue. Vivamus metus arcu, adipiscing molestie, hendrerit at, vulputate vitae, nisl.');
INSERT INTO Comments(NID,AComment) VALUES (108299,'Aenean auctor gravida sem. Praesent id massa id nisl venenatis lacinia.');
INSERT INTO Comments(NID,AComment) VALUES (108170,'Mauris ullamcorper purus sit amet nulla. Quisque arcu libero, rutrum ac, lobortis vel, dapibus at, diam. Nam tristique tortor eu pede.');
INSERT INTO Comments(NID,AComment) VALUES (108238,'Morbi a ipsum. Integer a nibh.');
INSERT INTO Comments(NID,AComment) VALUES (108042,'Cras pellentesque volutpat dui.');

INSERT INTO Joins(ID,GNumber,PID) VALUES (100189,1008,103017);
INSERT INTO Joins(ID,GNumber,PID) VALUES (100294,1006,103027);
INSERT INTO Joins(ID,GNumber,PID) VALUES (100007,1004,103026);
INSERT INTO Joins(ID,GNumber,PID) VALUES (100126,1014,103002);
INSERT INTO Joins(ID,GNumber,PID) VALUES (100218,1001,103047);
INSERT INTO Joins(ID,GNumber,PID) VALUES (100151,1022,103037);
INSERT INTO Joins(ID,GNumber,PID) VALUES (100286,1019,103031);
INSERT INTO Joins(ID,GNumber,PID) VALUES (100199,1018,103022);
INSERT INTO Joins(ID,GNumber,PID) VALUES (100169,1001,103047);
INSERT INTO Joins(ID,GNumber,PID) VALUES (100219,1029,103025);
INSERT INTO Joins(ID,GNumber,PID) VALUES (100263,1018,103022);
INSERT INTO Joins(ID,GNumber,PID) VALUES (100177,1012,103060);
INSERT INTO Joins(ID,GNumber,PID) VALUES (100195,1006,103027);
INSERT INTO Joins(ID,GNumber,PID) VALUES (100250,1020,103023);
INSERT INTO Joins(ID,GNumber,PID) VALUES (100094,1017,103034);
INSERT INTO Joins(ID,GNumber,PID) VALUES (100277,1002,103052);
INSERT INTO Joins(ID,GNumber,PID) VALUES (100111,1011,103043);
INSERT INTO Joins(ID,GNumber,PID) VALUES (100255,1010,103024);
INSERT INTO Joins(ID,GNumber,PID) VALUES (100129,1006,103027);
INSERT INTO Joins(ID,GNumber,PID) VALUES (100195,1026,103048);
INSERT INTO Joins(ID,GNumber,PID) VALUES (100285,1002,103052);
INSERT INTO Joins(ID,GNumber,PID) VALUES (100007,1030,103003);
INSERT INTO Joins(ID,GNumber,PID) VALUES (100040,1017,103034);
INSERT INTO Joins(ID,GNumber,PID) VALUES (100296,1023,103060);
INSERT INTO Joins(ID,GNumber,PID) VALUES (100219,1015,103045);
INSERT INTO Joins(ID,GNumber,PID) VALUES (100244,1029,103025);
INSERT INTO Joins(ID,GNumber,PID) VALUES (100092,1005,103036);
INSERT INTO Joins(ID,GNumber,PID) VALUES (100157,1014,103002);
INSERT INTO Joins(ID,GNumber,PID) VALUES (100268,1006,103027);
INSERT INTO Joins(ID,GNumber,PID) VALUES (100065,1012,103060);
INSERT INTO Joins(ID,GNumber,PID) VALUES (100229,1015,103045);
INSERT INTO Joins(ID,GNumber,PID) VALUES (100145,1016,103046);
INSERT INTO Joins(ID,GNumber,PID) VALUES (100258,1020,103023);
INSERT INTO Joins(ID,GNumber,PID) VALUES (100269,1014,103002);
INSERT INTO Joins(ID,GNumber,PID) VALUES (100054,1029,103025);
INSERT INTO Joins(ID,GNumber,PID) VALUES (100245,1006,103027);
INSERT INTO Joins(ID,GNumber,PID) VALUES (100259,1014,103002);
INSERT INTO Joins(ID,GNumber,PID) VALUES (100005,1020,103023);
INSERT INTO Joins(ID,GNumber,PID) VALUES (100099,1005,103036);
INSERT INTO Joins(ID,GNumber,PID) VALUES (100183,1022,103037);
INSERT INTO Joins(ID,GNumber,PID) VALUES (100252,1023,103060);
INSERT INTO Joins(ID,GNumber,PID) VALUES (100104,1022,103037);
INSERT INTO Joins(ID,GNumber,PID) VALUES (100068,1002,103052);
INSERT INTO Joins(ID,GNumber,PID) VALUES (100071,1029,103025);
INSERT INTO Joins(ID,GNumber,PID) VALUES (100281,1004,103026);
INSERT INTO Joins(ID,GNumber,PID) VALUES (100268,1001,103047);
INSERT INTO Joins(ID,GNumber,PID) VALUES (100093,1006,103027);
INSERT INTO Joins(ID,GNumber,PID) VALUES (100121,1024,103031);
INSERT INTO Joins(ID,GNumber,PID) VALUES (100039,1027,103049);
INSERT INTO Joins(ID,GNumber,PID) VALUES (100248,1010,103024);
INSERT INTO Joins(ID,GNumber,PID) VALUES (100285,1014,103002);
INSERT INTO Joins(ID,GNumber,PID) VALUES (100002,1022,103037);
INSERT INTO Joins(ID,GNumber,PID) VALUES (100141,1026,103048);
INSERT INTO Joins(ID,GNumber,PID) VALUES (100220,1030,103003);
INSERT INTO Joins(ID,GNumber,PID) VALUES (100246,1003,103005);
INSERT INTO Joins(ID,GNumber,PID) VALUES (100176,1013,103039);
INSERT INTO Joins(ID,GNumber,PID) VALUES (100166,1029,103025);
INSERT INTO Joins(ID,GNumber,PID) VALUES (100299,1006,103027);
INSERT INTO Joins(ID,GNumber,PID) VALUES (100114,1023,103060);
INSERT INTO Joins(ID,GNumber,PID) VALUES (100089,1008,103017);
INSERT INTO Joins(ID,GNumber,PID) VALUES (100098,1014,103002);
INSERT INTO Joins(ID,GNumber,PID) VALUES (100023,1024,103031);
INSERT INTO Joins(ID,GNumber,PID) VALUES (100019,1008,103017);
INSERT INTO Joins(ID,GNumber,PID) VALUES (100212,1019,103031);
INSERT INTO Joins(ID,GNumber,PID) VALUES (100170,1026,103048);
INSERT INTO Joins(ID,GNumber,PID) VALUES (100103,1010,103024);
INSERT INTO Joins(ID,GNumber,PID) VALUES (100133,1021,103015);
INSERT INTO Joins(ID,GNumber,PID) VALUES (100115,1026,103048);
INSERT INTO Joins(ID,GNumber,PID) VALUES (100183,1007,103038);
INSERT INTO Joins(ID,GNumber,PID) VALUES (100281,1022,103037);
INSERT INTO Joins(ID,GNumber,PID) VALUES (100112,1019,103031);
INSERT INTO Joins(ID,GNumber,PID) VALUES (100281,1003,103005);
INSERT INTO Joins(ID,GNumber,PID) VALUES (100010,1008,103017);
INSERT INTO Joins(ID,GNumber,PID) VALUES (100050,1029,103025);
INSERT INTO Joins(ID,GNumber,PID) VALUES (100091,1025,103008);
INSERT INTO Joins(ID,GNumber,PID) VALUES (100086,1002,103052);
INSERT INTO Joins(ID,GNumber,PID) VALUES (100254,1006,103027);
INSERT INTO Joins(ID,GNumber,PID) VALUES (100031,1030,103003);
INSERT INTO Joins(ID,GNumber,PID) VALUES (100138,1011,103043);
INSERT INTO Joins(ID,GNumber,PID) VALUES (100144,1013,103039);
INSERT INTO Joins(ID,GNumber,PID) VALUES (100186,1023,103060);
INSERT INTO Joins(ID,GNumber,PID) VALUES (100132,1030,103003);
INSERT INTO Joins(ID,GNumber,PID) VALUES (100038,1019,103031);
INSERT INTO Joins(ID,GNumber,PID) VALUES (100145,1007,103038);
INSERT INTO Joins(ID,GNumber,PID) VALUES (100226,1017,103034);
INSERT INTO Joins(ID,GNumber,PID) VALUES (100082,1007,103038);
INSERT INTO Joins(ID,GNumber,PID) VALUES (100101,1030,103003);
INSERT INTO Joins(ID,GNumber,PID) VALUES (100219,1026,103048);
INSERT INTO Joins(ID,GNumber,PID) VALUES (100107,1024,103031);
-- INSERT INTO Joins(ID,GNumber,PID) VALUES (100007,1004,103026);
INSERT INTO Joins(ID,GNumber,PID) VALUES (100242,1025,103008);
INSERT INTO Joins(ID,GNumber,PID) VALUES (100081,1017,103034);
INSERT INTO Joins(ID,GNumber,PID) VALUES (100082,1005,103036);
INSERT INTO Joins(ID,GNumber,PID) VALUES (100227,1012,103060);
INSERT INTO Joins(ID,GNumber,PID) VALUES (100235,1002,103052);
INSERT INTO Joins(ID,GNumber,PID) VALUES (100219,1012,103060);
-- INSERT INTO Joins(ID,GNumber,PID) VALUES (100242,1025,103008);
INSERT INTO Joins(ID,GNumber,PID) VALUES (100203,1026,103048);
INSERT INTO Joins(ID,GNumber,PID) VALUES (100218,1027,103049);

INSERT INTO Produces(ProductID,EquipmentID,ProcessID,Status,Date,Hour) VALUES (109046,107072,106036,'Failure','2020-11-10','2020-04-18 05:44:44');
INSERT INTO Produces(ProductID,EquipmentID,ProcessID,Status,Date,Hour) VALUES (109010,107008,106003,'Success','2022-01-22','2020-03-15 12:44:47');
INSERT INTO Produces(ProductID,EquipmentID,ProcessID,Status,Date,Hour) VALUES (109071,107139,106029,'Undefined','2021-08-22','2022-08-12 11:54:29');
INSERT INTO Produces(ProductID,EquipmentID,ProcessID,Status,Date,Hour) VALUES (109066,107043,106141,'Failure','2019-12-24','2020-04-03 09:17:44');
INSERT INTO Produces(ProductID,EquipmentID,ProcessID,Status,Date,Hour) VALUES (109060,107059,106188,'Failure','2020-07-26','2022-08-05 09:06:07');
INSERT INTO Produces(ProductID,EquipmentID,ProcessID,Status,Date,Hour) VALUES (109044,107144,106060,'Success','2020-05-18','2019-05-21 17:40:00');
INSERT INTO Produces(ProductID,EquipmentID,ProcessID,Status,Date,Hour) VALUES (109060,107191,106037,'Success','2022-12-06','2020-09-30 09:44:33');
INSERT INTO Produces(ProductID,EquipmentID,ProcessID,Status,Date,Hour) VALUES (109047,107121,106108,'Success','2021-08-10','2018-12-17 21:58:02');
INSERT INTO Produces(ProductID,EquipmentID,ProcessID,Status,Date,Hour) VALUES (109081,107021,106184,'Undefined','2022-07-09','2019-03-16 12:55:25');
INSERT INTO Produces(ProductID,EquipmentID,ProcessID,Status,Date,Hour) VALUES (109074,107037,106168,'Undefined','2020-04-23','2019-05-07 22:40:10');
INSERT INTO Produces(ProductID,EquipmentID,ProcessID,Status,Date,Hour) VALUES (109045,107022,106029,'Failure','2021-09-16','2019-09-15 11:23:24');
INSERT INTO Produces(ProductID,EquipmentID,ProcessID,Status,Date,Hour) VALUES (109007,107047,106060,'Undefined','2021-10-28','2020-03-31 19:59:41');
INSERT INTO Produces(ProductID,EquipmentID,ProcessID,Status,Date,Hour) VALUES (109003,107135,106094,'Failure','2019-02-11','2021-09-10 09:03:16');
INSERT INTO Produces(ProductID,EquipmentID,ProcessID,Status,Date,Hour) VALUES (109058,107071,106081,'Undefined','2020-04-29','2019-08-02 09:34:26');
INSERT INTO Produces(ProductID,EquipmentID,ProcessID,Status,Date,Hour) VALUES (109006,107096,106025,'Failure','2022-01-01','2019-12-09 10:23:51');
INSERT INTO Produces(ProductID,EquipmentID,ProcessID,Status,Date,Hour) VALUES (109017,107102,106094,'Failure','2019-09-16','2019-05-25 09:06:03');
INSERT INTO Produces(ProductID,EquipmentID,ProcessID,Status,Date,Hour) VALUES (109083,107198,106124,'Undefined','2018-12-26','2021-07-21 12:19:55');
INSERT INTO Produces(ProductID,EquipmentID,ProcessID,Status,Date,Hour) VALUES (109064,107093,106152,'Failure','2021-03-17','2022-04-07 15:09:09');
INSERT INTO Produces(ProductID,EquipmentID,ProcessID,Status,Date,Hour) VALUES (109022,107009,106198,'Success','2020-02-19','2020-05-14 21:49:06');
INSERT INTO Produces(ProductID,EquipmentID,ProcessID,Status,Date,Hour) VALUES (109050,107104,106117,'Success','2021-01-28','2022-01-08 09:04:23');
INSERT INTO Produces(ProductID,EquipmentID,ProcessID,Status,Date,Hour) VALUES (109023,107098,106068,'Success','2019-06-20','2021-08-31 12:16:34');
INSERT INTO Produces(ProductID,EquipmentID,ProcessID,Status,Date,Hour) VALUES (109070,107137,106115,'Failure','2020-06-09','2021-02-22 14:33:41');
INSERT INTO Produces(ProductID,EquipmentID,ProcessID,Status,Date,Hour) VALUES (109021,107042,106087,'Failure','2022-10-12','2020-07-10 09:46:11');
INSERT INTO Produces(ProductID,EquipmentID,ProcessID,Status,Date,Hour) VALUES (109090,107049,106164,'Failure','2021-07-29','2022-03-08 09:14:05');
INSERT INTO Produces(ProductID,EquipmentID,ProcessID,Status,Date,Hour) VALUES (109092,107189,106141,'Undefined','2021-02-08','2020-03-23 09:16:25');
INSERT INTO Produces(ProductID,EquipmentID,ProcessID,Status,Date,Hour) VALUES (109063,107085,106035,'Failure','2019-08-29','2022-04-29 14:54:53');
INSERT INTO Produces(ProductID,EquipmentID,ProcessID,Status,Date,Hour) VALUES (109006,107184,106023,'Undefined','2021-08-26','2022-01-22 09:35:38');
INSERT INTO Produces(ProductID,EquipmentID,ProcessID,Status,Date,Hour) VALUES (109021,107180,106185,'Undefined','2022-08-03','2021-06-02 17:29:40');
INSERT INTO Produces(ProductID,EquipmentID,ProcessID,Status,Date,Hour) VALUES (109011,107058,106076,'Success','2021-10-01','2019-09-28 09:33:15');
INSERT INTO Produces(ProductID,EquipmentID,ProcessID,Status,Date,Hour) VALUES (109094,107084,106094,'Undefined','2022-08-20','2020-03-27 21:06:56');
INSERT INTO Produces(ProductID,EquipmentID,ProcessID,Status,Date,Hour) VALUES (109029,107080,106140,'Failure','2019-01-06','2019-04-25 09:06:08');
INSERT INTO Produces(ProductID,EquipmentID,ProcessID,Status,Date,Hour) VALUES (109019,107118,106135,'Success','2019-02-12','2021-12-05 18:22:26');
INSERT INTO Produces(ProductID,EquipmentID,ProcessID,Status,Date,Hour) VALUES (109093,107149,106200,'Success','2022-02-17','2021-01-09 14:29:43');
INSERT INTO Produces(ProductID,EquipmentID,ProcessID,Status,Date,Hour) VALUES (109020,107010,106030,'Failure','2021-05-05','2019-02-21 18:26:37');
INSERT INTO Produces(ProductID,EquipmentID,ProcessID,Status,Date,Hour) VALUES (109076,107027,106118,'Failure','2019-03-20','2021-03-30 18:36:07');
INSERT INTO Produces(ProductID,EquipmentID,ProcessID,Status,Date,Hour) VALUES (109081,107183,106114,'Failure','2021-11-27','2020-03-12 09:03:58');
INSERT INTO Produces(ProductID,EquipmentID,ProcessID,Status,Date,Hour) VALUES (109086,107004,106143,'Failure','2020-05-05','2021-08-26 10:52:13');
INSERT INTO Produces(ProductID,EquipmentID,ProcessID,Status,Date,Hour) VALUES (109019,107099,106087,'Failure','2021-03-22','2018-12-22 22:27:32');
INSERT INTO Produces(ProductID,EquipmentID,ProcessID,Status,Date,Hour) VALUES (109009,107009,106111,'Undefined','2020-10-31','2022-06-10 09:13:19');
INSERT INTO Produces(ProductID,EquipmentID,ProcessID,Status,Date,Hour) VALUES (109020,107016,106133,'Undefined','2021-12-07','2021-10-24 21:32:29');
INSERT INTO Produces(ProductID,EquipmentID,ProcessID,Status,Date,Hour) VALUES (109057,107095,106124,'Success','2022-01-19','2021-05-30 09:25:36');
INSERT INTO Produces(ProductID,EquipmentID,ProcessID,Status,Date,Hour) VALUES (109040,107051,106090,'Success','2022-05-26','2021-08-06 09:39:55');
INSERT INTO Produces(ProductID,EquipmentID,ProcessID,Status,Date,Hour) VALUES (109027,107180,106123,'Undefined','2020-05-30','2021-06-15 09:03:11');
INSERT INTO Produces(ProductID,EquipmentID,ProcessID,Status,Date,Hour) VALUES (109042,107197,106122,'Undefined','2020-05-06','2020-05-23 22:14:28');
INSERT INTO Produces(ProductID,EquipmentID,ProcessID,Status,Date,Hour) VALUES (109082,107177,106169,'Undefined','2020-11-27','2021-03-06 14:24:30');
INSERT INTO Produces(ProductID,EquipmentID,ProcessID,Status,Date,Hour) VALUES (109065,107137,106169,'Success','2019-07-23','2022-10-03 20:23:25');
INSERT INTO Produces(ProductID,EquipmentID,ProcessID,Status,Date,Hour) VALUES (109008,107025,106020,'Undefined','2020-09-04','2021-05-23 09:39:17');
INSERT INTO Produces(ProductID,EquipmentID,ProcessID,Status,Date,Hour) VALUES (109069,107047,106086,'Failure','2019-08-16','2021-09-03 09:51:01');
INSERT INTO Produces(ProductID,EquipmentID,ProcessID,Status,Date,Hour) VALUES (109089,107108,106091,'Failure','2021-03-21','2019-01-02 09:15:52');
INSERT INTO Produces(ProductID,EquipmentID,ProcessID,Status,Date,Hour) VALUES (109037,107059,106016,'Undefined','2020-12-22','2021-09-04 15:48:36');
INSERT INTO Produces(ProductID,EquipmentID,ProcessID,Status,Date,Hour) VALUES (109045,107089,106015,'Undefined','2020-03-18','2020-09-14 09:08:36');
INSERT INTO Produces(ProductID,EquipmentID,ProcessID,Status,Date,Hour) VALUES (109004,107092,106044,'Success','2019-08-02','2019-07-06 15:03:20');
INSERT INTO Produces(ProductID,EquipmentID,ProcessID,Status,Date,Hour) VALUES (109044,107142,106106,'Failure','2020-09-08','2019-07-23 14:03:27');
INSERT INTO Produces(ProductID,EquipmentID,ProcessID,Status,Date,Hour) VALUES (109037,107198,106053,'Undefined','2019-05-01','2022-12-08 09:01:10');
INSERT INTO Produces(ProductID,EquipmentID,ProcessID,Status,Date,Hour) VALUES (109046,107003,106058,'Undefined','2022-06-02','2021-07-27 14:24:58');
INSERT INTO Produces(ProductID,EquipmentID,ProcessID,Status,Date,Hour) VALUES (109084,107129,106148,'Success','2019-08-03','2019-06-14 09:58:48');
INSERT INTO Produces(ProductID,EquipmentID,ProcessID,Status,Date,Hour) VALUES (109100,107172,106090,'Failure','2022-07-12','2022-02-08 09:33:08');
INSERT INTO Produces(ProductID,EquipmentID,ProcessID,Status,Date,Hour) VALUES (109066,107192,106066,'Success','2019-08-12','2021-01-06 09:07:44');
INSERT INTO Produces(ProductID,EquipmentID,ProcessID,Status,Date,Hour) VALUES (109003,107001,106080,'Success','2019-05-19','2022-08-30 09:47:48');
INSERT INTO Produces(ProductID,EquipmentID,ProcessID,Status,Date,Hour) VALUES (109059,107196,106033,'Success','2019-10-31','2021-11-19 13:15:00');
INSERT INTO Produces(ProductID,EquipmentID,ProcessID,Status,Date,Hour) VALUES (109084,107116,106059,'Undefined','2021-07-22','2022-10-08 11:54:12');
INSERT INTO Produces(ProductID,EquipmentID,ProcessID,Status,Date,Hour) VALUES (109038,107135,106093,'Success','2021-10-29','2020-09-28 10:13:43');
INSERT INTO Produces(ProductID,EquipmentID,ProcessID,Status,Date,Hour) VALUES (109092,107184,106102,'Failure','2021-07-24','2021-01-01 19:01:28');
INSERT INTO Produces(ProductID,EquipmentID,ProcessID,Status,Date,Hour) VALUES (109011,107124,106107,'Failure','2019-08-09','2022-04-17 09:37:07');
INSERT INTO Produces(ProductID,EquipmentID,ProcessID,Status,Date,Hour) VALUES (109079,107188,106029,'Undefined','2021-07-12','2019-07-28 18:20:14');
INSERT INTO Produces(ProductID,EquipmentID,ProcessID,Status,Date,Hour) VALUES (109017,107192,106083,'Failure','2020-07-20','2019-09-16 21:47:44');
INSERT INTO Produces(ProductID,EquipmentID,ProcessID,Status,Date,Hour) VALUES (109005,107129,106021,'Undefined','2020-10-11','2021-06-08 09:05:19');
INSERT INTO Produces(ProductID,EquipmentID,ProcessID,Status,Date,Hour) VALUES (109094,107160,106087,'Success','2019-04-19','2019-08-07 09:26:24');
INSERT INTO Produces(ProductID,EquipmentID,ProcessID,Status,Date,Hour) VALUES (109040,107182,106150,'Undefined','2020-08-19','2022-11-30 23:46:54');
INSERT INTO Produces(ProductID,EquipmentID,ProcessID,Status,Date,Hour) VALUES (109028,107083,106106,'Success','2022-08-25','2019-02-10 09:14:42');
INSERT INTO Produces(ProductID,EquipmentID,ProcessID,Status,Date,Hour) VALUES (109069,107083,106059,'Failure','2020-05-14','2021-04-10 15:06:57');
INSERT INTO Produces(ProductID,EquipmentID,ProcessID,Status,Date,Hour) VALUES (109084,107151,106027,'Success','2021-10-21','2021-10-27 09:40:29');
INSERT INTO Produces(ProductID,EquipmentID,ProcessID,Status,Date,Hour) VALUES (109058,107130,106032,'Success','2019-07-18','2022-06-12 09:59:18');
INSERT INTO Produces(ProductID,EquipmentID,ProcessID,Status,Date,Hour) VALUES (109061,107188,106158,'Failure','2021-07-24','2021-12-25 20:14:09');
INSERT INTO Produces(ProductID,EquipmentID,ProcessID,Status,Date,Hour) VALUES (109027,107031,106149,'Success','2021-06-27','2019-05-08 09:04:55');
INSERT INTO Produces(ProductID,EquipmentID,ProcessID,Status,Date,Hour) VALUES (109033,107152,106196,'Failure','2022-02-15','2021-01-17 22:01:31');
INSERT INTO Produces(ProductID,EquipmentID,ProcessID,Status,Date,Hour) VALUES (109009,107095,106130,'Failure','2021-02-23','2022-01-07 09:05:09');
INSERT INTO Produces(ProductID,EquipmentID,ProcessID,Status,Date,Hour) VALUES (109008,107137,106099,'Failure','2020-08-06','2021-12-18 15:54:47');
INSERT INTO Produces(ProductID,EquipmentID,ProcessID,Status,Date,Hour) VALUES (109075,107018,106138,'Failure','2019-09-05','2021-01-11 09:42:03');
INSERT INTO Produces(ProductID,EquipmentID,ProcessID,Status,Date,Hour) VALUES (109055,107127,106118,'Success','2020-02-06','2019-03-02 12:07:14');
INSERT INTO Produces(ProductID,EquipmentID,ProcessID,Status,Date,Hour) VALUES (109021,107175,106118,'Success','2022-01-17','2021-07-31 12:18:39');
INSERT INTO Produces(ProductID,EquipmentID,ProcessID,Status,Date,Hour) VALUES (109098,107028,106078,'Failure','2019-03-16','2019-04-17 13:39:01');
INSERT INTO Produces(ProductID,EquipmentID,ProcessID,Status,Date,Hour) VALUES (109025,107099,106085,'Failure','2019-10-21','2019-05-15 17:20:11');
INSERT INTO Produces(ProductID,EquipmentID,ProcessID,Status,Date,Hour) VALUES (109077,107194,106021,'Success','2022-03-01','2018-12-29 09:16:23');
INSERT INTO Produces(ProductID,EquipmentID,ProcessID,Status,Date,Hour) VALUES (109041,107126,106006,'Success','2020-05-19','2019-05-08 11:01:33');
INSERT INTO Produces(ProductID,EquipmentID,ProcessID,Status,Date,Hour) VALUES (109057,107163,106104,'Failure','2021-07-29','2021-05-19 20:18:14');
INSERT INTO Produces(ProductID,EquipmentID,ProcessID,Status,Date,Hour) VALUES (109014,107009,106153,'Success','2022-03-07','2020-06-21 09:47:51');
INSERT INTO Produces(ProductID,EquipmentID,ProcessID,Status,Date,Hour) VALUES (109093,107019,106155,'Undefined','2020-03-09','2022-11-20 19:30:58');
INSERT INTO Produces(ProductID,EquipmentID,ProcessID,Status,Date,Hour) VALUES (109026,107104,106193,'Success','2019-05-01','2019-12-30 23:57:23');
INSERT INTO Produces(ProductID,EquipmentID,ProcessID,Status,Date,Hour) VALUES (109009,107046,106171,'Failure','2019-03-13','2021-09-11 22:24:55');
INSERT INTO Produces(ProductID,EquipmentID,ProcessID,Status,Date,Hour) VALUES (109010,107164,106065,'Failure','2022-04-08','2022-08-15 17:39:17');
INSERT INTO Produces(ProductID,EquipmentID,ProcessID,Status,Date,Hour) VALUES (109028,107195,106068,'Undefined','2021-11-28','2022-12-03 14:35:46');
INSERT INTO Produces(ProductID,EquipmentID,ProcessID,Status,Date,Hour) VALUES (109003,107074,106150,'Failure','2021-06-30','2021-01-19 18:44:04');
INSERT INTO Produces(ProductID,EquipmentID,ProcessID,Status,Date,Hour) VALUES (109042,107153,106041,'Failure','2020-06-15','2020-09-10 09:14:23');
INSERT INTO Produces(ProductID,EquipmentID,ProcessID,Status,Date,Hour) VALUES (109060,107091,106102,'Success','2020-12-17','2022-07-30 09:11:06');
INSERT INTO Produces(ProductID,EquipmentID,ProcessID,Status,Date,Hour) VALUES (109065,107103,106057,'Undefined','2022-08-01','2020-12-03 09:05:19');
INSERT INTO Produces(ProductID,EquipmentID,ProcessID,Status,Date,Hour) VALUES (109068,107041,106011,'Failure','2021-12-28','2019-10-24 09:02:42');
INSERT INTO Produces(ProductID,EquipmentID,ProcessID,Status,Date,Hour) VALUES (109091,107151,106072,'Success','2020-10-16','2020-01-04 22:20:59');
INSERT INTO Produces(ProductID,EquipmentID,ProcessID,Status,Date,Hour) VALUES (109002,107110,106099,'Success','2022-10-02','2019-11-11 09:12:56');
INSERT INTO Produces(ProductID,EquipmentID,ProcessID,Status,Date,Hour) VALUES (109010,107144,106187,'Success','2022-10-07','2022-11-20 09:36:22');

INSERT INTO Log(ProductID,EquipmentID,ALog) VALUES (109066,107192,'Rheumatoid nodule, left hand');
INSERT INTO Log(ProductID,EquipmentID,ALog) VALUES (109033,107152,'Adverse effect of succinimides and oxazolidinediones');
INSERT INTO Log(ProductID,EquipmentID,ALog) VALUES (109059,107196,'Superficial foreign body, right lower leg');
INSERT INTO Log(ProductID,EquipmentID,ALog) VALUES (109058,107130,'Path fracture in neoplastic disease, left radius, init');
INSERT INTO Log(ProductID,EquipmentID,ALog) VALUES (109021,107180,'Toxic effect of tobacco and nicotine, accidental');
INSERT INTO Log(ProductID,EquipmentID,ALog) VALUES (109019,107099,'Underdosing of iron and its compounds, initial encounter');
INSERT INTO Log(ProductID,EquipmentID,ALog) VALUES (109071,107139,'I/I react d/t other nrv sys device, implnt or graft, init');
INSERT INTO Log(ProductID,EquipmentID,ALog) VALUES (109009,107046,'Displaced intartic fracture of l calcaneus, init for opn fx');
INSERT INTO Log(ProductID,EquipmentID,ALog) VALUES (109019,107118,'Abrasion, left knee, initial encounter');
INSERT INTO Log(ProductID,EquipmentID,ALog) VALUES (109003,107001,'Fracture of one rib, left side, subs for fx w delay heal');
INSERT INTO Log(ProductID,EquipmentID,ALog) VALUES (109070,107137,'Crush betw pasngr ship and oth wtrcrft/obj due to clsn, init');
INSERT INTO Log(ProductID,EquipmentID,ALog) VALUES (109059,107196,'Collapsed vertebra, not elsewhere classified, lumbar region');
INSERT INTO Log(ProductID,EquipmentID,ALog) VALUES (109006,107096,'Unspecified superficial injury of left lesser toe(s)');
INSERT INTO Log(ProductID,EquipmentID,ALog) VALUES (109042,107153,'Displaced transverse fracture of shaft of unsp femur, init');
INSERT INTO Log(ProductID,EquipmentID,ALog) VALUES (109027,107031,'Toxic effect of venom of ants, intentional self-harm, subs');
INSERT INTO Log(ProductID,EquipmentID,ALog) VALUES (109037,107059,'Nondisp commnt fx shaft of ulna, l arm, 7thN');
INSERT INTO Log(ProductID,EquipmentID,ALog) VALUES (109017,107192,'Puncture wound with foreign body of left wrist, subs encntr');
INSERT INTO Log(ProductID,EquipmentID,ALog) VALUES (109003,107135,'Muscle wasting and atrophy, NEC, unsp ankle and foot');
INSERT INTO Log(ProductID,EquipmentID,ALog) VALUES (109075,107018,'Primary open-angle glaucoma, bilateral, stage unspecified');
INSERT INTO Log(ProductID,EquipmentID,ALog) VALUES (109074,107037,'Prsn brd/alit a car injured in collision w car, subs');
INSERT INTO Log(ProductID,EquipmentID,ALog) VALUES (109005,107129,'Poisoning by unsp drug/meds/biol subst, assault');
INSERT INTO Log(ProductID,EquipmentID,ALog) VALUES (109086,107004,'Matern care for oth or susp poor fetl grth, unsp tri, fts1');
INSERT INTO Log(ProductID,EquipmentID,ALog) VALUES (109020,107010,'Laceration of adrenal gland, sequela');
INSERT INTO Log(ProductID,EquipmentID,ALog) VALUES (109003,107135,'Nondisp fx of posterior process of left talus, sequela');
INSERT INTO Log(ProductID,EquipmentID,ALog) VALUES (109094,107160,'War op w thermal radn effect of nuclear weapon, civilian');
INSERT INTO Log(ProductID,EquipmentID,ALog) VALUES (109006,107184,'Accidental discharge of paintball gun, initial encounter');
INSERT INTO Log(ProductID,EquipmentID,ALog) VALUES (109058,107130,'Disp fx of olecran pro w/o intartic extn unsp ulna, 7thR');
INSERT INTO Log(ProductID,EquipmentID,ALog) VALUES (109033,107152,'Displaced intertroch fx l femur, subs for clos fx w nonunion');
INSERT INTO Log(ProductID,EquipmentID,ALog) VALUES (109037,107059,'Breakdown (mechanical) of indwelling urethral catheter');
INSERT INTO Log(ProductID,EquipmentID,ALog) VALUES (109044,107142,'Poisoning by unsp psychotropic drug, assault, subs encntr');
INSERT INTO Log(ProductID,EquipmentID,ALog) VALUES (109100,107172,'Unsp fracture of left femur, init for opn fx type I/2');
INSERT INTO Log(ProductID,EquipmentID,ALog) VALUES (109020,107010,'Walked into furniture, initial encounter');
INSERT INTO Log(ProductID,EquipmentID,ALog) VALUES (109075,107018,'Disorders of lipoprotein metabolism and other lipidemias');
INSERT INTO Log(ProductID,EquipmentID,ALog) VALUES (109065,107137,'Chronic instability of knee, unspecified knee');
INSERT INTO Log(ProductID,EquipmentID,ALog) VALUES (109055,107127,'Sltr-haris Type II physl fx upr end rad, r arm, 7thG');
INSERT INTO Log(ProductID,EquipmentID,ALog) VALUES (109044,107144,'Encounter for exam and observation following oth accident');
INSERT INTO Log(ProductID,EquipmentID,ALog) VALUES (109017,107192,'Poisoning by oth parasympath and spasmolytics, acc, subs');
INSERT INTO Log(ProductID,EquipmentID,ALog) VALUES (109074,107037,'Malignant neoplasm of trachea');
INSERT INTO Log(ProductID,EquipmentID,ALog) VALUES (109057,107095,'Other specified rheumatoid arthritis, right elbow');
INSERT INTO Log(ProductID,EquipmentID,ALog) VALUES (109058,107071,'Legal intervention involving other gas, bystander injured');
INSERT INTO Log(ProductID,EquipmentID,ALog) VALUES (109037,107198,'Zygomatic fracture, right side, 7thK');
INSERT INTO Log(ProductID,EquipmentID,ALog) VALUES (109074,107037,'Acute follicular conjunctivitis, unspecified eye');
INSERT INTO Log(ProductID,EquipmentID,ALog) VALUES (109075,107018,'Encounter for general counseling and advice on contraception');
INSERT INTO Log(ProductID,EquipmentID,ALog) VALUES (109084,107151,'Open bite of unspecified toe(s) without damage to nail');
INSERT INTO Log(ProductID,EquipmentID,ALog) VALUES (109029,107080,'Strain flexor musc/fasc/tend at forarm lv, left arm, sequela');
INSERT INTO Log(ProductID,EquipmentID,ALog) VALUES (109071,107139,'Displ commnt fx shaft of l fibula, 7thE');
INSERT INTO Log(ProductID,EquipmentID,ALog) VALUES (109025,107099,'Unsp inj intrinsic msl/tnd at ank/ft level, r foot, sequela');
INSERT INTO Log(ProductID,EquipmentID,ALog) VALUES (109070,107137,'Suppressed lactation');
INSERT INTO Log(ProductID,EquipmentID,ALog) VALUES (109009,107046,'Unsp car occupant injured in nonclsn trnsp acc nontraf, subs');
INSERT INTO Log(ProductID,EquipmentID,ALog) VALUES (109068,107041,'Displaced intartic fx r calcaneus, subs for fx w routn heal');
INSERT INTO Log(ProductID,EquipmentID,ALog) VALUES (109019,107099,'Displ commnt suprcndl fx w/o intrcndl fx unsp humer, 7thP');
INSERT INTO Log(ProductID,EquipmentID,ALog) VALUES (109057,107095,'Contusion of descending [left] colon, sequela');
INSERT INTO Log(ProductID,EquipmentID,ALog) VALUES (109014,107009,'Passenger in pk-up/van injured in clsn w unsp mv in traf');
INSERT INTO Log(ProductID,EquipmentID,ALog) VALUES (109023,107098,'Acute embolism and thrombosis of unspecified popliteal vein');
INSERT INTO Log(ProductID,EquipmentID,ALog) VALUES (109089,107108,'Insect bite (nonvenomous) of oral cavity');
INSERT INTO Log(ProductID,EquipmentID,ALog) VALUES (109010,107164,'Displ subtrochnt fx unsp femr, 7thR');
INSERT INTO Log(ProductID,EquipmentID,ALog) VALUES (109019,107118,'Oth traum nondisp spondylolysis of fifth cervcal vert, sqla');
INSERT INTO Log(ProductID,EquipmentID,ALog) VALUES (109065,107103,'Laceration of musc/fasc/tend at forarm lv, unsp arm, init');
INSERT INTO Log(ProductID,EquipmentID,ALog) VALUES (109076,107027,'Person outside 3-whl mv inj in clsn w hv veh nontraf, init');
INSERT INTO Log(ProductID,EquipmentID,ALog) VALUES (109010,107144,'Legal intervnt w injury by rubr bulet, suspect inj, sequela');
INSERT INTO Log(ProductID,EquipmentID,ALog) VALUES (109019,107099,'Toxic effect of tin and its compounds, assault, sequela');
INSERT INTO Log(ProductID,EquipmentID,ALog) VALUES (109005,107129,'Other physeal fracture of lower end of ulna, left arm');
INSERT INTO Log(ProductID,EquipmentID,ALog) VALUES (109075,107018,'Capslr glaucoma w/pseudxf lens, bi, indeterminate stage');
INSERT INTO Log(ProductID,EquipmentID,ALog) VALUES (109023,107098,'Superficial foreign body of thigh');
INSERT INTO Log(ProductID,EquipmentID,ALog) VALUES (109066,107192,'Car passenger injured in collision w hv veh in traf, init');
INSERT INTO Log(ProductID,EquipmentID,ALog) VALUES (109092,107189,'Osteonecrosis due to previous trauma, right foot');
INSERT INTO Log(ProductID,EquipmentID,ALog) VALUES (109021,107042,'Puncture wound without foreign body of penis, subs encntr');
INSERT INTO Log(ProductID,EquipmentID,ALog) VALUES (109011,107058,'Osteitis deformans in neoplastic diseases, right lower leg');
INSERT INTO Log(ProductID,EquipmentID,ALog) VALUES (109061,107188,'Sltr-haris Type I physl fx low end l fibula, 7thD');
INSERT INTO Log(ProductID,EquipmentID,ALog) VALUES (109093,107019,'Burn of unsp deg mult sites of left ankle and foot, subs');
INSERT INTO Log(ProductID,EquipmentID,ALog) VALUES (109017,107102,'Poisoning by mixed bact vaccines w/o a pertuss, undet, subs');
INSERT INTO Log(ProductID,EquipmentID,ALog) VALUES (109021,107042,'Adverse effect of hormones and synthetic substitutes, init');
INSERT INTO Log(ProductID,EquipmentID,ALog) VALUES (109098,107028,'Displ transverse fx shaft of l femr, 7thG');
INSERT INTO Log(ProductID,EquipmentID,ALog) VALUES (109060,107059,'Nondisp fx of base of 2nd MC bone, r hand, 7thG');
INSERT INTO Log(ProductID,EquipmentID,ALog) VALUES (109070,107137,'Pedestrian injured in unsp nontraffic accident, init encntr');
INSERT INTO Log(ProductID,EquipmentID,ALog) VALUES (109009,107009,'Athscl nonbiol bypass of the left leg w ulcer oth prt foot');
INSERT INTO Log(ProductID,EquipmentID,ALog) VALUES (109060,107059,'Unspecified contusion of spleen, subsequent encounter');
INSERT INTO Log(ProductID,EquipmentID,ALog) VALUES (109094,107084,'Milt op involving explosion of aerial bomb, milt, subs');
INSERT INTO Log(ProductID,EquipmentID,ALog) VALUES (109042,107197,'Salter-Harris Type I physeal fracture of left calcaneus');
INSERT INTO Log(ProductID,EquipmentID,ALog) VALUES (109070,107137,'Dislocation of MCP joint of left index finger');
INSERT INTO Log(ProductID,EquipmentID,ALog) VALUES (109022,107009,'Carcinoma in situ of digestive organ, unspecified');
INSERT INTO Log(ProductID,EquipmentID,ALog) VALUES (109046,107003,'Gross hematuria');
INSERT INTO Log(ProductID,EquipmentID,ALog) VALUES (109041,107126,'Toxic effect of detergents, intentional self-harm, sequela');
INSERT INTO Log(ProductID,EquipmentID,ALog) VALUES (109010,107008,'Disp fx of left tibial spine, subs for clos fx w routn heal');
INSERT INTO Log(ProductID,EquipmentID,ALog) VALUES (109025,107099,'External constriction of lower back and pelvis, init encntr');
INSERT INTO Log(ProductID,EquipmentID,ALog) VALUES (109019,107118,'Adverse effect of predom alpha-adrenocpt agonists, subs');
INSERT INTO Log(ProductID,EquipmentID,ALog) VALUES (109065,107137,'Poisoning by peripheral vasodilators, accidental, sequela');
INSERT INTO Log(ProductID,EquipmentID,ALog) VALUES (109066,107043,'Puncture wound with foreign body, left knee, sequela');
INSERT INTO Log(ProductID,EquipmentID,ALog) VALUES (109081,107183,'Copper deficiency');
INSERT INTO Log(ProductID,EquipmentID,ALog) VALUES (109058,107130,'Other specified arthritis, unspecified wrist');
INSERT INTO Log(ProductID,EquipmentID,ALog) VALUES (109021,107180,'Poisn by analeptics and opioid receptor antag, slf-hrm, init');
INSERT INTO Log(ProductID,EquipmentID,ALog) VALUES (109038,107135,'Encntr screen for genetic and chromosomal anomalies');
INSERT INTO Log(ProductID,EquipmentID,ALog) VALUES (109060,107059,'Driver of oth sp off-rd mv injured in traffic accident');
INSERT INTO Log(ProductID,EquipmentID,ALog) VALUES (109042,107197,'Maternal care for fetal problem, unsp, unsp tri, fetus 3');
INSERT INTO Log(ProductID,EquipmentID,ALog) VALUES (109033,107152,'Lymphocyte depleted Hodgkin lymphoma');
INSERT INTO Log(ProductID,EquipmentID,ALog) VALUES (109008,107025,'Toxic effect of phenol and phenol homologues, assault, init');
INSERT INTO Log(ProductID,EquipmentID,ALog) VALUES (109059,107196,'Stable burst fracture of third thoracic vertebra');
INSERT INTO Log(ProductID,EquipmentID,ALog) VALUES (109042,107197,'Corrosion of second degree of hand, unspecified site');
INSERT INTO Log(ProductID,EquipmentID,ALog) VALUES (109098,107028,'Blister (nonthermal), right lower leg');
INSERT INTO Log(ProductID,EquipmentID,ALog) VALUES (109011,107058,'Contact with metalworking machines, subsequent encounter');

INSERT INTO ManagerManagesEquipment(PID,ID) VALUES (107029,100245);
INSERT INTO ManagerManagesEquipment(PID,ID) VALUES (107098,100241);
INSERT INTO ManagerManagesEquipment(PID,ID) VALUES (107059,100270);
INSERT INTO ManagerManagesEquipment(PID,ID) VALUES (107126,100253);
INSERT INTO ManagerManagesEquipment(PID,ID) VALUES (107121,100294);
INSERT INTO ManagerManagesEquipment(PID,ID) VALUES (107181,100294);
INSERT INTO ManagerManagesEquipment(PID,ID) VALUES (107045,100236);
INSERT INTO ManagerManagesEquipment(PID,ID) VALUES (107114,100199);
INSERT INTO ManagerManagesEquipment(PID,ID) VALUES (107161,100264);
INSERT INTO ManagerManagesEquipment(PID,ID) VALUES (107016,100037);
INSERT INTO ManagerManagesEquipment(PID,ID) VALUES (107173,100240);
INSERT INTO ManagerManagesEquipment(PID,ID) VALUES (107129,100235);
INSERT INTO ManagerManagesEquipment(PID,ID) VALUES (107140,100279);
INSERT INTO ManagerManagesEquipment(PID,ID) VALUES (107134,100225);
INSERT INTO ManagerManagesEquipment(PID,ID) VALUES (107184,100117);
INSERT INTO ManagerManagesEquipment(PID,ID) VALUES (107084,100253);
INSERT INTO ManagerManagesEquipment(PID,ID) VALUES (107182,100253);
INSERT INTO ManagerManagesEquipment(PID,ID) VALUES (107095,100110);
INSERT INTO ManagerManagesEquipment(PID,ID) VALUES (107025,100143);
INSERT INTO ManagerManagesEquipment(PID,ID) VALUES (107125,100082);
INSERT INTO ManagerManagesEquipment(PID,ID) VALUES (107085,100017);
INSERT INTO ManagerManagesEquipment(PID,ID) VALUES (107037,100179);
INSERT INTO ManagerManagesEquipment(PID,ID) VALUES (107017,100110);
INSERT INTO ManagerManagesEquipment(PID,ID) VALUES (107038,100292);
INSERT INTO ManagerManagesEquipment(PID,ID) VALUES (107127,100260);
INSERT INTO ManagerManagesEquipment(PID,ID) VALUES (107184,100017);
INSERT INTO ManagerManagesEquipment(PID,ID) VALUES (107013,100048);
INSERT INTO ManagerManagesEquipment(PID,ID) VALUES (107015,100090);
INSERT INTO ManagerManagesEquipment(PID,ID) VALUES (107079,100266);
INSERT INTO ManagerManagesEquipment(PID,ID) VALUES (107177,100037);
INSERT INTO ManagerManagesEquipment(PID,ID) VALUES (107009,100036);
INSERT INTO ManagerManagesEquipment(PID,ID) VALUES (107155,100214);
INSERT INTO ManagerManagesEquipment(PID,ID) VALUES (107015,100214);
INSERT INTO ManagerManagesEquipment(PID,ID) VALUES (107082,100037);
INSERT INTO ManagerManagesEquipment(PID,ID) VALUES (107165,100291);
INSERT INTO ManagerManagesEquipment(PID,ID) VALUES (107028,100119);
INSERT INTO ManagerManagesEquipment(PID,ID) VALUES (107161,100066);
INSERT INTO ManagerManagesEquipment(PID,ID) VALUES (107129,100102);
INSERT INTO ManagerManagesEquipment(PID,ID) VALUES (107040,100240);
INSERT INTO ManagerManagesEquipment(PID,ID) VALUES (107030,100013);
INSERT INTO ManagerManagesEquipment(PID,ID) VALUES (107173,100198);
INSERT INTO ManagerManagesEquipment(PID,ID) VALUES (107062,100279);
INSERT INTO ManagerManagesEquipment(PID,ID) VALUES (107092,100198);
INSERT INTO ManagerManagesEquipment(PID,ID) VALUES (107060,100260);
INSERT INTO ManagerManagesEquipment(PID,ID) VALUES (107064,100036);
INSERT INTO ManagerManagesEquipment(PID,ID) VALUES (107109,100296);
INSERT INTO ManagerManagesEquipment(PID,ID) VALUES (107101,100163);
INSERT INTO ManagerManagesEquipment(PID,ID) VALUES (107100,100294);
INSERT INTO ManagerManagesEquipment(PID,ID) VALUES (107132,100238);
INSERT INTO ManagerManagesEquipment(PID,ID) VALUES (107019,100179);
INSERT INTO ManagerManagesEquipment(PID,ID) VALUES (107194,100048);
INSERT INTO ManagerManagesEquipment(PID,ID) VALUES (107105,100082);
INSERT INTO ManagerManagesEquipment(PID,ID) VALUES (107082,100298);
INSERT INTO ManagerManagesEquipment(PID,ID) VALUES (107020,100113);
INSERT INTO ManagerManagesEquipment(PID,ID) VALUES (107116,100292);
INSERT INTO ManagerManagesEquipment(PID,ID) VALUES (107061,100298);
INSERT INTO ManagerManagesEquipment(PID,ID) VALUES (107113,100173);
INSERT INTO ManagerManagesEquipment(PID,ID) VALUES (107119,100048);

INSERT INTO ManagerManagesEquipment(PID,ID) VALUES (107127,100143);
INSERT INTO ManagerManagesEquipment(PID,ID) VALUES (107169,100270);
INSERT INTO ManagerManagesEquipment(PID,ID) VALUES (107033,100291);
INSERT INTO ManagerManagesEquipment(PID,ID) VALUES (107154,100239);
INSERT INTO ManagerManagesEquipment(PID,ID) VALUES (107058,100052);
INSERT INTO ManagerManagesEquipment(PID,ID) VALUES (107084,100238);
INSERT INTO ManagerManagesEquipment(PID,ID) VALUES (107067,100113);
INSERT INTO ManagerManagesEquipment(PID,ID) VALUES (107037,100077);
INSERT INTO ManagerManagesEquipment(PID,ID) VALUES (107095,100102);
INSERT INTO ManagerManagesEquipment(PID,ID) VALUES (107071,100279);
INSERT INTO ManagerManagesEquipment(PID,ID) VALUES (107087,100179);
INSERT INTO ManagerManagesEquipment(PID,ID) VALUES (107145,100037);
INSERT INTO ManagerManagesEquipment(PID,ID) VALUES (107042,100048);
INSERT INTO ManagerManagesEquipment(PID,ID) VALUES (107142,100253);
INSERT INTO ManagerManagesEquipment(PID,ID) VALUES (107064,100214);
INSERT INTO ManagerManagesEquipment(PID,ID) VALUES (107184,100172);
INSERT INTO ManagerManagesEquipment(PID,ID) VALUES (107126,100298);
INSERT INTO ManagerManagesEquipment(PID,ID) VALUES (107152,100118);
INSERT INTO ManagerManagesEquipment(PID,ID) VALUES (107105,100298);
INSERT INTO ManagerManagesEquipment(PID,ID) VALUES (107138,100292);
INSERT INTO ManagerManagesEquipment(PID,ID) VALUES (107189,100048);
INSERT INTO ManagerManagesEquipment(PID,ID) VALUES (107069,100046);
INSERT INTO ManagerManagesEquipment(PID,ID) VALUES (107056,100171);
INSERT INTO ManagerManagesEquipment(PID,ID) VALUES (107030,100260);
INSERT INTO ManagerManagesEquipment(PID,ID) VALUES (107147,100235);
INSERT INTO ManagerManagesEquipment(PID,ID) VALUES (107177,100240);
INSERT INTO ManagerManagesEquipment(PID,ID) VALUES (107021,100233);
INSERT INTO ManagerManagesEquipment(PID,ID) VALUES (107073,100163);
INSERT INTO ManagerManagesEquipment(PID,ID) VALUES (107082,100257);
INSERT INTO ManagerManagesEquipment(PID,ID) VALUES (107033,100080);
INSERT INTO ManagerManagesEquipment(PID,ID) VALUES (107067,100291);
INSERT INTO ManagerManagesEquipment(PID,ID) VALUES (107072,100264);
INSERT INTO ManagerManagesEquipment(PID,ID) VALUES (107002,100118);
INSERT INTO ManagerManagesEquipment(PID,ID) VALUES (107195,100080);
INSERT INTO ManagerManagesEquipment(PID,ID) VALUES (107119,100043);
INSERT INTO ManagerManagesEquipment(PID,ID) VALUES (107090,100013);
INSERT INTO ManagerManagesEquipment(PID,ID) VALUES (107146,100219);
INSERT INTO ManagerManagesEquipment(PID,ID) VALUES (107193,100270);
INSERT INTO ManagerManagesEquipment(PID,ID) VALUES (107059,100017);
INSERT INTO ManagerManagesEquipment(PID,ID) VALUES (107136,100240);
INSERT INTO ManagerManagesEquipment(PID,ID) VALUES (107112,100253);

INSERT INTO MemberInActivity(MID,AID) VALUES (101319,104224);
INSERT INTO MemberInActivity(MID,AID) VALUES (101028,104143);
INSERT INTO MemberInActivity(MID,AID) VALUES (101138,104178);
INSERT INTO MemberInActivity(MID,AID) VALUES (101301,104279);
INSERT INTO MemberInActivity(MID,AID) VALUES (101247,104034);
INSERT INTO MemberInActivity(MID,AID) VALUES (101014,104384);
INSERT INTO MemberInActivity(MID,AID) VALUES (101032,104170);
INSERT INTO MemberInActivity(MID,AID) VALUES (101068,104266);
INSERT INTO MemberInActivity(MID,AID) VALUES (101229,104465);
INSERT INTO MemberInActivity(MID,AID) VALUES (101330,104063);
INSERT INTO MemberInActivity(MID,AID) VALUES (101253,104255);
INSERT INTO MemberInActivity(MID,AID) VALUES (101123,104439);
INSERT INTO MemberInActivity(MID,AID) VALUES (101069,104120);
INSERT INTO MemberInActivity(MID,AID) VALUES (101108,104115);
INSERT INTO MemberInActivity(MID,AID) VALUES (101267,104483);
INSERT INTO MemberInActivity(MID,AID) VALUES (101191,104489);
INSERT INTO MemberInActivity(MID,AID) VALUES (101016,104486);
INSERT INTO MemberInActivity(MID,AID) VALUES (101325,104035);
INSERT INTO MemberInActivity(MID,AID) VALUES (101013,104114);
INSERT INTO MemberInActivity(MID,AID) VALUES (101086,104033);
INSERT INTO MemberInActivity(MID,AID) VALUES (101268,104477);
INSERT INTO MemberInActivity(MID,AID) VALUES (101179,104377);
INSERT INTO MemberInActivity(MID,AID) VALUES (101070,104333);
INSERT INTO MemberInActivity(MID,AID) VALUES (101148,104474);
INSERT INTO MemberInActivity(MID,AID) VALUES (101129,104479);
INSERT INTO MemberInActivity(MID,AID) VALUES (101283,104322);
INSERT INTO MemberInActivity(MID,AID) VALUES (101096,104440);
INSERT INTO MemberInActivity(MID,AID) VALUES (101129,104224);
INSERT INTO MemberInActivity(MID,AID) VALUES (101043,104379);
INSERT INTO MemberInActivity(MID,AID) VALUES (101117,104366);
INSERT INTO MemberInActivity(MID,AID) VALUES (101099,104399);
INSERT INTO MemberInActivity(MID,AID) VALUES (101069,104164);
INSERT INTO MemberInActivity(MID,AID) VALUES (101063,104163);
INSERT INTO MemberInActivity(MID,AID) VALUES (101143,104324);
INSERT INTO MemberInActivity(MID,AID) VALUES (101085,104282);
INSERT INTO MemberInActivity(MID,AID) VALUES (101118,104371);
INSERT INTO MemberInActivity(MID,AID) VALUES (101204,104493);
INSERT INTO MemberInActivity(MID,AID) VALUES (101197,104143);
INSERT INTO MemberInActivity(MID,AID) VALUES (101154,104008);
INSERT INTO MemberInActivity(MID,AID) VALUES (101285,104023);
INSERT INTO MemberInActivity(MID,AID) VALUES (101243,104342);
INSERT INTO MemberInActivity(MID,AID) VALUES (101111,104362);
INSERT INTO MemberInActivity(MID,AID) VALUES (101303,104225);
INSERT INTO MemberInActivity(MID,AID) VALUES (101100,104190);
INSERT INTO MemberInActivity(MID,AID) VALUES (101287,104069);
INSERT INTO MemberInActivity(MID,AID) VALUES (101267,104102);
INSERT INTO MemberInActivity(MID,AID) VALUES (101034,104366);
INSERT INTO MemberInActivity(MID,AID) VALUES (101346,104419);
INSERT INTO MemberInActivity(MID,AID) VALUES (101221,104401);
INSERT INTO MemberInActivity(MID,AID) VALUES (101202,104390);
INSERT INTO MemberInActivity(MID,AID) VALUES (101028,104090);
INSERT INTO MemberInActivity(MID,AID) VALUES (101132,104389);
INSERT INTO MemberInActivity(MID,AID) VALUES (101072,104412);
INSERT INTO MemberInActivity(MID,AID) VALUES (101193,104057);
INSERT INTO MemberInActivity(MID,AID) VALUES (101012,104105);
INSERT INTO MemberInActivity(MID,AID) VALUES (101135,104196);
INSERT INTO MemberInActivity(MID,AID) VALUES (101226,104185);
INSERT INTO MemberInActivity(MID,AID) VALUES (101281,104096);
INSERT INTO MemberInActivity(MID,AID) VALUES (101346,104363);
INSERT INTO MemberInActivity(MID,AID) VALUES (101303,104181);
INSERT INTO MemberInActivity(MID,AID) VALUES (101082,104172);
INSERT INTO MemberInActivity(MID,AID) VALUES (101305,104143);
INSERT INTO MemberInActivity(MID,AID) VALUES (101153,104455);
INSERT INTO MemberInActivity(MID,AID) VALUES (101038,104374);
INSERT INTO MemberInActivity(MID,AID) VALUES (101019,104337);
INSERT INTO MemberInActivity(MID,AID) VALUES (101316,104420);
INSERT INTO MemberInActivity(MID,AID) VALUES (101271,104463);
INSERT INTO MemberInActivity(MID,AID) VALUES (101112,104290);
INSERT INTO MemberInActivity(MID,AID) VALUES (101332,104452);
INSERT INTO MemberInActivity(MID,AID) VALUES (101004,104251);
INSERT INTO MemberInActivity(MID,AID) VALUES (101198,104043);
INSERT INTO MemberInActivity(MID,AID) VALUES (101238,104391);
INSERT INTO MemberInActivity(MID,AID) VALUES (101329,104137);
INSERT INTO MemberInActivity(MID,AID) VALUES (101336,104329);
INSERT INTO MemberInActivity(MID,AID) VALUES (101262,104426);
INSERT INTO MemberInActivity(MID,AID) VALUES (101314,104140);
INSERT INTO MemberInActivity(MID,AID) VALUES (101213,104183);
INSERT INTO MemberInActivity(MID,AID) VALUES (101043,104172);
INSERT INTO MemberInActivity(MID,AID) VALUES (101154,104112);
INSERT INTO MemberInActivity(MID,AID) VALUES (101246,104086);
INSERT INTO MemberInActivity(MID,AID) VALUES (101149,104440);
INSERT INTO MemberInActivity(MID,AID) VALUES (101050,104328);
INSERT INTO MemberInActivity(MID,AID) VALUES (101152,104411);
INSERT INTO MemberInActivity(MID,AID) VALUES (101297,104010);
INSERT INTO MemberInActivity(MID,AID) VALUES (101090,104095);
INSERT INTO MemberInActivity(MID,AID) VALUES (101274,104459);
INSERT INTO MemberInActivity(MID,AID) VALUES (101254,104417);
INSERT INTO MemberInActivity(MID,AID) VALUES (101017,104243);
INSERT INTO MemberInActivity(MID,AID) VALUES (101291,104201);
INSERT INTO MemberInActivity(MID,AID) VALUES (101229,104339);
INSERT INTO MemberInActivity(MID,AID) VALUES (101197,104115);
INSERT INTO MemberInActivity(MID,AID) VALUES (101177,104445);
INSERT INTO MemberInActivity(MID,AID) VALUES (101153,104243);
INSERT INTO MemberInActivity(MID,AID) VALUES (101339,104055);
INSERT INTO MemberInActivity(MID,AID) VALUES (101023,104202);
INSERT INTO MemberInActivity(MID,AID) VALUES (101060,104482);
INSERT INTO MemberInActivity(MID,AID) VALUES (101136,104415);
INSERT INTO MemberInActivity(MID,AID) VALUES (101256,104134);
INSERT INTO MemberInActivity(MID,AID) VALUES (101126,104234);
INSERT INTO MemberInActivity(MID,AID) VALUES (101092,104209);

INSERT INTO MemberInActivity(MNumber,PID,ID,ProjectID) VALUES (3035,109029,100276,103036);
INSERT INTO MemberInActivity(MNumber,PID,ID,ProjectID) VALUES (3053,109019,100209,103058);
INSERT INTO MemberInActivity(MNumber,PID,ID,ProjectID) VALUES (3064,109008,100202,103037);
INSERT INTO MemberInActivity(MNumber,PID,ID,ProjectID) VALUES (3027,109028,100230,103012);
INSERT INTO MemberInActivity(MNumber,PID,ID,ProjectID) VALUES (3050,109081,100272,103048);
INSERT INTO MemberInActivity(MNumber,PID,ID,ProjectID) VALUES (3060,109082,100297,103026);
INSERT INTO MemberInActivity(MNumber,PID,ID,ProjectID) VALUES (3042,109099,100274,103009);
INSERT INTO MemberInActivity(MNumber,PID,ID,ProjectID) VALUES (3008,109043,100285,103050);
INSERT INTO MemberInActivity(MNumber,PID,ID,ProjectID) VALUES (3009,109056,100194,103019);
INSERT INTO MemberInActivity(MNumber,PID,ID,ProjectID) VALUES (3088,109043,100103,103058);
INSERT INTO MemberInActivity(MNumber,PID,ID,ProjectID) VALUES (3050,109081,100272,103026);
INSERT INTO MemberInActivity(MNumber,PID,ID,ProjectID) VALUES (3059,109061,100162,103002);
INSERT INTO MemberInActivity(MNumber,PID,ID,ProjectID) VALUES (3006,109014,100164,103007);
INSERT INTO MemberInActivity(MNumber,PID,ID,ProjectID) VALUES (3010,109092,100070,103008);
INSERT INTO MemberInActivity(MNumber,PID,ID,ProjectID) VALUES (3001,109064,100015,103043);
INSERT INTO MemberInActivity(MNumber,PID,ID,ProjectID) VALUES (3059,109061,100162,103007);
INSERT INTO MemberInActivity(MNumber,PID,ID,ProjectID) VALUES (3087,109001,100209,103004);
INSERT INTO MemberInActivity(MNumber,PID,ID,ProjectID) VALUES (3040,109049,100095,103057);
INSERT INTO MemberInActivity(MNumber,PID,ID,ProjectID) VALUES (3060,109082,100297,103025);
INSERT INTO MemberInActivity(MNumber,PID,ID,ProjectID) VALUES (3091,109092,100058,103010);
INSERT INTO MemberInActivity(MNumber,PID,ID,ProjectID) VALUES (3094,109070,100124,103046);
INSERT INTO MemberInActivity(MNumber,PID,ID,ProjectID) VALUES (3062,109064,100069,103056);
INSERT INTO MemberInActivity(MNumber,PID,ID,ProjectID) VALUES (3049,109002,100164,103043);
INSERT INTO MemberInActivity(MNumber,PID,ID,ProjectID) VALUES (3068,109056,100191,103022);
INSERT INTO MemberInActivity(MNumber,PID,ID,ProjectID) VALUES (3056,109043,100124,103043);
INSERT INTO MemberInActivity(MNumber,PID,ID,ProjectID) VALUES (3098,109028,100300,103017);
INSERT INTO MemberInActivity(MNumber,PID,ID,ProjectID) VALUES (3056,109043,100124,103036);
INSERT INTO MemberInActivity(MNumber,PID,ID,ProjectID) VALUES (3084,109041,100035,103019);
INSERT INTO MemberInActivity(MNumber,PID,ID,ProjectID) VALUES (3080,109076,100050,103007);
INSERT INTO MemberInActivity(MNumber,PID,ID,ProjectID) VALUES (3078,109082,100105,103038);
INSERT INTO MemberInActivity(MNumber,PID,ID,ProjectID) VALUES (3041,109019,100272,103033);
INSERT INTO MemberInActivity(MNumber,PID,ID,ProjectID) VALUES (3048,109032,100248,103020);
INSERT INTO MemberInActivity(MNumber,PID,ID,ProjectID) VALUES (3061,109019,100224,103039);
INSERT INTO MemberInActivity(MNumber,PID,ID,ProjectID) VALUES (3028,109045,100162,103021);
INSERT INTO MemberInActivity(MNumber,PID,ID,ProjectID) VALUES (3010,109092,100070,103029);
INSERT INTO MemberInActivity(MNumber,PID,ID,ProjectID) VALUES (3042,109099,100274,103051);
INSERT INTO MemberInActivity(MNumber,PID,ID,ProjectID) VALUES (3056,109043,100124,103054);
INSERT INTO MemberInActivity(MNumber,PID,ID,ProjectID) VALUES (3045,109041,100261,103045);
INSERT INTO MemberInActivity(MNumber,PID,ID,ProjectID) VALUES (3013,109075,100202,103003);
INSERT INTO MemberInActivity(MNumber,PID,ID,ProjectID) VALUES (3094,109070,100124,103014);
INSERT INTO MemberInActivity(MNumber,PID,ID,ProjectID) VALUES (3031,109019,100230,103045);
INSERT INTO MemberInActivity(MNumber,PID,ID,ProjectID) VALUES (3038,109093,100091,103036);
INSERT INTO MemberInActivity(MNumber,PID,ID,ProjectID) VALUES (3080,109076,100050,103021);
INSERT INTO MemberInActivity(MNumber,PID,ID,ProjectID) VALUES (3097,109027,100272,103028);
INSERT INTO MemberInActivity(MNumber,PID,ID,ProjectID) VALUES (3065,109004,100015,103012);
INSERT INTO MemberInActivity(MNumber,PID,ID,ProjectID) VALUES (3046,109095,100224,103013);
INSERT INTO MemberInActivity(MNumber,PID,ID,ProjectID) VALUES (3098,109028,100300,103018);
INSERT INTO MemberInActivity(MNumber,PID,ID,ProjectID) VALUES (3093,109002,100030,103002);
INSERT INTO MemberInActivity(MNumber,PID,ID,ProjectID) VALUES (3073,109050,100224,103052);
INSERT INTO MemberInActivity(MNumber,PID,ID,ProjectID) VALUES (3037,109044,100184,103039);

INSERT INTO ModelInProject(MNumber,PID,ID,ProjectID) VALUES (3035,109029,100276,103036);
INSERT INTO ModelInProject(MNumber,PID,ID,ProjectID) VALUES (3053,109019,100209,103058);
INSERT INTO ModelInProject(MNumber,PID,ID,ProjectID) VALUES (3064,109008,100202,103037);
INSERT INTO ModelInProject(MNumber,PID,ID,ProjectID) VALUES (3027,109028,100230,103012);
INSERT INTO ModelInProject(MNumber,PID,ID,ProjectID) VALUES (3050,109081,100272,103048);
INSERT INTO ModelInProject(MNumber,PID,ID,ProjectID) VALUES (3060,109082,100297,103026);
INSERT INTO ModelInProject(MNumber,PID,ID,ProjectID) VALUES (3042,109099,100274,103009);
INSERT INTO ModelInProject(MNumber,PID,ID,ProjectID) VALUES (3008,109043,100285,103050);
INSERT INTO ModelInProject(MNumber,PID,ID,ProjectID) VALUES (3009,109056,100194,103019);
INSERT INTO ModelInProject(MNumber,PID,ID,ProjectID) VALUES (3088,109043,100103,103058);
INSERT INTO ModelInProject(MNumber,PID,ID,ProjectID) VALUES (3050,109081,100272,103026);
INSERT INTO ModelInProject(MNumber,PID,ID,ProjectID) VALUES (3059,109061,100162,103002);
INSERT INTO ModelInProject(MNumber,PID,ID,ProjectID) VALUES (3006,109014,100164,103007);
INSERT INTO ModelInProject(MNumber,PID,ID,ProjectID) VALUES (3010,109092,100070,103008);
INSERT INTO ModelInProject(MNumber,PID,ID,ProjectID) VALUES (3001,109064,100015,103043);
INSERT INTO ModelInProject(MNumber,PID,ID,ProjectID) VALUES (3059,109061,100162,103007);
INSERT INTO ModelInProject(MNumber,PID,ID,ProjectID) VALUES (3087,109001,100209,103004);
INSERT INTO ModelInProject(MNumber,PID,ID,ProjectID) VALUES (3040,109049,100095,103057);
INSERT INTO ModelInProject(MNumber,PID,ID,ProjectID) VALUES (3060,109082,100297,103025);
INSERT INTO ModelInProject(MNumber,PID,ID,ProjectID) VALUES (3091,109092,100058,103010);
INSERT INTO ModelInProject(MNumber,PID,ID,ProjectID) VALUES (3094,109070,100124,103046);
INSERT INTO ModelInProject(MNumber,PID,ID,ProjectID) VALUES (3062,109064,100069,103056);
INSERT INTO ModelInProject(MNumber,PID,ID,ProjectID) VALUES (3049,109002,100164,103043);
INSERT INTO ModelInProject(MNumber,PID,ID,ProjectID) VALUES (3068,109056,100191,103022);
INSERT INTO ModelInProject(MNumber,PID,ID,ProjectID) VALUES (3056,109043,100124,103043);
INSERT INTO ModelInProject(MNumber,PID,ID,ProjectID) VALUES (3098,109028,100300,103017);
INSERT INTO ModelInProject(MNumber,PID,ID,ProjectID) VALUES (3056,109043,100124,103036);
INSERT INTO ModelInProject(MNumber,PID,ID,ProjectID) VALUES (3084,109041,100035,103019);
INSERT INTO ModelInProject(MNumber,PID,ID,ProjectID) VALUES (3080,109076,100050,103007);
INSERT INTO ModelInProject(MNumber,PID,ID,ProjectID) VALUES (3078,109082,100105,103038);
INSERT INTO ModelInProject(MNumber,PID,ID,ProjectID) VALUES (3041,109019,100272,103033);
INSERT INTO ModelInProject(MNumber,PID,ID,ProjectID) VALUES (3048,109032,100248,103020);
INSERT INTO ModelInProject(MNumber,PID,ID,ProjectID) VALUES (3061,109019,100224,103039);
INSERT INTO ModelInProject(MNumber,PID,ID,ProjectID) VALUES (3028,109045,100162,103021);
INSERT INTO ModelInProject(MNumber,PID,ID,ProjectID) VALUES (3010,109092,100070,103029);
INSERT INTO ModelInProject(MNumber,PID,ID,ProjectID) VALUES (3042,109099,100274,103051);
INSERT INTO ModelInProject(MNumber,PID,ID,ProjectID) VALUES (3056,109043,100124,103054);
INSERT INTO ModelInProject(MNumber,PID,ID,ProjectID) VALUES (3045,109041,100261,103045);
INSERT INTO ModelInProject(MNumber,PID,ID,ProjectID) VALUES (3013,109075,100202,103003);
INSERT INTO ModelInProject(MNumber,PID,ID,ProjectID) VALUES (3094,109070,100124,103014);
INSERT INTO ModelInProject(MNumber,PID,ID,ProjectID) VALUES (3031,109019,100230,103045);
INSERT INTO ModelInProject(MNumber,PID,ID,ProjectID) VALUES (3038,109093,100091,103036);
INSERT INTO ModelInProject(MNumber,PID,ID,ProjectID) VALUES (3080,109076,100050,103021);
INSERT INTO ModelInProject(MNumber,PID,ID,ProjectID) VALUES (3097,109027,100272,103028);
INSERT INTO ModelInProject(MNumber,PID,ID,ProjectID) VALUES (3065,109004,100015,103012);
INSERT INTO ModelInProject(MNumber,PID,ID,ProjectID) VALUES (3046,109095,100224,103013);
INSERT INTO ModelInProject(MNumber,PID,ID,ProjectID) VALUES (3098,109028,100300,103018);
INSERT INTO ModelInProject(MNumber,PID,ID,ProjectID) VALUES (3093,109002,100030,103002);
INSERT INTO ModelInProject(MNumber,PID,ID,ProjectID) VALUES (3073,109050,100224,103052);
INSERT INTO ModelInProject(MNumber,PID,ID,ProjectID) VALUES (3037,109044,100184,103039);

INSERT INTO mSession(PID,ASession) VALUES (107152,'tsterry0');
INSERT INTO mSession(PID,ASession) VALUES (107020,'formesher1');
INSERT INTO mSession(PID,ASession) VALUES (107071,'tosherrin2');
INSERT INTO mSession(PID,ASession) VALUES (107100,'oisaq3');
INSERT INTO mSession(PID,ASession) VALUES (107189,'tstuckow4');
INSERT INTO mSession(PID,ASession) VALUES (107098,'yehlerding5');
INSERT INTO mSession(PID,ASession) VALUES (107126,'odragon6');
INSERT INTO mSession(PID,ASession) VALUES (107084,'elorand7');
INSERT INTO mSession(PID,ASession) VALUES (107194,'jtapp8');
INSERT INTO mSession(PID,ASession) VALUES (107025,'cjanos9');
INSERT INTO mSession(PID,ASession) VALUES (107067,'kcockertona');
INSERT INTO mSession(PID,ASession) VALUES (107152,'dstoodleyb');
INSERT INTO mSession(PID,ASession) VALUES (107084,'cpatsallc');
INSERT INTO mSession(PID,ASession) VALUES (107019,'gcroned');
INSERT INTO mSession(PID,ASession) VALUES (107040,'folorenshawe');
INSERT INTO mSession(PID,ASession) VALUES (107092,'pghirigorif');
INSERT INTO mSession(PID,ASession) VALUES (107042,'bmcbaing');
INSERT INTO mSession(PID,ASession) VALUES (107177,'mvernhamh');
INSERT INTO mSession(PID,ASession) VALUES (107145,'apetrei');
INSERT INTO mSession(PID,ASession) VALUES (107184,'dkerrichj');
INSERT INTO mSession(PID,ASession) VALUES (107073,'lstrawk');
INSERT INTO mSession(PID,ASession) VALUES (107119,'mdonoghuel');
INSERT INTO mSession(PID,ASession) VALUES (107087,'rstonem');
INSERT INTO mSession(PID,ASession) VALUES (107015,'psneesbien');
INSERT INTO mSession(PID,ASession) VALUES (107193,'tmatzlo');
INSERT INTO mSession(PID,ASession) VALUES (107105,'kshippardp');
INSERT INTO mSession(PID,ASession) VALUES (107194,'acharletq');
INSERT INTO mSession(PID,ASession) VALUES (107155,'wbeeber');
INSERT INTO mSession(PID,ASession) VALUES (107092,'jcastagnes');
INSERT INTO mSession(PID,ASession) VALUES (107015,'bromeot');
INSERT INTO mSession(PID,ASession) VALUES (107184,'pwhyattu');
INSERT INTO mSession(PID,ASession) VALUES (107092,'bgionettittiv');
INSERT INTO mSession(PID,ASession) VALUES (107134,'pgovinlockw');
INSERT INTO mSession(PID,ASession) VALUES (107009,'hkneeshawx');
INSERT INTO mSession(PID,ASession) VALUES (107029,'ctolly');
INSERT INTO mSession(PID,ASession) VALUES (107033,'mcosleyz');
INSERT INTO mSession(PID,ASession) VALUES (107127,'sgohn10');
INSERT INTO mSession(PID,ASession) VALUES (107125,'bhurdman11');
INSERT INTO mSession(PID,ASession) VALUES (107060,'lvesco12');
INSERT INTO mSession(PID,ASession) VALUES (107146,'esergant13');
INSERT INTO mSession(PID,ASession) VALUES (107082,'sgabitis14');
INSERT INTO mSession(PID,ASession) VALUES (107193,'jgarwill15');
INSERT INTO mSession(PID,ASession) VALUES (107028,'cmartensen16');
INSERT INTO mSession(PID,ASession) VALUES (107126,'fparmeter17');
INSERT INTO mSession(PID,ASession) VALUES (107161,'hcultcheth18');
INSERT INTO mSession(PID,ASession) VALUES (107030,'tmckerron19');
INSERT INTO mSession(PID,ASession) VALUES (107136,'gpaumier1a');
INSERT INTO mSession(PID,ASession) VALUES (107033,'htreneman1b');
INSERT INTO mSession(PID,ASession) VALUES (107142,'hscouse1c');
INSERT INTO mSession(PID,ASession) VALUES (107059,'mgoncalo1d');
INSERT INTO mSession(PID,ASession) VALUES (107033,'hdaouze1e');
INSERT INTO mSession(PID,ASession) VALUES (107142,'bklaves1f');
INSERT INTO mSession(PID,ASession) VALUES (107113,'abourthoumieux1g');
INSERT INTO mSession(PID,ASession) VALUES (107152,'fgawen1h');
INSERT INTO mSession(PID,ASession) VALUES (107062,'hhamper1i');
INSERT INTO mSession(PID,ASession) VALUES (107064,'aelward1j');
INSERT INTO mSession(PID,ASession) VALUES (107152,'jdugo1k');
INSERT INTO mSession(PID,ASession) VALUES (107064,'vtitchard1l');
INSERT INTO mSession(PID,ASession) VALUES (107015,'asharrard1m');
INSERT INTO mSession(PID,ASession) VALUES (107009,'fhurrell1n');
INSERT INTO mSession(PID,ASession) VALUES (107060,'nwestberg1o');
INSERT INTO mSession(PID,ASession) VALUES (107109,'lhowgill1p');
INSERT INTO mSession(PID,ASession) VALUES (107072,'ohearthfield1q');
INSERT INTO mSession(PID,ASession) VALUES (107019,'rdelwater1r');
INSERT INTO mSession(PID,ASession) VALUES (107037,'jcollacombe1s');
INSERT INTO mSession(PID,ASession) VALUES (107129,'sbutterly1t');
INSERT INTO mSession(PID,ASession) VALUES (107092,'lkernes1u');
INSERT INTO mSession(PID,ASession) VALUES (107061,'itruggian1v');
INSERT INTO mSession(PID,ASession) VALUES (107127,'bjessen1w');
INSERT INTO mSession(PID,ASession) VALUES (107084,'hfyndon1x');
INSERT INTO mSession(PID,ASession) VALUES (107095,'dmckeag1y');
INSERT INTO mSession(PID,ASession) VALUES (107165,'mfeatherstonhaugh1z');
INSERT INTO mSession(PID,ASession) VALUES (107184,'asayers20');
INSERT INTO mSession(PID,ASession) VALUES (107132,'srops21');
INSERT INTO mSession(PID,ASession) VALUES (107125,'bgianasi22');
INSERT INTO mSession(PID,ASession) VALUES (107109,'bbrabon23');
INSERT INTO mSession(PID,ASession) VALUES (107009,'lmoyle24');
INSERT INTO mSession(PID,ASession) VALUES (107127,'kmartensen25');
INSERT INTO mSession(PID,ASession) VALUES (107062,'tmerrington26');
INSERT INTO mSession(PID,ASession) VALUES (107095,'ifairclough27');
INSERT INTO mSession(PID,ASession) VALUES (107058,'jbillyeald28');
INSERT INTO mSession(PID,ASession) VALUES (107098,'lmallinder29');
INSERT INTO mSession(PID,ASession) VALUES (107082,'aoroan2a');
INSERT INTO mSession(PID,ASession) VALUES (107147,'nnewlan2b');
INSERT INTO mSession(PID,ASession) VALUES (107127,'wmckain2c');
INSERT INTO mSession(PID,ASession) VALUES (107092,'hkeatley2d');
INSERT INTO mSession(PID,ASession) VALUES (107013,'fscarth2e');
INSERT INTO mSession(PID,ASession) VALUES (107062,'dstoakes2f');
INSERT INTO mSession(PID,ASession) VALUES (107155,'jharkess2g');
INSERT INTO mSession(PID,ASession) VALUES (107073,'bpudden2h');
INSERT INTO mSession(PID,ASession) VALUES (107095,'gbroadwell2i');
INSERT INTO mSession(PID,ASession) VALUES (107017,'gbladder2j');
INSERT INTO mSession(PID,ASession) VALUES (107184,'jjakubczyk2k');
INSERT INTO mSession(PID,ASession) VALUES (107028,'rcandey2l');
INSERT INTO mSession(PID,ASession) VALUES (107161,'nbea2m');
INSERT INTO mSession(PID,ASession) VALUES (107015,'mdebruijn2n');
INSERT INTO mSession(PID,ASession) VALUES (107082,'gklink2o');
INSERT INTO mSession(PID,ASession) VALUES (107021,'schate2p');
INSERT INTO mSession(PID,ASession) VALUES (107064,'dciccerale2q');
INSERT INTO mSession(PID,ASession) VALUES (107071,'cmattholie2r');

INSERT INTO Works_on(ID,PID) VALUES (100138,107123);
INSERT INTO Works_on(ID,PID) VALUES (100019,107080);
INSERT INTO Works_on(ID,PID) VALUES (100139,107092);
INSERT INTO Works_on(ID,PID) VALUES (100011,107150);
INSERT INTO Works_on(ID,PID) VALUES (100220,107099);
INSERT INTO Works_on(ID,PID) VALUES (100221,107054);
INSERT INTO Works_on(ID,PID) VALUES (100051,107086);
INSERT INTO Works_on(ID,PID) VALUES (100290,107138);
INSERT INTO Works_on(ID,PID) VALUES (100197,107015);
INSERT INTO Works_on(ID,PID) VALUES (100028,107097);
INSERT INTO Works_on(ID,PID) VALUES (100005,107160);
INSERT INTO Works_on(ID,PID) VALUES (100151,107185);
INSERT INTO Works_on(ID,PID) VALUES (100078,107129);
INSERT INTO Works_on(ID,PID) VALUES (100083,107144);
INSERT INTO Works_on(ID,PID) VALUES (100134,107076);
INSERT INTO Works_on(ID,PID) VALUES (100220,107075);
INSERT INTO Works_on(ID,PID) VALUES (100269,107193);
INSERT INTO Works_on(ID,PID) VALUES (100151,107087);
INSERT INTO Works_on(ID,PID) VALUES (100206,107059);
INSERT INTO Works_on(ID,PID) VALUES (100222,107058);
INSERT INTO Works_on(ID,PID) VALUES (100104,107066);
INSERT INTO Works_on(ID,PID) VALUES (100024,107008);
INSERT INTO Works_on(ID,PID) VALUES (100144,107042);
INSERT INTO Works_on(ID,PID) VALUES (100011,107192);
INSERT INTO Works_on(ID,PID) VALUES (100092,107131);
INSERT INTO Works_on(ID,PID) VALUES (100029,107154);
INSERT INTO Works_on(ID,PID) VALUES (100024,107189);
INSERT INTO Works_on(ID,PID) VALUES (100222,107030);
INSERT INTO Works_on(ID,PID) VALUES (100197,107175);
INSERT INTO Works_on(ID,PID) VALUES (100207,107140);
INSERT INTO Works_on(ID,PID) VALUES (100055,107119);
INSERT INTO Works_on(ID,PID) VALUES (100085,107161);
INSERT INTO Works_on(ID,PID) VALUES (100271,107145);
INSERT INTO Works_on(ID,PID) VALUES (100121,107100);
INSERT INTO Works_on(ID,PID) VALUES (100092,107015);
INSERT INTO Works_on(ID,PID) VALUES (100284,107188);
INSERT INTO Works_on(ID,PID) VALUES (100065,107021);
INSERT INTO Works_on(ID,PID) VALUES (100197,107043);
INSERT INTO Works_on(ID,PID) VALUES (100200,107108);
INSERT INTO Works_on(ID,PID) VALUES (100142,107035);
INSERT INTO Works_on(ID,PID) VALUES (100299,107089);
INSERT INTO Works_on(ID,PID) VALUES (100051,107075);
INSERT INTO Works_on(ID,PID) VALUES (100011,107167);
INSERT INTO Works_on(ID,PID) VALUES (100085,107183);
INSERT INTO Works_on(ID,PID) VALUES (100055,107199);
INSERT INTO Works_on(ID,PID) VALUES (100078,107136);
INSERT INTO Works_on(ID,PID) VALUES (100005,107149);
INSERT INTO Works_on(ID,PID) VALUES (100104,107039);
INSERT INTO Works_on(ID,PID) VALUES (100101,107155);
INSERT INTO Works_on(ID,PID) VALUES (100053,107061);
INSERT INTO Works_on(ID,PID) VALUES (100005,107105);
INSERT INTO Works_on(ID,PID) VALUES (100197,107130);
INSERT INTO Works_on(ID,PID) VALUES (100139,107115);
INSERT INTO Works_on(ID,PID) VALUES (100083,107068);
INSERT INTO Works_on(ID,PID) VALUES (100167,107129);
INSERT INTO Works_on(ID,PID) VALUES (100115,107026);
INSERT INTO Works_on(ID,PID) VALUES (100123,107127);
INSERT INTO Works_on(ID,PID) VALUES (100142,107005);
INSERT INTO Works_on(ID,PID) VALUES (100242,107118);
INSERT INTO Works_on(ID,PID) VALUES (100299,107032);
INSERT INTO Works_on(ID,PID) VALUES (100085,107104);
INSERT INTO Works_on(ID,PID) VALUES (100222,107053);
INSERT INTO Works_on(ID,PID) VALUES (100204,107036);
INSERT INTO Works_on(ID,PID) VALUES (100053,107175);
INSERT INTO Works_on(ID,PID) VALUES (100152,107092);
INSERT INTO Works_on(ID,PID) VALUES (100207,107066);
INSERT INTO Works_on(ID,PID) VALUES (100093,107157);
INSERT INTO Works_on(ID,PID) VALUES (100023,107084);
INSERT INTO Works_on(ID,PID) VALUES (100139,107041);
INSERT INTO Works_on(ID,PID) VALUES (100183,107098);
INSERT INTO Works_on(ID,PID) VALUES (100115,107105);
INSERT INTO Works_on(ID,PID) VALUES (100055,107094);
INSERT INTO Works_on(ID,PID) VALUES (100151,107096);
INSERT INTO Works_on(ID,PID) VALUES (100228,107102);
INSERT INTO Works_on(ID,PID) VALUES (100005,107175);
INSERT INTO Works_on(ID,PID) VALUES (100268,107148);
INSERT INTO Works_on(ID,PID) VALUES (100242,107198);
INSERT INTO Works_on(ID,PID) VALUES (100053,107174);
INSERT INTO Works_on(ID,PID) VALUES (100023,107013);
INSERT INTO Works_on(ID,PID) VALUES (100268,107118);
INSERT INTO Works_on(ID,PID) VALUES (100115,107190);
INSERT INTO Works_on(ID,PID) VALUES (100055,107119);
INSERT INTO Works_on(ID,PID) VALUES (100167,107058);
INSERT INTO Works_on(ID,PID) VALUES (100221,107003);
INSERT INTO Works_on(ID,PID) VALUES (100213,107039);
INSERT INTO Works_on(ID,PID) VALUES (100152,107088);
INSERT INTO Works_on(ID,PID) VALUES (100092,107181);
INSERT INTO Works_on(ID,PID) VALUES (100078,107025);
INSERT INTO Works_on(ID,PID) VALUES (100029,107106);
INSERT INTO Works_on(ID,PID) VALUES (100123,107095);
INSERT INTO Works_on(ID,PID) VALUES (100151,107090);
INSERT INTO Works_on(ID,PID) VALUES (100284,107042);
INSERT INTO Works_on(ID,PID) VALUES (100021,107081);
INSERT INTO Works_on(ID,PID) VALUES (100152,107038);
INSERT INTO Works_on(ID,PID) VALUES (100207,107187);
INSERT INTO Works_on(ID,PID) VALUES (100029,107059);
INSERT INTO Works_on(ID,PID) VALUES (100061,107153);
INSERT INTO Works_on(ID,PID) VALUES (100023,107039);
INSERT INTO Works_on(ID,PID) VALUES (100197,107102);
INSERT INTO Works_on(ID,PID) VALUES (100053,107095);

INSERT INTO wSession(ID,PID,ASession) VALUES (100197,107175,'lmurdie0');
INSERT INTO wSession(ID,PID,ASession) VALUES (100023,107039,'kbrisbane1');
INSERT INTO wSession(ID,PID,ASession) VALUES (100207,107140,'pparchment2');
INSERT INTO wSession(ID,PID,ASession) VALUES (100228,107102,'mhuzzay3');
INSERT INTO wSession(ID,PID,ASession) VALUES (100183,107098,'codyvoie4');
INSERT INTO wSession(ID,PID,ASession) VALUES (100268,107118,'afishlee5');
INSERT INTO wSession(ID,PID,ASession) VALUES (100221,107003,'crookesby6');
INSERT INTO wSession(ID,PID,ASession) VALUES (100151,107185,'imartellini7');
INSERT INTO wSession(ID,PID,ASession) VALUES (100284,107188,'dcamois8');
INSERT INTO wSession(ID,PID,ASession) VALUES (100051,107086,'iocalleran9');
INSERT INTO wSession(ID,PID,ASession) VALUES (100151,107090,'udellatorrea');
INSERT INTO wSession(ID,PID,ASession) VALUES (100139,107115,'aetheringtonb');
INSERT INTO wSession(ID,PID,ASession) VALUES (100083,107068,'mmurisc');
INSERT INTO wSession(ID,PID,ASession) VALUES (100220,107075,'wcouttesd');
INSERT INTO wSession(ID,PID,ASession) VALUES (100197,107102,'gprycee');
INSERT INTO wSession(ID,PID,ASession) VALUES (100023,107039,'camorf');
INSERT INTO wSession(ID,PID,ASession) VALUES (100055,107119,'vsutheringtong');
INSERT INTO wSession(ID,PID,ASession) VALUES (100053,107061,'ncleallh');
INSERT INTO wSession(ID,PID,ASession) VALUES (100221,107003,'hreidshawi');
INSERT INTO wSession(ID,PID,ASession) VALUES (100144,107042,'ematteij');
INSERT INTO wSession(ID,PID,ASession) VALUES (100134,107076,'mnoycek');
INSERT INTO wSession(ID,PID,ASession) VALUES (100005,107149,'nruddyl');
INSERT INTO wSession(ID,PID,ASession) VALUES (100200,107108,'rpitfieldm');
INSERT INTO wSession(ID,PID,ASession) VALUES (100228,107102,'tstorkesn');
INSERT INTO wSession(ID,PID,ASession) VALUES (100206,107059,'gwilsteado');
INSERT INTO wSession(ID,PID,ASession) VALUES (100197,107015,'ctilburyp');
INSERT INTO wSession(ID,PID,ASession) VALUES (100142,107005,'caronoffq');
INSERT INTO wSession(ID,PID,ASession) VALUES (100092,107181,'mdennickr');
INSERT INTO wSession(ID,PID,ASession) VALUES (100115,107190,'weklesss');
INSERT INTO wSession(ID,PID,ASession) VALUES (100197,107130,'aduftont');
INSERT INTO wSession(ID,PID,ASession) VALUES (100139,107115,'dharmaru');
INSERT INTO wSession(ID,PID,ASession) VALUES (100023,107013,'tbassamv');
INSERT INTO wSession(ID,PID,ASession) VALUES (100299,107032,'sdudillw');
INSERT INTO wSession(ID,PID,ASession) VALUES (100055,107119,'elexax');
INSERT INTO wSession(ID,PID,ASession) VALUES (100200,107108,'cpadmorey');
INSERT INTO wSession(ID,PID,ASession) VALUES (100228,107102,'elydiatez');
INSERT INTO wSession(ID,PID,ASession) VALUES (100055,107199,'mmiddlebrook10');
INSERT INTO wSession(ID,PID,ASession) VALUES (100152,107038,'ymussalli11');
INSERT INTO wSession(ID,PID,ASession) VALUES (100005,107149,'fknappett12');
INSERT INTO wSession(ID,PID,ASession) VALUES (100220,107099,'bveracruysse13');
INSERT INTO wSession(ID,PID,ASession) VALUES (100138,107123,'brigney14');
INSERT INTO wSession(ID,PID,ASession) VALUES (100221,107003,'gbeastall15');
INSERT INTO wSession(ID,PID,ASession) VALUES (100299,107032,'cvanetti16');
INSERT INTO wSession(ID,PID,ASession) VALUES (100207,107066,'lmartignoni17');
INSERT INTO wSession(ID,PID,ASession) VALUES (100078,107136,'lneillans18');
INSERT INTO wSession(ID,PID,ASession) VALUES (100284,107188,'mgrugerr19');
INSERT INTO wSession(ID,PID,ASession) VALUES (100299,107032,'kpolendine1a');
INSERT INTO wSession(ID,PID,ASession) VALUES (100222,107030,'apaffot1b');
INSERT INTO wSession(ID,PID,ASession) VALUES (100142,107035,'sbargh1c');
INSERT INTO wSession(ID,PID,ASession) VALUES (100221,107054,'byakhin1d');
INSERT INTO wSession(ID,PID,ASession) VALUES (100183,107098,'sfallis1e');
INSERT INTO wSession(ID,PID,ASession) VALUES (100005,107105,'kdaish1f');
INSERT INTO wSession(ID,PID,ASession) VALUES (100011,107150,'abreslau1g');
INSERT INTO wSession(ID,PID,ASession) VALUES (100206,107059,'dloveitt1h');
INSERT INTO wSession(ID,PID,ASession) VALUES (100023,107084,'lcoucha1i');
INSERT INTO wSession(ID,PID,ASession) VALUES (100083,107068,'lbentall1j');
INSERT INTO wSession(ID,PID,ASession) VALUES (100093,107157,'dbignold1k');
INSERT INTO wSession(ID,PID,ASession) VALUES (100053,107175,'bgotliffe1l');
INSERT INTO wSession(ID,PID,ASession) VALUES (100053,107174,'akittow1m');
INSERT INTO wSession(ID,PID,ASession) VALUES (100197,107043,'kraeburn1n');
INSERT INTO wSession(ID,PID,ASession) VALUES (100222,107053,'gkalb1o');
INSERT INTO wSession(ID,PID,ASession) VALUES (100078,107025,'blockyear1p');
INSERT INTO wSession(ID,PID,ASession) VALUES (100005,107149,'crowbottom1q');
INSERT INTO wSession(ID,PID,ASession) VALUES (100152,107088,'tingles1r');
INSERT INTO wSession(ID,PID,ASession) VALUES (100011,107192,'hcamili1s');
INSERT INTO wSession(ID,PID,ASession) VALUES (100123,107095,'cmcvee1t');
INSERT INTO wSession(ID,PID,ASession) VALUES (100053,107095,'abarwise1u');
INSERT INTO wSession(ID,PID,ASession) VALUES (100092,107181,'saubri1v');
INSERT INTO wSession(ID,PID,ASession) VALUES (100092,107131,'lutteridge1w');
INSERT INTO wSession(ID,PID,ASession) VALUES (100134,107076,'cchainey1x');
INSERT INTO wSession(ID,PID,ASession) VALUES (100200,107108,'acarmen1y');
INSERT INTO wSession(ID,PID,ASession) VALUES (100228,107102,'tblackburn1z');
INSERT INTO wSession(ID,PID,ASession) VALUES (100053,107095,'rkoch20');
INSERT INTO wSession(ID,PID,ASession) VALUES (100085,107104,'tkilloran21');
INSERT INTO wSession(ID,PID,ASession) VALUES (100197,107175,'jbrocklehurst22');
INSERT INTO wSession(ID,PID,ASession) VALUES (100183,107098,'ghofton23');
INSERT INTO wSession(ID,PID,ASession) VALUES (100011,107167,'lsinden24');
INSERT INTO wSession(ID,PID,ASession) VALUES (100142,107035,'lphittiplace25');
INSERT INTO wSession(ID,PID,ASession) VALUES (100152,107092,'cswatradge26');
INSERT INTO wSession(ID,PID,ASession) VALUES (100024,107008,'rmcswan27');
INSERT INTO wSession(ID,PID,ASession) VALUES (100167,107129,'tstorrie28');
INSERT INTO wSession(ID,PID,ASession) VALUES (100221,107054,'rbotley29');
INSERT INTO wSession(ID,PID,ASession) VALUES (100213,107039,'nborthwick2a');
INSERT INTO wSession(ID,PID,ASession) VALUES (100078,107025,'lsnuggs2b');
INSERT INTO wSession(ID,PID,ASession) VALUES (100104,107066,'bferreli2c');
INSERT INTO wSession(ID,PID,ASession) VALUES (100167,107129,'ckennaird2d');
INSERT INTO wSession(ID,PID,ASession) VALUES (100011,107150,'dcuzen2e');
INSERT INTO wSession(ID,PID,ASession) VALUES (100029,107106,'hiapico2f');
INSERT INTO wSession(ID,PID,ASession) VALUES (100083,107068,'slangwade2g');
INSERT INTO wSession(ID,PID,ASession) VALUES (100029,107059,'sbroek2h');
INSERT INTO wSession(ID,PID,ASession) VALUES (100299,107089,'pfeeley2i');
INSERT INTO wSession(ID,PID,ASession) VALUES (100104,107039,'flangston2j');
INSERT INTO wSession(ID,PID,ASession) VALUES (100029,107154,'tdautry2k');
INSERT INTO wSession(ID,PID,ASession) VALUES (100197,107015,'ftarplee2l');
INSERT INTO wSession(ID,PID,ASession) VALUES (100051,107075,'rpanniers2m');
INSERT INTO wSession(ID,PID,ASession) VALUES (100092,107015,'kkreber2n');
INSERT INTO wSession(ID,PID,ASession) VALUES (100005,107149,'kpaulich2o');
INSERT INTO wSession(ID,PID,ASession) VALUES (100138,107123,'inewlands2p');
INSERT INTO wSession(ID,PID,ASession) VALUES (100152,107092,'agower2q');
INSERT INTO wSession(ID,PID,ASession) VALUES (100078,107025,'bcianni2r');

INSERT INTO ProjectForProduct(ProjectID,ProductID) VALUES (103047,109093);
INSERT INTO ProjectForProduct(ProjectID,ProductID) VALUES (103057,109027);
INSERT INTO ProjectForProduct(ProjectID,ProductID) VALUES (103038,109068);
INSERT INTO ProjectForProduct(ProjectID,ProductID) VALUES (103050,109018);
INSERT INTO ProjectForProduct(ProjectID,ProductID) VALUES (103012,109079);
INSERT INTO ProjectForProduct(ProjectID,ProductID) VALUES (103023,109032);
INSERT INTO ProjectForProduct(ProjectID,ProductID) VALUES (103037,109010);
INSERT INTO ProjectForProduct(ProjectID,ProductID) VALUES (103020,109051);
INSERT INTO ProjectForProduct(ProjectID,ProductID) VALUES (103059,109009);
INSERT INTO ProjectForProduct(ProjectID,ProductID) VALUES (103038,109027);
INSERT INTO ProjectForProduct(ProjectID,ProductID) VALUES (103059,109052);
INSERT INTO ProjectForProduct(ProjectID,ProductID) VALUES (103002,109019);
INSERT INTO ProjectForProduct(ProjectID,ProductID) VALUES (103019,109017);
INSERT INTO ProjectForProduct(ProjectID,ProductID) VALUES (103008,109092);
INSERT INTO ProjectForProduct(ProjectID,ProductID) VALUES (103006,109028);
INSERT INTO ProjectForProduct(ProjectID,ProductID) VALUES (103034,109085);
INSERT INTO ProjectForProduct(ProjectID,ProductID) VALUES (103045,109016);
INSERT INTO ProjectForProduct(ProjectID,ProductID) VALUES (103053,109041);
INSERT INTO ProjectForProduct(ProjectID,ProductID) VALUES (103059,109029);
INSERT INTO ProjectForProduct(ProjectID,ProductID) VALUES (103044,109059);
INSERT INTO ProjectForProduct(ProjectID,ProductID) VALUES (103014,109075);
INSERT INTO ProjectForProduct(ProjectID,ProductID) VALUES (103058,109042);
INSERT INTO ProjectForProduct(ProjectID,ProductID) VALUES (103035,109038);
INSERT INTO ProjectForProduct(ProjectID,ProductID) VALUES (103038,109025);
INSERT INTO ProjectForProduct(ProjectID,ProductID) VALUES (103042,109066);
INSERT INTO ProjectForProduct(ProjectID,ProductID) VALUES (103053,109086);
INSERT INTO ProjectForProduct(ProjectID,ProductID) VALUES (103014,109076);
INSERT INTO ProjectForProduct(ProjectID,ProductID) VALUES (103027,109046);
INSERT INTO ProjectForProduct(ProjectID,ProductID) VALUES (103010,109059);
INSERT INTO ProjectForProduct(ProjectID,ProductID) VALUES (103040,109077);
INSERT INTO ProjectForProduct(ProjectID,ProductID) VALUES (103005,109036);
INSERT INTO ProjectForProduct(ProjectID,ProductID) VALUES (103001,109083);
INSERT INTO ProjectForProduct(ProjectID,ProductID) VALUES (103049,109026);
INSERT INTO ProjectForProduct(ProjectID,ProductID) VALUES (103052,109022);
INSERT INTO ProjectForProduct(ProjectID,ProductID) VALUES (103057,109040);
INSERT INTO ProjectForProduct(ProjectID,ProductID) VALUES (103026,109042);
INSERT INTO ProjectForProduct(ProjectID,ProductID) VALUES (103032,109038);
INSERT INTO ProjectForProduct(ProjectID,ProductID) VALUES (103022,109084);
INSERT INTO ProjectForProduct(ProjectID,ProductID) VALUES (103051,109052);
INSERT INTO ProjectForProduct(ProjectID,ProductID) VALUES (103048,109093);
INSERT INTO ProjectForProduct(ProjectID,ProductID) VALUES (103029,109068);
INSERT INTO ProjectForProduct(ProjectID,ProductID) VALUES (103030,109088);
INSERT INTO ProjectForProduct(ProjectID,ProductID) VALUES (103022,109059);
INSERT INTO ProjectForProduct(ProjectID,ProductID) VALUES (103008,109085);
INSERT INTO ProjectForProduct(ProjectID,ProductID) VALUES (103019,109090);
INSERT INTO ProjectForProduct(ProjectID,ProductID) VALUES (103014,109007);
INSERT INTO ProjectForProduct(ProjectID,ProductID) VALUES (103005,109034);
INSERT INTO ProjectForProduct(ProjectID,ProductID) VALUES (103053,109014);
INSERT INTO ProjectForProduct(ProjectID,ProductID) VALUES (103019,109021);
INSERT INTO ProjectForProduct(ProjectID,ProductID) VALUES (103031,109050);
INSERT INTO ProjectForProduct(ProjectID,ProductID) VALUES (103027,109031);
INSERT INTO ProjectForProduct(ProjectID,ProductID) VALUES (103008,109009);
INSERT INTO ProjectForProduct(ProjectID,ProductID) VALUES (103010,109026);
INSERT INTO ProjectForProduct(ProjectID,ProductID) VALUES (103046,109076);
INSERT INTO ProjectForProduct(ProjectID,ProductID) VALUES (103012,109045);
INSERT INTO ProjectForProduct(ProjectID,ProductID) VALUES (103046,109055);
INSERT INTO ProjectForProduct(ProjectID,ProductID) VALUES (103050,109033);
INSERT INTO ProjectForProduct(ProjectID,ProductID) VALUES (103002,109099);
INSERT INTO ProjectForProduct(ProjectID,ProductID) VALUES (103013,109007);
INSERT INTO ProjectForProduct(ProjectID,ProductID) VALUES (103052,109008);
INSERT INTO ProjectForProduct(ProjectID,ProductID) VALUES (103045,109060);
INSERT INTO ProjectForProduct(ProjectID,ProductID) VALUES (103018,109014);
INSERT INTO ProjectForProduct(ProjectID,ProductID) VALUES (103011,109036);
INSERT INTO ProjectForProduct(ProjectID,ProductID) VALUES (103041,109022);
INSERT INTO ProjectForProduct(ProjectID,ProductID) VALUES (103021,109098);
INSERT INTO ProjectForProduct(ProjectID,ProductID) VALUES (103035,109035);
INSERT INTO ProjectForProduct(ProjectID,ProductID) VALUES (103036,109009);
INSERT INTO ProjectForProduct(ProjectID,ProductID) VALUES (103039,109050);
INSERT INTO ProjectForProduct(ProjectID,ProductID) VALUES (103005,109072);
INSERT INTO ProjectForProduct(ProjectID,ProductID) VALUES (103011,109058);
INSERT INTO ProjectForProduct(ProjectID,ProductID) VALUES (103041,109083);
INSERT INTO ProjectForProduct(ProjectID,ProductID) VALUES (103016,109058);
INSERT INTO ProjectForProduct(ProjectID,ProductID) VALUES (103020,109018);
INSERT INTO ProjectForProduct(ProjectID,ProductID) VALUES (103022,109051);
INSERT INTO ProjectForProduct(ProjectID,ProductID) VALUES (103040,109003);
INSERT INTO ProjectForProduct(ProjectID,ProductID) VALUES (103018,109012);
INSERT INTO ProjectForProduct(ProjectID,ProductID) VALUES (103021,109007);
INSERT INTO ProjectForProduct(ProjectID,ProductID) VALUES (103012,109039);
INSERT INTO ProjectForProduct(ProjectID,ProductID) VALUES (103001,109060);
INSERT INTO ProjectForProduct(ProjectID,ProductID) VALUES (103008,109054);
INSERT INTO ProjectForProduct(ProjectID,ProductID) VALUES (103040,109042);
INSERT INTO ProjectForProduct(ProjectID,ProductID) VALUES (103035,109021);
INSERT INTO ProjectForProduct(ProjectID,ProductID) VALUES (103009,109022);
INSERT INTO ProjectForProduct(ProjectID,ProductID) VALUES (103027,109076);
INSERT INTO ProjectForProduct(ProjectID,ProductID) VALUES (103019,109026);
INSERT INTO ProjectForProduct(ProjectID,ProductID) VALUES (103043,109002);
INSERT INTO ProjectForProduct(ProjectID,ProductID) VALUES (103057,109038);
INSERT INTO ProjectForProduct(ProjectID,ProductID) VALUES (103005,109075);
INSERT INTO ProjectForProduct(ProjectID,ProductID) VALUES (103052,109070);
INSERT INTO ProjectForProduct(ProjectID,ProductID) VALUES (103044,109063);
INSERT INTO ProjectForProduct(ProjectID,ProductID) VALUES (103008,109080);
INSERT INTO ProjectForProduct(ProjectID,ProductID) VALUES (103011,109058);
INSERT INTO ProjectForProduct(ProjectID,ProductID) VALUES (103055,109077);
INSERT INTO ProjectForProduct(ProjectID,ProductID) VALUES (103001,109028);
INSERT INTO ProjectForProduct(ProjectID,ProductID) VALUES (103002,109055);
INSERT INTO ProjectForProduct(ProjectID,ProductID) VALUES (103024,109039);
INSERT INTO ProjectForProduct(ProjectID,ProductID) VALUES (103040,109084);
INSERT INTO ProjectForProduct(ProjectID,ProductID) VALUES (103002,109073);
INSERT INTO ProjectForProduct(ProjectID,ProductID) VALUES (103046,109052);
INSERT INTO ProjectForProduct(ProjectID,ProductID) VALUES (103019,109095);

INSERT INTO Supplies(SupplierID,PartID,ProjectID,Date,Quantity,Price) VALUES (105034,110543,103020,'2022-03-19',45,30244);
INSERT INTO Supplies(SupplierID,PartID,ProjectID,Date,Quantity,Price) VALUES (105013,110304,103037,'2022-06-26',11,44646);
INSERT INTO Supplies(SupplierID,PartID,ProjectID,Date,Quantity,Price) VALUES (105041,110452,103025,'2019-04-17',41,32768);
INSERT INTO Supplies(SupplierID,PartID,ProjectID,Date,Quantity,Price) VALUES (105040,110468,103028,'2021-03-22',65,45798);
INSERT INTO Supplies(SupplierID,PartID,ProjectID,Date,Quantity,Price) VALUES (105035,110302,103045,'2020-03-22',29,23623);
INSERT INTO Supplies(SupplierID,PartID,ProjectID,Date,Quantity,Price) VALUES (105009,110482,103016,'2021-05-23',79,11736);
INSERT INTO Supplies(SupplierID,PartID,ProjectID,Date,Quantity,Price) VALUES (105010,110163,103056,'2022-07-12',8,37226);
INSERT INTO Supplies(SupplierID,PartID,ProjectID,Date,Quantity,Price) VALUES (105042,110053,103049,'2021-10-14',15,48634);
INSERT INTO Supplies(SupplierID,PartID,ProjectID,Date,Quantity,Price) VALUES (105020,110133,103013,'2019-02-02',67,25237);
INSERT INTO Supplies(SupplierID,PartID,ProjectID,Date,Quantity,Price) VALUES (105008,110255,103058,'2021-10-06',63,10142);
INSERT INTO Supplies(SupplierID,PartID,ProjectID,Date,Quantity,Price) VALUES (105048,110007,103044,'2020-06-06',59,9108);
INSERT INTO Supplies(SupplierID,PartID,ProjectID,Date,Quantity,Price) VALUES (105015,110416,103040,'2019-11-04',78,9528);
INSERT INTO Supplies(SupplierID,PartID,ProjectID,Date,Quantity,Price) VALUES (105045,110214,103046,'2019-04-25',5,23374);
INSERT INTO Supplies(SupplierID,PartID,ProjectID,Date,Quantity,Price) VALUES (105006,110525,103028,'2020-03-15',59,33562);
INSERT INTO Supplies(SupplierID,PartID,ProjectID,Date,Quantity,Price) VALUES (105024,110222,103008,'2020-07-08',67,46693);
INSERT INTO Supplies(SupplierID,PartID,ProjectID,Date,Quantity,Price) VALUES (105038,110528,103029,'2020-12-21',28,8854);
INSERT INTO Supplies(SupplierID,PartID,ProjectID,Date,Quantity,Price) VALUES (105041,110212,103053,'2019-10-09',32,26350);
INSERT INTO Supplies(SupplierID,PartID,ProjectID,Date,Quantity,Price) VALUES (105044,110068,103035,'2021-10-24',46,37080);
INSERT INTO Supplies(SupplierID,PartID,ProjectID,Date,Quantity,Price) VALUES (105001,110494,103046,'2021-10-06',52,2839);
INSERT INTO Supplies(SupplierID,PartID,ProjectID,Date,Quantity,Price) VALUES (105021,110239,103043,'2019-03-03',90,3083);
INSERT INTO Supplies(SupplierID,PartID,ProjectID,Date,Quantity,Price) VALUES (105019,110543,103004,'2020-11-11',73,21363);
INSERT INTO Supplies(SupplierID,PartID,ProjectID,Date,Quantity,Price) VALUES (105010,110323,103032,'2019-10-14',99,42423);
INSERT INTO Supplies(SupplierID,PartID,ProjectID,Date,Quantity,Price) VALUES (105001,110128,103001,'2019-02-25',81,14007);
INSERT INTO Supplies(SupplierID,PartID,ProjectID,Date,Quantity,Price) VALUES (105017,110587,103049,'2022-10-14',12,44386);
INSERT INTO Supplies(SupplierID,PartID,ProjectID,Date,Quantity,Price) VALUES (105021,110146,103045,'2019-04-28',67,38908);
INSERT INTO Supplies(SupplierID,PartID,ProjectID,Date,Quantity,Price) VALUES (105041,110150,103027,'2021-01-01',81,10388);
INSERT INTO Supplies(SupplierID,PartID,ProjectID,Date,Quantity,Price) VALUES (105030,110013,103002,'2020-09-18',53,10762);
INSERT INTO Supplies(SupplierID,PartID,ProjectID,Date,Quantity,Price) VALUES (105023,110565,103020,'2020-08-09',45,48811);
INSERT INTO Supplies(SupplierID,PartID,ProjectID,Date,Quantity,Price) VALUES (105011,110481,103015,'2019-01-12',18,44078);
INSERT INTO Supplies(SupplierID,PartID,ProjectID,Date,Quantity,Price) VALUES (105022,110464,103046,'2022-06-06',87,35076);
INSERT INTO Supplies(SupplierID,PartID,ProjectID,Date,Quantity,Price) VALUES (105020,110159,103025,'2020-08-28',66,26217);
INSERT INTO Supplies(SupplierID,PartID,ProjectID,Date,Quantity,Price) VALUES (105045,110011,103038,'2019-12-02',17,30643);
INSERT INTO Supplies(SupplierID,PartID,ProjectID,Date,Quantity,Price) VALUES (105047,110137,103053,'2021-11-12',79,17222);
INSERT INTO Supplies(SupplierID,PartID,ProjectID,Date,Quantity,Price) VALUES (105017,110321,103056,'2021-09-14',63,39731);
INSERT INTO Supplies(SupplierID,PartID,ProjectID,Date,Quantity,Price) VALUES (105044,110190,103041,'2021-05-13',46,2628);
INSERT INTO Supplies(SupplierID,PartID,ProjectID,Date,Quantity,Price) VALUES (105002,110493,103025,'2019-11-23',81,45487);
INSERT INTO Supplies(SupplierID,PartID,ProjectID,Date,Quantity,Price) VALUES (105021,110406,103018,'2020-08-16',74,18629);
INSERT INTO Supplies(SupplierID,PartID,ProjectID,Date,Quantity,Price) VALUES (105026,110258,103042,'2020-05-18',49,31402);
INSERT INTO Supplies(SupplierID,PartID,ProjectID,Date,Quantity,Price) VALUES (105038,110049,103003,'2020-12-16',30,12313);
INSERT INTO Supplies(SupplierID,PartID,ProjectID,Date,Quantity,Price) VALUES (105010,110466,103034,'2021-08-27',85,34442);
INSERT INTO Supplies(SupplierID,PartID,ProjectID,Date,Quantity,Price) VALUES (105032,110481,103013,'2019-04-07',56,17792);
INSERT INTO Supplies(SupplierID,PartID,ProjectID,Date,Quantity,Price) VALUES (105005,110548,103052,'2019-10-16',38,34338);
INSERT INTO Supplies(SupplierID,PartID,ProjectID,Date,Quantity,Price) VALUES (105031,110342,103007,'2022-04-02',56,16195);
INSERT INTO Supplies(SupplierID,PartID,ProjectID,Date,Quantity,Price) VALUES (105013,110301,103003,'2021-06-10',58,23371);
INSERT INTO Supplies(SupplierID,PartID,ProjectID,Date,Quantity,Price) VALUES (105036,110031,103005,'2022-07-08',66,43224);
INSERT INTO Supplies(SupplierID,PartID,ProjectID,Date,Quantity,Price) VALUES (105040,110055,103028,'2021-09-17',80,38068);
INSERT INTO Supplies(SupplierID,PartID,ProjectID,Date,Quantity,Price) VALUES (105050,110002,103018,'2019-11-19',11,22512);
INSERT INTO Supplies(SupplierID,PartID,ProjectID,Date,Quantity,Price) VALUES (105031,110085,103026,'2022-10-13',1,16399);
INSERT INTO Supplies(SupplierID,PartID,ProjectID,Date,Quantity,Price) VALUES (105015,110089,103030,'2020-09-20',76,44922);
INSERT INTO Supplies(SupplierID,PartID,ProjectID,Date,Quantity,Price) VALUES (105009,110185,103006,'2020-12-04',13,6465);
INSERT INTO Supplies(SupplierID,PartID,ProjectID,Date,Quantity,Price) VALUES (105007,110593,103049,'2022-02-08',91,18176);
INSERT INTO Supplies(SupplierID,PartID,ProjectID,Date,Quantity,Price) VALUES (105023,110473,103060,'2022-09-10',58,4982);
INSERT INTO Supplies(SupplierID,PartID,ProjectID,Date,Quantity,Price) VALUES (105025,110490,103051,'2021-02-07',42,21728);
INSERT INTO Supplies(SupplierID,PartID,ProjectID,Date,Quantity,Price) VALUES (105006,110005,103053,'2019-07-15',89,49465);
INSERT INTO Supplies(SupplierID,PartID,ProjectID,Date,Quantity,Price) VALUES (105036,110042,103007,'2022-10-14',62,36506);
INSERT INTO Supplies(SupplierID,PartID,ProjectID,Date,Quantity,Price) VALUES (105050,110570,103038,'2022-01-30',7,31231);
INSERT INTO Supplies(SupplierID,PartID,ProjectID,Date,Quantity,Price) VALUES (105039,110199,103008,'2020-03-08',19,23537);
INSERT INTO Supplies(SupplierID,PartID,ProjectID,Date,Quantity,Price) VALUES (105001,110124,103049,'2021-07-24',15,30316);
INSERT INTO Supplies(SupplierID,PartID,ProjectID,Date,Quantity,Price) VALUES (105049,110548,103043,'2021-01-27',50,19395);
INSERT INTO Supplies(SupplierID,PartID,ProjectID,Date,Quantity,Price) VALUES (105043,110224,103053,'2022-11-25',100,21750);
INSERT INTO Supplies(SupplierID,PartID,ProjectID,Date,Quantity,Price) VALUES (105050,110587,103004,'2020-10-29',90,45092);
INSERT INTO Supplies(SupplierID,PartID,ProjectID,Date,Quantity,Price) VALUES (105044,110214,103009,'2019-07-26',86,11470);
INSERT INTO Supplies(SupplierID,PartID,ProjectID,Date,Quantity,Price) VALUES (105002,110184,103047,'2019-04-24',19,31957);
INSERT INTO Supplies(SupplierID,PartID,ProjectID,Date,Quantity,Price) VALUES (105016,110018,103055,'2019-05-30',19,23975);
INSERT INTO Supplies(SupplierID,PartID,ProjectID,Date,Quantity,Price) VALUES (105007,110243,103031,'2019-09-23',72,45050);
INSERT INTO Supplies(SupplierID,PartID,ProjectID,Date,Quantity,Price) VALUES (105031,110137,103045,'2020-06-06',71,41199);
INSERT INTO Supplies(SupplierID,PartID,ProjectID,Date,Quantity,Price) VALUES (105015,110121,103025,'2021-06-05',9,38699);
INSERT INTO Supplies(SupplierID,PartID,ProjectID,Date,Quantity,Price) VALUES (105034,110184,103030,'2018-12-17',41,18068);
INSERT INTO Supplies(SupplierID,PartID,ProjectID,Date,Quantity,Price) VALUES (105009,110102,103007,'2020-08-15',18,10507);
INSERT INTO Supplies(SupplierID,PartID,ProjectID,Date,Quantity,Price) VALUES (105028,110239,103036,'2022-08-07',54,6279);
INSERT INTO Supplies(SupplierID,PartID,ProjectID,Date,Quantity,Price) VALUES (105050,110464,103032,'2022-01-19',59,48253);
INSERT INTO Supplies(SupplierID,PartID,ProjectID,Date,Quantity,Price) VALUES (105035,110338,103017,'2022-11-29',44,7155);
INSERT INTO Supplies(SupplierID,PartID,ProjectID,Date,Quantity,Price) VALUES (105015,110462,103057,'2020-12-24',100,29394);
INSERT INTO Supplies(SupplierID,PartID,ProjectID,Date,Quantity,Price) VALUES (105042,110471,103047,'2022-09-22',45,45125);
INSERT INTO Supplies(SupplierID,PartID,ProjectID,Date,Quantity,Price) VALUES (105011,110447,103003,'2018-12-27',99,4380);
INSERT INTO Supplies(SupplierID,PartID,ProjectID,Date,Quantity,Price) VALUES (105012,110463,103037,'2022-08-04',59,39438);
INSERT INTO Supplies(SupplierID,PartID,ProjectID,Date,Quantity,Price) VALUES (105038,110255,103025,'2022-04-11',44,34278);
INSERT INTO Supplies(SupplierID,PartID,ProjectID,Date,Quantity,Price) VALUES (105023,110544,103029,'2022-04-21',42,11811);
INSERT INTO Supplies(SupplierID,PartID,ProjectID,Date,Quantity,Price) VALUES (105037,110007,103045,'2022-10-13',8,40813);
INSERT INTO Supplies(SupplierID,PartID,ProjectID,Date,Quantity,Price) VALUES (105039,110468,103040,'2020-12-11',26,41751);
INSERT INTO Supplies(SupplierID,PartID,ProjectID,Date,Quantity,Price) VALUES (105045,110414,103041,'2021-02-10',82,22091);
INSERT INTO Supplies(SupplierID,PartID,ProjectID,Date,Quantity,Price) VALUES (105050,110542,103031,'2020-06-21',22,21922);
INSERT INTO Supplies(SupplierID,PartID,ProjectID,Date,Quantity,Price) VALUES (105015,110016,103049,'2022-01-25',86,36328);
INSERT INTO Supplies(SupplierID,PartID,ProjectID,Date,Quantity,Price) VALUES (105048,110205,103024,'2020-07-28',58,9580);
INSERT INTO Supplies(SupplierID,PartID,ProjectID,Date,Quantity,Price) VALUES (105033,110492,103043,'2022-11-12',66,39266);
INSERT INTO Supplies(SupplierID,PartID,ProjectID,Date,Quantity,Price) VALUES (105010,110239,103047,'2022-11-23',71,48233);
INSERT INTO Supplies(SupplierID,PartID,ProjectID,Date,Quantity,Price) VALUES (105021,110334,103048,'2021-04-11',33,37212);
INSERT INTO Supplies(SupplierID,PartID,ProjectID,Date,Quantity,Price) VALUES (105008,110249,103014,'2019-10-16',94,43399);
INSERT INTO Supplies(SupplierID,PartID,ProjectID,Date,Quantity,Price) VALUES (105017,110254,103056,'2022-02-27',5,21743);
INSERT INTO Supplies(SupplierID,PartID,ProjectID,Date,Quantity,Price) VALUES (105020,110484,103019,'2022-12-01',8,13509);
INSERT INTO Supplies(SupplierID,PartID,ProjectID,Date,Quantity,Price) VALUES (105035,110273,103010,'2019-07-13',26,39684);
INSERT INTO Supplies(SupplierID,PartID,ProjectID,Date,Quantity,Price) VALUES (105040,110598,103002,'2022-10-13',22,26637);
INSERT INTO Supplies(SupplierID,PartID,ProjectID,Date,Quantity,Price) VALUES (105007,110335,103017,'2020-12-19',89,15645);
INSERT INTO Supplies(SupplierID,PartID,ProjectID,Date,Quantity,Price) VALUES (105028,110098,103004,'2020-10-15',68,26082);
INSERT INTO Supplies(SupplierID,PartID,ProjectID,Date,Quantity,Price) VALUES (105020,110462,103051,'2021-02-08',56,14719);
INSERT INTO Supplies(SupplierID,PartID,ProjectID,Date,Quantity,Price) VALUES (105036,110394,103037,'2019-11-28',83,29452);
INSERT INTO Supplies(SupplierID,PartID,ProjectID,Date,Quantity,Price) VALUES (105008,110393,103009,'2022-01-02',40,33294);
INSERT INTO Supplies(SupplierID,PartID,ProjectID,Date,Quantity,Price) VALUES (105038,110117,103038,'2020-07-03',98,7790);
INSERT INTO Supplies(SupplierID,PartID,ProjectID,Date,Quantity,Price) VALUES (105030,110312,103050,'2021-12-08',60,8883);
INSERT INTO Supplies(SupplierID,PartID,ProjectID,Date,Quantity,Price) VALUES (105015,110011,103060,'2021-08-17',76,7304);

INSERT INTO With(AID,GNumber,PID,Date,Hour) VALUES (104333,1006,103027,'2020-04-18','2020-04-18 05:44:44');
INSERT INTO With(AID,GNumber,PID,Date,Hour) VALUES (104497,1028,103005,'2020-03-15','2020-03-15 12:44:47');
INSERT INTO With(AID,GNumber,PID,Date,Hour) VALUES (104147,1015,103045,'2022-08-12','2022-08-12 11:54:29');
INSERT INTO With(AID,GNumber,PID,Date,Hour) VALUES (104472,1005,103036,'2020-04-03','2020-04-03 09:17:44');
INSERT INTO With(AID,GNumber,PID,Date,Hour) VALUES (104450,1024,103031,'2022-08-05','2022-08-05 09:06:07');
INSERT INTO With(AID,GNumber,PID,Date,Hour) VALUES (104311,1025,103008,'2019-05-21','2019-05-21 17:40:00');
INSERT INTO With(AID,GNumber,PID,Date,Hour) VALUES (104053,1010,103024,'2020-09-30','2020-09-30 09:44:33');
INSERT INTO With(AID,GNumber,PID,Date,Hour) VALUES (104126,1007,103038,'2018-12-17','2018-12-17 21:58:02');
INSERT INTO With(AID,GNumber,PID,Date,Hour) VALUES (104241,1016,103046,'2019-03-16','2019-03-16 12:55:25');
INSERT INTO With(AID,GNumber,PID,Date,Hour) VALUES (104228,1029,103025,'2019-05-07','2019-05-07 22:40:10');
INSERT INTO With(AID,GNumber,PID,Date,Hour) VALUES (104247,1024,103031,'2019-09-15','2019-09-15 11:23:24');
INSERT INTO With(AID,GNumber,PID,Date,Hour) VALUES (104396,1008,103017,'2020-03-31','2020-03-31 19:59:41');
INSERT INTO With(AID,GNumber,PID,Date,Hour) VALUES (104152,1003,103005,'2021-09-10','2021-09-10 09:03:16');
INSERT INTO With(AID,GNumber,PID,Date,Hour) VALUES (104077,1029,103025,'2019-08-02','2019-08-02 09:34:26');
INSERT INTO With(AID,GNumber,PID,Date,Hour) VALUES (104480,1006,103027,'2019-12-09','2019-12-09 10:23:51');
INSERT INTO With(AID,GNumber,PID,Date,Hour) VALUES (104474,1012,103060,'2019-05-25','2019-05-25 09:06:03');
INSERT INTO With(AID,GNumber,PID,Date,Hour) VALUES (104016,1001,103047,'2021-07-21','2021-07-21 12:19:55');
INSERT INTO With(AID,GNumber,PID,Date,Hour) VALUES (104033,1019,103031,'2022-04-07','2022-04-07 15:09:09');
INSERT INTO With(AID,GNumber,PID,Date,Hour) VALUES (104081,1015,103045,'2020-05-14','2020-05-14 21:49:06');
INSERT INTO With(AID,GNumber,PID,Date,Hour) VALUES (104012,1016,103046,'2022-01-08','2022-01-08 09:04:23');
INSERT INTO With(AID,GNumber,PID,Date,Hour) VALUES (104419,1008,103017,'2021-08-31','2021-08-31 12:16:34');
INSERT INTO With(AID,GNumber,PID,Date,Hour) VALUES (104382,1026,103048,'2021-02-22','2021-02-22 14:33:41');
INSERT INTO With(AID,GNumber,PID,Date,Hour) VALUES (104437,1019,103031,'2020-07-10','2020-07-10 09:46:11');
INSERT INTO With(AID,GNumber,PID,Date,Hour) VALUES (104141,1029,103025,'2022-03-08','2022-03-08 09:14:05');
INSERT INTO With(AID,GNumber,PID,Date,Hour) VALUES (104305,1027,103049,'2020-03-23','2020-03-23 09:16:25');
INSERT INTO With(AID,GNumber,PID,Date,Hour) VALUES (104191,1008,103017,'2022-04-29','2022-04-29 14:54:53');
INSERT INTO With(AID,GNumber,PID,Date,Hour) VALUES (104488,1006,103027,'2022-01-22','2022-01-22 09:35:38');
INSERT INTO With(AID,GNumber,PID,Date,Hour) VALUES (104132,1021,103015,'2021-06-02','2021-06-02 17:29:40');
INSERT INTO With(AID,GNumber,PID,Date,Hour) VALUES (104266,1018,103022,'2019-09-28','2019-09-28 09:33:15');
INSERT INTO With(AID,GNumber,PID,Date,Hour) VALUES (104126,1030,103003,'2020-03-27','2020-03-27 21:06:56');
INSERT INTO With(AID,GNumber,PID,Date,Hour) VALUES (104098,1015,103045,'2019-04-25','2019-04-25 09:06:08');
INSERT INTO With(AID,GNumber,PID,Date,Hour) VALUES (104492,1020,103023,'2021-12-05','2021-12-05 18:22:26');
INSERT INTO With(AID,GNumber,PID,Date,Hour) VALUES (104168,1018,103022,'2021-01-09','2021-01-09 14:29:43');
INSERT INTO With(AID,GNumber,PID,Date,Hour) VALUES (104306,1010,103024,'2019-02-21','2019-02-21 18:26:37');
INSERT INTO With(AID,GNumber,PID,Date,Hour) VALUES (104484,1017,103034,'2021-03-30','2021-03-30 18:36:07');
INSERT INTO With(AID,GNumber,PID,Date,Hour) VALUES (104178,1017,103034,'2020-03-12','2020-03-12 09:03:58');
INSERT INTO With(AID,GNumber,PID,Date,Hour) VALUES (104486,1029,103025,'2021-08-26','2021-08-26 10:52:13');
INSERT INTO With(AID,GNumber,PID,Date,Hour) VALUES (104059,1018,103022,'2018-12-22','2018-12-22 22:27:32');
INSERT INTO With(AID,GNumber,PID,Date,Hour) VALUES (104144,1010,103024,'2022-06-10','2022-06-10 09:13:19');
INSERT INTO With(AID,GNumber,PID,Date,Hour) VALUES (104203,1028,103005,'2021-10-24','2021-10-24 21:32:29');
INSERT INTO With(AID,GNumber,PID,Date,Hour) VALUES (104008,1024,103031,'2021-05-30','2021-05-30 09:25:36');
INSERT INTO With(AID,GNumber,PID,Date,Hour) VALUES (104459,1023,103060,'2021-08-06','2021-08-06 09:39:55');
INSERT INTO With(AID,GNumber,PID,Date,Hour) VALUES (104281,1027,103049,'2021-06-15','2021-06-15 09:03:11');
INSERT INTO With(AID,GNumber,PID,Date,Hour) VALUES (104448,1003,103005,'2020-05-23','2020-05-23 22:14:28');
INSERT INTO With(AID,GNumber,PID,Date,Hour) VALUES (104310,1030,103003,'2021-03-06','2021-03-06 14:24:30');
INSERT INTO With(AID,GNumber,PID,Date,Hour) VALUES (104165,1020,103023,'2022-10-03','2022-10-03 20:23:25');
INSERT INTO With(AID,GNumber,PID,Date,Hour) VALUES (104253,1011,103043,'2021-05-23','2021-05-23 09:39:17');
INSERT INTO With(AID,GNumber,PID,Date,Hour) VALUES (104228,1026,103048,'2021-09-03','2021-09-03 09:51:01');
INSERT INTO With(AID,GNumber,PID,Date,Hour) VALUES (104114,1014,103002,'2019-01-02','2019-01-02 09:15:52');
INSERT INTO With(AID,GNumber,PID,Date,Hour) VALUES (104017,1015,103045,'2021-09-04','2021-09-04 15:48:36');
INSERT INTO With(AID,GNumber,PID,Date,Hour) VALUES (104469,1010,103024,'2020-09-14','2020-09-14 09:08:36');
INSERT INTO With(AID,GNumber,PID,Date,Hour) VALUES (104231,1015,103045,'2019-07-06','2019-07-06 15:03:20');
INSERT INTO With(AID,GNumber,PID,Date,Hour) VALUES (104081,1019,103031,'2019-07-23','2019-07-23 14:03:27');
INSERT INTO With(AID,GNumber,PID,Date,Hour) VALUES (104112,1008,103017,'2022-12-08','2022-12-08 09:01:10');
INSERT INTO With(AID,GNumber,PID,Date,Hour) VALUES (104165,1012,103060,'2021-07-27','2021-07-27 14:24:58');
INSERT INTO With(AID,GNumber,PID,Date,Hour) VALUES (104420,1030,103003,'2019-06-14','2019-06-14 09:58:48');
INSERT INTO With(AID,GNumber,PID,Date,Hour) VALUES (104204,1015,103045,'2022-02-08','2022-02-08 09:33:08');
INSERT INTO With(AID,GNumber,PID,Date,Hour) VALUES (104328,1010,103024,'2021-01-06','2021-01-06 09:07:44');
INSERT INTO With(AID,GNumber,PID,Date,Hour) VALUES (104343,1019,103031,'2022-08-30','2022-08-30 09:47:48');
INSERT INTO With(AID,GNumber,PID,Date,Hour) VALUES (104126,1014,103002,'2021-11-19','2021-11-19 13:15:00');
INSERT INTO With(AID,GNumber,PID,Date,Hour) VALUES (104151,1007,103038,'2022-10-08','2022-10-08 11:54:12');
INSERT INTO With(AID,GNumber,PID,Date,Hour) VALUES (104434,1025,103008,'2020-09-28','2020-09-28 10:13:43');
INSERT INTO With(AID,GNumber,PID,Date,Hour) VALUES (104110,1005,103036,'2021-01-01','2021-01-01 19:01:28');
INSERT INTO With(AID,GNumber,PID,Date,Hour) VALUES (104061,1017,103034,'2022-04-17','2022-04-17 09:37:07');
INSERT INTO With(AID,GNumber,PID,Date,Hour) VALUES (104450,1011,103043,'2019-07-28','2019-07-28 18:20:14');
INSERT INTO With(AID,GNumber,PID,Date,Hour) VALUES (104351,1029,103025,'2019-09-16','2019-09-16 21:47:44');
INSERT INTO With(AID,GNumber,PID,Date,Hour) VALUES (104267,1019,103031,'2021-06-08','2021-06-08 09:05:19');
INSERT INTO With(AID,GNumber,PID,Date,Hour) VALUES (104304,1013,103039,'2019-08-07','2019-08-07 09:26:24');
INSERT INTO With(AID,GNumber,PID,Date,Hour) VALUES (104136,1003,103005,'2022-11-30','2022-11-30 23:46:54');
INSERT INTO With(AID,GNumber,PID,Date,Hour) VALUES (104447,1021,103015,'2019-02-10','2019-02-10 09:14:42');
INSERT INTO With(AID,GNumber,PID,Date,Hour) VALUES (104032,1030,103003,'2021-04-10','2021-04-10 15:06:57');
INSERT INTO With(AID,GNumber,PID,Date,Hour) VALUES (104244,1018,103022,'2021-10-27','2021-10-27 09:40:29');
INSERT INTO With(AID,GNumber,PID,Date,Hour) VALUES (104044,1010,103024,'2022-06-12','2022-06-12 09:59:18');
INSERT INTO With(AID,GNumber,PID,Date,Hour) VALUES (104367,1007,103038,'2021-12-25','2021-12-25 20:14:09');
INSERT INTO With(AID,GNumber,PID,Date,Hour) VALUES (104019,1020,103023,'2019-05-08','2019-05-08 09:04:55');
INSERT INTO With(AID,GNumber,PID,Date,Hour) VALUES (104232,1024,103031,'2021-01-17','2021-01-17 22:01:31');
INSERT INTO With(AID,GNumber,PID,Date,Hour) VALUES (104077,1013,103039,'2022-01-07','2022-01-07 09:05:09');
INSERT INTO With(AID,GNumber,PID,Date,Hour) VALUES (104095,1014,103002,'2021-12-18','2021-12-18 15:54:47');
INSERT INTO With(AID,GNumber,PID,Date,Hour) VALUES (104473,1010,103024,'2021-01-11','2021-01-11 09:42:03');
INSERT INTO With(AID,GNumber,PID,Date,Hour) VALUES (104059,1002,103052,'2019-03-02','2019-03-02 12:07:14');
INSERT INTO With(AID,GNumber,PID,Date,Hour) VALUES (104236,1011,103043,'2021-07-31','2021-07-31 12:18:39');
INSERT INTO With(AID,GNumber,PID,Date,Hour) VALUES (104032,1020,103023,'2019-04-17','2019-04-17 13:39:01');
INSERT INTO With(AID,GNumber,PID,Date,Hour) VALUES (104087,1023,103060,'2019-05-15','2019-05-15 17:20:11');
INSERT INTO With(AID,GNumber,PID,Date,Hour) VALUES (104095,1025,103008,'2018-12-29','2018-12-29 09:16:23');
INSERT INTO With(AID,GNumber,PID,Date,Hour) VALUES (104062,1008,103017,'2019-05-08','2019-05-08 11:01:33');
INSERT INTO With(AID,GNumber,PID,Date,Hour) VALUES (104239,1023,103060,'2021-05-19','2021-05-19 20:18:14');
INSERT INTO With(AID,GNumber,PID,Date,Hour) VALUES (104061,1017,103034,'2020-06-21','2020-06-21 09:47:51');
INSERT INTO With(AID,GNumber,PID,Date,Hour) VALUES (104172,1009,103034,'2022-11-20','2022-11-20 19:30:58');
INSERT INTO With(AID,GNumber,PID,Date,Hour) VALUES (104173,1030,103003,'2019-12-30','2019-12-30 23:57:23');
INSERT INTO With(AID,GNumber,PID,Date,Hour) VALUES (104468,1012,103060,'2021-09-11','2021-09-11 22:24:55');
INSERT INTO With(AID,GNumber,PID,Date,Hour) VALUES (104304,1008,103017,'2022-08-15','2022-08-15 17:39:17');
INSERT INTO With(AID,GNumber,PID,Date,Hour) VALUES (104228,1001,103047,'2022-12-03','2022-12-03 14:35:46');
INSERT INTO With(AID,GNumber,PID,Date,Hour) VALUES (104279,1015,103045,'2021-01-19','2021-01-19 18:44:04');
INSERT INTO With(AID,GNumber,PID,Date,Hour) VALUES (104164,1021,103015,'2020-09-10','2020-09-10 09:14:23');
INSERT INTO With(AID,GNumber,PID,Date,Hour) VALUES (104109,1003,103005,'2022-07-30','2022-07-30 09:11:06');
INSERT INTO With(AID,GNumber,PID,Date,Hour) VALUES (104391,1020,103023,'2020-12-03','2020-12-03 09:05:19');
INSERT INTO With(AID,GNumber,PID,Date,Hour) VALUES (104373,1030,103003,'2019-10-24','2019-10-24 09:02:42');
INSERT INTO With(AID,GNumber,PID,Date,Hour) VALUES (104419,1006,103027,'2020-01-04','2020-01-04 22:20:59');
INSERT INTO With(AID,GNumber,PID,Date,Hour) VALUES (104336,1025,103008,'2019-11-11','2019-11-11 09:12:56');
INSERT INTO With(AID,GNumber,PID,Date,Hour) VALUES (104458,1003,103005,'2022-11-20','2022-11-20 09:36:22');

INSERT INTO Role(MID,AID,ARole) VALUES (101197,104143,'Member');
INSERT INTO Role(MID,AID,ARole) VALUES (101070,104333,'Member');
INSERT INTO Role(MID,AID,ARole) VALUES (101154,104008,'Captain');
INSERT INTO Role(MID,AID,ARole) VALUES (101028,104090,'Supporter');
INSERT INTO Role(MID,AID,ARole) VALUES (101281,104096,'Member');
INSERT INTO Role(MID,AID,ARole) VALUES (101148,104474,'Member');
INSERT INTO Role(MID,AID,ARole) VALUES (101069,104120,'Captain');
INSERT INTO Role(MID,AID,ARole) VALUES (101213,104183,'Captain');
INSERT INTO Role(MID,AID,ARole) VALUES (101043,104379,'Member');
INSERT INTO Role(MID,AID,ARole) VALUES (101143,104324,'Captain');
INSERT INTO Role(MID,AID,ARole) VALUES (101082,104172,'Captain');
INSERT INTO Role(MID,AID,ARole) VALUES (101198,104043,'Captain');
INSERT INTO Role(MID,AID,ARole) VALUES (101221,104401,'Supporter');
INSERT INTO Role(MID,AID,ARole) VALUES (101305,104143,'Supporter');
INSERT INTO Role(MID,AID,ARole) VALUES (101126,104234,'Supporter');
INSERT INTO Role(MID,AID,ARole) VALUES (101100,104190,'Supporter');
INSERT INTO Role(MID,AID,ARole) VALUES (101016,104486,'Captain');
INSERT INTO Role(MID,AID,ARole) VALUES (101332,104452,'Member');
INSERT INTO Role(MID,AID,ARole) VALUES (101028,104090,'Captain');
INSERT INTO Role(MID,AID,ARole) VALUES (101069,104164,'Captain');
INSERT INTO Role(MID,AID,ARole) VALUES (101256,104134,'Captain');
INSERT INTO Role(MID,AID,ARole) VALUES (101017,104243,'Captain');
INSERT INTO Role(MID,AID,ARole) VALUES (101143,104324,'Supporter');
INSERT INTO Role(MID,AID,ARole) VALUES (101153,104243,'Supporter');
INSERT INTO Role(MID,AID,ARole) VALUES (101229,104465,'Member');
INSERT INTO Role(MID,AID,ARole) VALUES (101082,104172,'Member');
INSERT INTO Role(MID,AID,ARole) VALUES (101229,104339,'Supporter');
INSERT INTO Role(MID,AID,ARole) VALUES (101283,104322,'Captain');
INSERT INTO Role(MID,AID,ARole) VALUES (101028,104143,'Member');
INSERT INTO Role(MID,AID,ARole) VALUES (101136,104415,'Supporter');
INSERT INTO Role(MID,AID,ARole) VALUES (101154,104112,'Supporter');
INSERT INTO Role(MID,AID,ARole) VALUES (101129,104479,'Member');
INSERT INTO Role(MID,AID,ARole) VALUES (101243,104342,'Member');
INSERT INTO Role(MID,AID,ARole) VALUES (101332,104452,'Supporter');
INSERT INTO Role(MID,AID,ARole) VALUES (101325,104035,'Captain');
INSERT INTO Role(MID,AID,ARole) VALUES (101112,104290,'Member');
INSERT INTO Role(MID,AID,ARole) VALUES (101028,104090,'Captain');
INSERT INTO Role(MID,AID,ARole) VALUES (101154,104112,'Member');
INSERT INTO Role(MID,AID,ARole) VALUES (101132,104389,'Supporter');
INSERT INTO Role(MID,AID,ARole) VALUES (101086,104033,'Captain');
INSERT INTO Role(MID,AID,ARole) VALUES (101262,104426,'Captain');
INSERT INTO Role(MID,AID,ARole) VALUES (101346,104419,'Captain');
INSERT INTO Role(MID,AID,ARole) VALUES (101129,104224,'Captain');
INSERT INTO Role(MID,AID,ARole) VALUES (101129,104479,'Captain');
INSERT INTO Role(MID,AID,ARole) VALUES (101082,104172,'Supporter');
INSERT INTO Role(MID,AID,ARole) VALUES (101060,104482,'Member');
INSERT INTO Role(MID,AID,ARole) VALUES (101043,104379,'Captain');
INSERT INTO Role(MID,AID,ARole) VALUES (101148,104474,'Supporter');
INSERT INTO Role(MID,AID,ARole) VALUES (101149,104440,'Captain');
INSERT INTO Role(MID,AID,ARole) VALUES (101256,104134,'Member');
INSERT INTO Role(MID,AID,ARole) VALUES (101267,104102,'Member');
INSERT INTO Role(MID,AID,ARole) VALUES (101019,104337,'Member');
INSERT INTO Role(MID,AID,ARole) VALUES (101346,104363,'Member');
INSERT INTO Role(MID,AID,ARole) VALUES (101154,104112,'Captain');
INSERT INTO Role(MID,AID,ARole) VALUES (101129,104224,'Member');
INSERT INTO Role(MID,AID,ARole) VALUES (101297,104010,'Captain');
INSERT INTO Role(MID,AID,ARole) VALUES (101238,104391,'Captain');
INSERT INTO Role(MID,AID,ARole) VALUES (101267,104483,'Supporter');
INSERT INTO Role(MID,AID,ARole) VALUES (101149,104440,'Supporter');
INSERT INTO Role(MID,AID,ARole) VALUES (101135,104196,'Member');
INSERT INTO Role(MID,AID,ARole) VALUES (101028,104143,'Captain');
INSERT INTO Role(MID,AID,ARole) VALUES (101191,104489,'Member');
INSERT INTO Role(MID,AID,ARole) VALUES (101193,104057,'Captain');
INSERT INTO Role(MID,AID,ARole) VALUES (101032,104170,'Supporter');
INSERT INTO Role(MID,AID,ARole) VALUES (101143,104324,'Supporter');
INSERT INTO Role(MID,AID,ARole) VALUES (101063,104163,'Supporter');
INSERT INTO Role(MID,AID,ARole) VALUES (101267,104102,'Member');
INSERT INTO Role(MID,AID,ARole) VALUES (101072,104412,'Captain');
INSERT INTO Role(MID,AID,ARole) VALUES (101153,104455,'Captain');
INSERT INTO Role(MID,AID,ARole) VALUES (101256,104134,'Supporter');
INSERT INTO Role(MID,AID,ARole) VALUES (101012,104105,'Captain');
INSERT INTO Role(MID,AID,ARole) VALUES (101100,104190,'Captain');
INSERT INTO Role(MID,AID,ARole) VALUES (101112,104290,'Supporter');
INSERT INTO Role(MID,AID,ARole) VALUES (101014,104384,'Member');
INSERT INTO Role(MID,AID,ARole) VALUES (101301,104279,'Member');
INSERT INTO Role(MID,AID,ARole) VALUES (101197,104115,'Supporter');
INSERT INTO Role(MID,AID,ARole) VALUES (101316,104420,'Captain');
INSERT INTO Role(MID,AID,ARole) VALUES (101177,104445,'Member');
INSERT INTO Role(MID,AID,ARole) VALUES (101154,104008,'Captain');
INSERT INTO Role(MID,AID,ARole) VALUES (101117,104366,'Member');
INSERT INTO Role(MID,AID,ARole) VALUES (101135,104196,'Member');
INSERT INTO Role(MID,AID,ARole) VALUES (101117,104366,'Member');
INSERT INTO Role(MID,AID,ARole) VALUES (101281,104096,'Captain');
INSERT INTO Role(MID,AID,ARole) VALUES (101346,104419,'Captain');
INSERT INTO Role(MID,AID,ARole) VALUES (101123,104439,'Supporter');
INSERT INTO Role(MID,AID,ARole) VALUES (101198,104043,'Captain');
INSERT INTO Role(MID,AID,ARole) VALUES (101136,104415,'Captain');
INSERT INTO Role(MID,AID,ARole) VALUES (101291,104201,'Supporter');
INSERT INTO Role(MID,AID,ARole) VALUES (101314,104140,'Member');
INSERT INTO Role(MID,AID,ARole) VALUES (101256,104134,'Captain');
INSERT INTO Role(MID,AID,ARole) VALUES (101129,104224,'Supporter');
INSERT INTO Role(MID,AID,ARole) VALUES (101316,104420,'Supporter');
INSERT INTO Role(MID,AID,ARole) VALUES (101143,104324,'Supporter');
INSERT INTO Role(MID,AID,ARole) VALUES (101050,104328,'Member');
INSERT INTO Role(MID,AID,ARole) VALUES (101112,104290,'Captain');
INSERT INTO Role(MID,AID,ARole) VALUES (101138,104178,'Captain');
INSERT INTO Role(MID,AID,ARole) VALUES (101111,104362,'Supporter');
INSERT INTO Role(MID,AID,ARole) VALUES (101050,104328,'Supporter');
INSERT INTO Role(MID,AID,ARole) VALUES (101028,104090,'Supporter');
INSERT INTO Role(MID,AID,ARole) VALUES (101197,104143,'Captain');

INSERT INTO Period(ID,GNumber,PID,APeriod) VALUES (100082,1005,103036,'Third');
INSERT INTO Period(ID,GNumber,PID,APeriod) VALUES (100145,1007,103038,'Third');
INSERT INTO Period(ID,GNumber,PID,APeriod) VALUES (100121,1024,103031,'First');
INSERT INTO Period(ID,GNumber,PID,APeriod) VALUES (100281,1004,103026,'First');
INSERT INTO Period(ID,GNumber,PID,APeriod) VALUES (100126,1014,103002,'Second');
INSERT INTO Period(ID,GNumber,PID,APeriod) VALUES (100248,1010,103024,'Sixth');
INSERT INTO Period(ID,GNumber,PID,APeriod) VALUES (100065,1012,103060,'Sixth');
INSERT INTO Period(ID,GNumber,PID,APeriod) VALUES (100089,1008,103017,'Third');
INSERT INTO Period(ID,GNumber,PID,APeriod) VALUES (100050,1029,103025,'Third');
INSERT INTO Period(ID,GNumber,PID,APeriod) VALUES (100195,1026,103048,'Fourth');
INSERT INTO Period(ID,GNumber,PID,APeriod) VALUES (100189,1008,103017,'Sixth');
INSERT INTO Period(ID,GNumber,PID,APeriod) VALUES (100199,1018,103022,'First');
INSERT INTO Period(ID,GNumber,PID,APeriod) VALUES (100296,1023,103060,'Sixth');
INSERT INTO Period(ID,GNumber,PID,APeriod) VALUES (100007,1004,103026,'Fourth');
INSERT INTO Period(ID,GNumber,PID,APeriod) VALUES (100082,1007,103038,'Second');
INSERT INTO Period(ID,GNumber,PID,APeriod) VALUES (100258,1020,103023,'Third');
INSERT INTO Period(ID,GNumber,PID,APeriod) VALUES (100071,1029,103025,'Second');
INSERT INTO Period(ID,GNumber,PID,APeriod) VALUES (100098,1014,103002,'Third');
INSERT INTO Period(ID,GNumber,PID,APeriod) VALUES (100195,1026,103048,'First');
INSERT INTO Period(ID,GNumber,PID,APeriod) VALUES (100145,1016,103046,'First');
INSERT INTO Period(ID,GNumber,PID,APeriod) VALUES (100254,1006,103027,'Fifth');
INSERT INTO Period(ID,GNumber,PID,APeriod) VALUES (100219,1029,103025,'Fifth');
INSERT INTO Period(ID,GNumber,PID,APeriod) VALUES (100107,1024,103031,'First');
INSERT INTO Period(ID,GNumber,PID,APeriod) VALUES (100010,1008,103017,'Sixth');
INSERT INTO Period(ID,GNumber,PID,APeriod) VALUES (100038,1019,103031,'Fourth');
INSERT INTO Period(ID,GNumber,PID,APeriod) VALUES (100219,1012,103060,'Fourth');
INSERT INTO Period(ID,GNumber,PID,APeriod) VALUES (100254,1006,103027,'Fourth');
INSERT INTO Period(ID,GNumber,PID,APeriod) VALUES (100218,1027,103049,'Fifth');
INSERT INTO Period(ID,GNumber,PID,APeriod) VALUES (100019,1008,103017,'Second');
INSERT INTO Period(ID,GNumber,PID,APeriod) VALUES (100068,1002,103052,'Third');
INSERT INTO Period(ID,GNumber,PID,APeriod) VALUES (100068,1002,103052,'Fifth');
INSERT INTO Period(ID,GNumber,PID,APeriod) VALUES (100218,1027,103049,'Sixth');
INSERT INTO Period(ID,GNumber,PID,APeriod) VALUES (100281,1004,103026,'Third');
INSERT INTO Period(ID,GNumber,PID,APeriod) VALUES (100212,1019,103031,'Fourth');
INSERT INTO Period(ID,GNumber,PID,APeriod) VALUES (100023,1024,103031,'Fifth');
INSERT INTO Period(ID,GNumber,PID,APeriod) VALUES (100277,1002,103052,'Third');
INSERT INTO Period(ID,GNumber,PID,APeriod) VALUES (100212,1019,103031,'Fifth');
INSERT INTO Period(ID,GNumber,PID,APeriod) VALUES (100170,1026,103048,'Sixth');
INSERT INTO Period(ID,GNumber,PID,APeriod) VALUES (100189,1008,103017,'Second');
INSERT INTO Period(ID,GNumber,PID,APeriod) VALUES (100010,1008,103017,'Second');
INSERT INTO Period(ID,GNumber,PID,APeriod) VALUES (100099,1005,103036,'First');
INSERT INTO Period(ID,GNumber,PID,APeriod) VALUES (100183,1007,103038,'Second');
INSERT INTO Period(ID,GNumber,PID,APeriod) VALUES (100151,1022,103037,'First');
INSERT INTO Period(ID,GNumber,PID,APeriod) VALUES (100227,1012,103060,'Third');
INSERT INTO Period(ID,GNumber,PID,APeriod) VALUES (100144,1013,103039,'Sixth');
INSERT INTO Period(ID,GNumber,PID,APeriod) VALUES (100226,1017,103034,'Third');
INSERT INTO Period(ID,GNumber,PID,APeriod) VALUES (100129,1006,103027,'Sixth');
INSERT INTO Period(ID,GNumber,PID,APeriod) VALUES (100281,1004,103026,'Third');
INSERT INTO Period(ID,GNumber,PID,APeriod) VALUES (100220,1030,103003,'First');
INSERT INTO Period(ID,GNumber,PID,APeriod) VALUES (100186,1023,103060,'Sixth');
INSERT INTO Period(ID,GNumber,PID,APeriod) VALUES (100195,1006,103027,'First');
INSERT INTO Period(ID,GNumber,PID,APeriod) VALUES (100186,1023,103060,'Third');
INSERT INTO Period(ID,GNumber,PID,APeriod) VALUES (100268,1006,103027,'Sixth');
INSERT INTO Period(ID,GNumber,PID,APeriod) VALUES (100145,1016,103046,'Sixth');
INSERT INTO Period(ID,GNumber,PID,APeriod) VALUES (100005,1020,103023,'First');
INSERT INTO Period(ID,GNumber,PID,APeriod) VALUES (100098,1014,103002,'Third');
INSERT INTO Period(ID,GNumber,PID,APeriod) VALUES (100068,1002,103052,'Fourth');
INSERT INTO Period(ID,GNumber,PID,APeriod) VALUES (100107,1024,103031,'First');
INSERT INTO Period(ID,GNumber,PID,APeriod) VALUES (100007,1004,103026,'Third');
INSERT INTO Period(ID,GNumber,PID,APeriod) VALUES (100038,1019,103031,'Fifth');
INSERT INTO Period(ID,GNumber,PID,APeriod) VALUES (100091,1025,103008,'Fourth');
INSERT INTO Period(ID,GNumber,PID,APeriod) VALUES (100126,1014,103002,'Second');
INSERT INTO Period(ID,GNumber,PID,APeriod) VALUES (100248,1010,103024,'Second');
INSERT INTO Period(ID,GNumber,PID,APeriod) VALUES (100250,1020,103023,'Third');
INSERT INTO Period(ID,GNumber,PID,APeriod) VALUES (100071,1029,103025,'Second');
INSERT INTO Period(ID,GNumber,PID,APeriod) VALUES (100111,1011,103043,'Sixth');
INSERT INTO Period(ID,GNumber,PID,APeriod) VALUES (100019,1008,103017,'Fifth');
INSERT INTO Period(ID,GNumber,PID,APeriod) VALUES (100050,1029,103025,'Fifth');
INSERT INTO Period(ID,GNumber,PID,APeriod) VALUES (100107,1024,103031,'Fourth');
INSERT INTO Period(ID,GNumber,PID,APeriod) VALUES (100098,1014,103002,'Fifth');
INSERT INTO Period(ID,GNumber,PID,APeriod) VALUES (100252,1023,103060,'First');
INSERT INTO Period(ID,GNumber,PID,APeriod) VALUES (100007,1030,103003,'Third');
INSERT INTO Period(ID,GNumber,PID,APeriod) VALUES (100115,1026,103048,'First');
INSERT INTO Period(ID,GNumber,PID,APeriod) VALUES (100005,1020,103023,'Third');
INSERT INTO Period(ID,GNumber,PID,APeriod) VALUES (100219,1026,103048,'Second');
INSERT INTO Period(ID,GNumber,PID,APeriod) VALUES (100286,1019,103031,'Fifth');
INSERT INTO Period(ID,GNumber,PID,APeriod) VALUES (100268,1001,103047,'Fourth');
INSERT INTO Period(ID,GNumber,PID,APeriod) VALUES (100258,1020,103023,'Sixth');
INSERT INTO Period(ID,GNumber,PID,APeriod) VALUES (100285,1002,103052,'Third');
INSERT INTO Period(ID,GNumber,PID,APeriod) VALUES (100177,1012,103060,'Second');
INSERT INTO Period(ID,GNumber,PID,APeriod) VALUES (100226,1017,103034,'First');
INSERT INTO Period(ID,GNumber,PID,APeriod) VALUES (100086,1002,103052,'Third');
INSERT INTO Period(ID,GNumber,PID,APeriod) VALUES (100255,1010,103024,'First');
INSERT INTO Period(ID,GNumber,PID,APeriod) VALUES (100169,1001,103047,'Fifth');
INSERT INTO Period(ID,GNumber,PID,APeriod) VALUES (100277,1002,103052,'Second');
INSERT INTO Period(ID,GNumber,PID,APeriod) VALUES (100244,1029,103025,'Fifth');
INSERT INTO Period(ID,GNumber,PID,APeriod) VALUES (100111,1011,103043,'First');
INSERT INTO Period(ID,GNumber,PID,APeriod) VALUES (100133,1021,103015,'Fourth');
INSERT INTO Period(ID,GNumber,PID,APeriod) VALUES (100023,1024,103031,'Fifth');
INSERT INTO Period(ID,GNumber,PID,APeriod) VALUES (100141,1026,103048,'Fourth');
INSERT INTO Period(ID,GNumber,PID,APeriod) VALUES (100151,1022,103037,'First');
INSERT INTO Period(ID,GNumber,PID,APeriod) VALUES (100281,1022,103037,'Second');
INSERT INTO Period(ID,GNumber,PID,APeriod) VALUES (100166,1029,103025,'Third');
INSERT INTO Period(ID,GNumber,PID,APeriod) VALUES (100086,1002,103052,'First');
INSERT INTO Period(ID,GNumber,PID,APeriod) VALUES (100199,1018,103022,'First');
INSERT INTO Period(ID,GNumber,PID,APeriod) VALUES (100281,1022,103037,'Fourth');
INSERT INTO Period(ID,GNumber,PID,APeriod) VALUES (100093,1006,103027,'Third');
INSERT INTO Period(ID,GNumber,PID,APeriod) VALUES (100082,1005,103036,'Sixth');
INSERT INTO Period(ID,GNumber,PID,APeriod) VALUES (100065,1012,103060,'Fourth');
INSERT INTO Period(ID,GNumber,PID,APeriod) VALUES (100254,1006,103027,'Fifth');
